target_time,issue_time,horizon,turbine_1,turbine_2,farm_proxy,model,model_version,forecast_kind,weather_run_time_turbine_1,weather_available_at_turbine_1,weather_source_turbine_1,weather_run_time_turbine_2,weather_available_at_turbine_2,weather_source_turbine_2
2026-01-31 19:00:00+00:00,2026-01-31T18:00:00+00:00,1,0.2562291186087876,0.2642978954378953,0.2602635070233414,extra_trees_weather,a587f5347a6fc4512eec87fc,archived_forecast,2026-01-31 12:00:00+00:00,2026-01-31 18:00:00+00:00,NOAA_GFS_operational_1p00_nearest_3h_linear_uv,2026-01-31 12:00:00+00:00,2026-01-31 18:00:00+00:00,NOAA_GFS_operational_1p00_nearest_3h_linear_uv
2026-01-31 20:00:00+00:00,2026-01-31T18:00:00+00:00,2,0.2567264523711582,0.2531742908942908,0.2549503716327246,extra_trees_weather,a587f5347a6fc4512eec87fc,archived_forecast,2026-01-31 12:00:00+00:00,2026-01-31 18:00:00+00:00,NOAA_GFS_operational_1p00_nearest_3h_linear_uv,2026-01-31 12:00:00+00:00,2026-01-31 18:00:00+00:00,NOAA_GFS_operational_1p00_nearest_3h_linear_uv
2026-01-31 21:00:00+00:00,2026-01-31T18:00:00+00:00,3,0.2475700197066005,0.2612810877085876,0.254425553707594,extra_trees_weather,a587f5347a6fc4512eec87fc,archived_forecast,2026-01-31 12:00:00+00:00,2026-01-31 18:00:00+00:00,NOAA_GFS_operational_1p00_nearest_3h_linear_uv,2026-01-31 12:00:00+00:00,2026-01-31 18:00:00+00:00,NOAA_GFS_operational_1p00_nearest_3h_linear_uv
2026-01-31 22:00:00+00:00,2026-01-31T18:00:00+00:00,4,0.2448126822755131,0.2315258916315166,0.2381692869535148,extra_trees_weather,a587f5347a6fc4512eec87fc,archived_forecast,2026-01-31 12:00:00+00:00,2026-01-31 18:00:00+00:00,NOAA_GFS_operational_1p00_nearest_3h_linear_uv,2026-01-31 12:00:00+00:00,2026-01-31 18:00:00+00:00,NOAA_GFS_operational_1p00_nearest_3h_linear_uv
2026-01-31 23:00:00+00:00,2026-01-31T18:00:00+00:00,5,0.229402512237218,0.2201864453370703,0.2247944787871442,extra_trees_weather,a587f5347a6fc4512eec87fc,archived_forecast,2026-01-31 12:00:00+00:00,2026-01-31 18:00:00+00:00,NOAA_GFS_operational_1p00_nearest_3h_linear_uv,2026-01-31 12:00:00+00:00,2026-01-31 18:00:00+00:00,NOAA_GFS_operational_1p00_nearest_3h_linear_uv
2026-02-01 00:00:00+00:00,2026-01-31T18:00:00+00:00,6,0.3084562713253522,0.3155694380850629,0.3120128547052076,extra_trees_weather,a587f5347a6fc4512eec87fc,archived_forecast,2026-01-31 12:00:00+00:00,2026-01-31 18:00:00+00:00,NOAA_GFS_operational_1p00_nearest_3h_linear_uv,2026-01-31 12:00:00+00:00,2026-01-31 18:00:00+00:00,NOAA_GFS_operational_1p00_nearest_3h_linear_uv
2026-02-01 01:00:00+00:00,2026-01-31T18:00:00+00:00,7,0.3756546004730563,0.3597757776251525,0.3677151890491043,extra_trees_weather,a587f5347a6fc4512eec87fc,archived_forecast,2026-01-31 12:00:00+00:00,2026-01-31 18:00:00+00:00,NOAA_GFS_operational_1p00_nearest_3h_linear_uv,2026-01-31 12:00:00+00:00,2026-01-31 18:00:00+00:00,NOAA_GFS_operational_1p00_nearest_3h_linear_uv
2026-02-01 02:00:00+00:00,2026-01-31T18:00:00+00:00,8,0.2434090799056607,0.2379363101944352,0.240672695050048,extra_trees_weather,a587f5347a6fc4512eec87fc,archived_forecast,2026-01-31 12:00:00+00:00,2026-01-31 18:00:00+00:00,NOAA_GFS_operational_1p00_nearest_3h_linear_uv,2026-01-31 12:00:00+00:00,2026-01-31 18:00:00+00:00,NOAA_GFS_operational_1p00_nearest_3h_linear_uv
2026-02-01 03:00:00+00:00,2026-01-31T18:00:00+00:00,9,0.2598721745193802,0.2474530984524735,0.2536626364859269,extra_trees_weather,a587f5347a6fc4512eec87fc,archived_forecast,2026-01-31 12:00:00+00:00,2026-01-31 18:00:00+00:00,NOAA_GFS_operational_1p00_nearest_3h_linear_uv,2026-01-31 12:00:00+00:00,2026-01-31 18:00:00+00:00,NOAA_GFS_operational_1p00_nearest_3h_linear_uv
2026-02-01 04:00:00+00:00,2026-01-31T18:00:00+00:00,10,0.3369797593419651,0.3440543867243866,0.3405170730331759,extra_trees_weather,a587f5347a6fc4512eec87fc,archived_forecast,2026-01-31 12:00:00+00:00,2026-01-31 18:00:00+00:00,NOAA_GFS_operational_1p00_nearest_3h_linear_uv,2026-01-31 12:00:00+00:00,2026-01-31 18:00:00+00:00,NOAA_GFS_operational_1p00_nearest_3h_linear_uv
2026-02-01 05:00:00+00:00,2026-01-31T18:00:00+00:00,11,0.3693977229252228,0.4049125601141778,0.3871551415197003,extra_trees_weather,a587f5347a6fc4512eec87fc,archived_forecast,2026-01-31 12:00:00+00:00,2026-01-31 18:00:00+00:00,NOAA_GFS_operational_1p00_nearest_3h_linear_uv,2026-01-31 12:00:00+00:00,2026-01-31 18:00:00+00:00,NOAA_GFS_operational_1p00_nearest_3h_linear_uv
2026-02-01 06:00:00+00:00,2026-01-31T18:00:00+00:00,12,0.3865160598429349,0.44514298739523,0.4158295236190824,extra_trees_weather,a587f5347a6fc4512eec87fc,archived_forecast,2026-01-31 12:00:00+00:00,2026-01-31 18:00:00+00:00,NOAA_GFS_operational_1p00_nearest_3h_linear_uv,2026-01-31 12:00:00+00:00,2026-01-31 18:00:00+00:00,NOAA_GFS_operational_1p00_nearest_3h_linear_uv
2026-02-01 07:00:00+00:00,2026-01-31T18:00:00+00:00,13,0.4118179155797907,0.4604300244322669,0.4361239700060288,extra_trees_weather,a587f5347a6fc4512eec87fc,archived_forecast,2026-01-31 12:00:00+00:00,2026-01-31 18:00:00+00:00,NOAA_GFS_operational_1p00_nearest_3h_linear_uv,2026-01-31 12:00:00+00:00,2026-01-31 18:00:00+00:00,NOAA_GFS_operational_1p00_nearest_3h_linear_uv
2026-02-01 08:00:00+00:00,2026-01-31T18:00:00+00:00,14,0.4299775176443926,0.4862127952494128,0.4580951564469026,extra_trees_weather,a587f5347a6fc4512eec87fc,archived_forecast,2026-01-31 12:00:00+00:00,2026-01-31 18:00:00+00:00,NOAA_GFS_operational_1p00_nearest_3h_linear_uv,2026-01-31 12:00:00+00:00,2026-01-31 18:00:00+00:00,NOAA_GFS_operational_1p00_nearest_3h_linear_uv
2026-02-01 09:00:00+00:00,2026-01-31T18:00:00+00:00,15,0.4840941830160579,0.4989000139675139,0.4914970984917859,extra_trees_weather,a587f5347a6fc4512eec87fc,archived_forecast,2026-01-31 12:00:00+00:00,2026-01-31 18:00:00+00:00,NOAA_GFS_operational_1p00_nearest_3h_linear_uv,2026-01-31 12:00:00+00:00,2026-01-31 18:00:00+00:00,NOAA_GFS_operational_1p00_nearest_3h_linear_uv
2026-02-01 10:00:00+00:00,2026-01-31T18:00:00+00:00,16,0.4986256025456026,0.5212166064613489,0.5099211045034757,extra_trees_weather,a587f5347a6fc4512eec87fc,archived_forecast,2026-01-31 12:00:00+00:00,2026-01-31 18:00:00+00:00,NOAA_GFS_operational_1p00_nearest_3h_linear_uv,2026-01-31 12:00:00+00:00,2026-01-31 18:00:00+00:00,NOAA_GFS_operational_1p00_nearest_3h_linear_uv
2026-02-01 11:00:00+00:00,2026-01-31T18:00:00+00:00,17,0.5165327596940099,0.5576103907095082,0.537071575201759,extra_trees_weather,a587f5347a6fc4512eec87fc,archived_forecast,2026-01-31 12:00:00+00:00,2026-01-31 18:00:00+00:00,NOAA_GFS_operational_1p00_nearest_3h_linear_uv,2026-01-31 12:00:00+00:00,2026-01-31 18:00:00+00:00,NOAA_GFS_operational_1p00_nearest_3h_linear_uv
2026-02-01 12:00:00+00:00,2026-01-31T18:00:00+00:00,18,0.5731710510323009,0.5948209410388087,0.5839959960355549,extra_trees_weather,a587f5347a6fc4512eec87fc,archived_forecast,2026-01-31 12:00:00+00:00,2026-01-31 18:00:00+00:00,NOAA_GFS_operational_1p00_nearest_3h_linear_uv,2026-01-31 12:00:00+00:00,2026-01-31 18:00:00+00:00,NOAA_GFS_operational_1p00_nearest_3h_linear_uv
2026-02-01 13:00:00+00:00,2026-01-31T18:00:00+00:00,19,0.5743681602194104,0.5916885970402145,0.5830283786298124,extra_trees_weather,a587f5347a6fc4512eec87fc,archived_forecast,2026-01-31 12:00:00+00:00,2026-01-31 18:00:00+00:00,NOAA_GFS_operational_1p00_nearest_3h_linear_uv,2026-01-31 12:00:00+00:00,2026-01-31 18:00:00+00:00,NOAA_GFS_operational_1p00_nearest_3h_linear_uv
2026-02-01 14:00:00+00:00,2026-01-31T18:00:00+00:00,20,0.5688982419894922,0.5822519676048353,0.5755751047971637,extra_trees_weather,a587f5347a6fc4512eec87fc,archived_forecast,2026-01-31 12:00:00+00:00,2026-01-31 18:00:00+00:00,NOAA_GFS_operational_1p00_nearest_3h_linear_uv,2026-01-31 12:00:00+00:00,2026-01-31 18:00:00+00:00,NOAA_GFS_operational_1p00_nearest_3h_linear_uv
2026-02-01 15:00:00+00:00,2026-01-31T18:00:00+00:00,21,0.516492304585393,0.5681309030675209,0.542311603826457,extra_trees_weather,a587f5347a6fc4512eec87fc,archived_forecast,2026-01-31 12:00:00+00:00,2026-01-31 18:00:00+00:00,NOAA_GFS_operational_1p00_nearest_3h_linear_uv,2026-01-31 12:00:00+00:00,2026-01-31 18:00:00+00:00,NOAA_GFS_operational_1p00_nearest_3h_linear_uv
2026-02-01 16:00:00+00:00,2026-01-31T18:00:00+00:00,22,0.5263934092527844,0.5582586775152953,0.5423260433840398,extra_trees_weather,a587f5347a6fc4512eec87fc,archived_forecast,2026-01-31 12:00:00+00:00,2026-01-31 18:00:00+00:00,NOAA_GFS_operational_1p00_nearest_3h_linear_uv,2026-01-31 12:00:00+00:00,2026-01-31 18:00:00+00:00,NOAA_GFS_operational_1p00_nearest_3h_linear_uv
2026-02-01 17:00:00+00:00,2026-01-31T18:00:00+00:00,23,0.5326629077172828,0.4920301398601399,0.5123465237887113,extra_trees_weather,a587f5347a6fc4512eec87fc,archived_forecast,2026-01-31 12:00:00+00:00,2026-01-31 18:00:00+00:00,NOAA_GFS_operational_1p00_nearest_3h_linear_uv,2026-01-31 12:00:00+00:00,2026-01-31 18:00:00+00:00,NOAA_GFS_operational_1p00_nearest_3h_linear_uv
2026-02-01 18:00:00+00:00,2026-01-31T18:00:00+00:00,24,0.5118229678301005,0.4322057086882416,0.472014338259171,extra_trees_weather,a587f5347a6fc4512eec87fc,archived_forecast,2026-01-31 12:00:00+00:00,2026-01-31 18:00:00+00:00,NOAA_GFS_operational_1p00_nearest_3h_linear_uv,2026-01-31 12:00:00+00:00,2026-01-31 18:00:00+00:00,NOAA_GFS_operational_1p00_nearest_3h_linear_uv
2026-02-01 19:00:00+00:00,2026-01-31T18:00:00+00:00,25,0.5537467986942253,0.4798638642144891,0.5168053314543573,extra_trees_weather,a587f5347a6fc4512eec87fc,archived_forecast,2026-01-31 12:00:00+00:00,2026-01-31 18:00:00+00:00,NOAA_GFS_operational_1p00_nearest_3h_linear_uv,2026-01-31 12:00:00+00:00,2026-01-31 18:00:00+00:00,NOAA_GFS_operational_1p00_nearest_3h_linear_uv
2026-02-01 20:00:00+00:00,2026-01-31T18:00:00+00:00,26,0.5599071686415437,0.5308934154230845,0.5454002920323142,extra_trees_weather,a587f5347a6fc4512eec87fc,archived_forecast,2026-01-31 12:00:00+00:00,2026-01-31 18:00:00+00:00,NOAA_GFS_operational_1p00_nearest_3h_linear_uv,2026-01-31 12:00:00+00:00,2026-01-31 18:00:00+00:00,NOAA_GFS_operational_1p00_nearest_3h_linear_uv
2026-02-01 21:00:00+00:00,2026-01-31T18:00:00+00:00,27,0.6103103415103415,0.5564135657860659,0.5833619536482036,extra_trees_weather,a587f5347a6fc4512eec87fc,archived_forecast,2026-01-31 12:00:00+00:00,2026-01-31 18:00:00+00:00,NOAA_GFS_operational_1p00_nearest_3h_linear_uv,2026-01-31 12:00:00+00:00,2026-01-31 18:00:00+00:00,NOAA_GFS_operational_1p00_nearest_3h_linear_uv
2026-02-01 22:00:00+00:00,2026-01-31T18:00:00+00:00,28,0.5922920656426907,0.5310154513079512,0.561653758475321,extra_trees_weather,a587f5347a6fc4512eec87fc,archived_forecast,2026-01-31 12:00:00+00:00,2026-01-31 18:00:00+00:00,NOAA_GFS_operational_1p00_nearest_3h_linear_uv,2026-01-31 12:00:00+00:00,2026-01-31 18:00:00+00:00,NOAA_GFS_operational_1p00_nearest_3h_linear_uv
2026-02-01 23:00:00+00:00,2026-01-31T18:00:00+00:00,29,0.558934828897954,0.5067911713286714,0.5328630001133127,extra_trees_weather,a587f5347a6fc4512eec87fc,archived_forecast,2026-01-31 12:00:00+00:00,2026-01-31 18:00:00+00:00,NOAA_GFS_operational_1p00_nearest_3h_linear_uv,2026-01-31 12:00:00+00:00,2026-01-31 18:00:00+00:00,NOAA_GFS_operational_1p00_nearest_3h_linear_uv
2026-02-02 00:00:00+00:00,2026-01-31T18:00:00+00:00,30,0.5196673914620239,0.4306744297588375,0.4751709106104307,extra_trees_weather,a587f5347a6fc4512eec87fc,archived_forecast,2026-01-31 12:00:00+00:00,2026-01-31 18:00:00+00:00,NOAA_GFS_operational_1p00_nearest_3h_linear_uv,2026-01-31 12:00:00+00:00,2026-01-31 18:00:00+00:00,NOAA_GFS_operational_1p00_nearest_3h_linear_uv
2026-02-02 01:00:00+00:00,2026-01-31T18:00:00+00:00,31,0.5099895538557303,0.4204511828449329,0.4652203683503316,extra_trees_weather,a587f5347a6fc4512eec87fc,archived_forecast,2026-01-31 12:00:00+00:00,2026-01-31 18:00:00+00:00,NOAA_GFS_operational_1p00_nearest_3h_linear_uv,2026-01-31 12:00:00+00:00,2026-01-31 18:00:00+00:00,NOAA_GFS_operational_1p00_nearest_3h_linear_uv
2026-02-02 02:00:00+00:00,2026-01-31T18:00:00+00:00,32,0.4713966041896556,0.4379271636356562,0.4546618839126559,extra_trees_weather,a587f5347a6fc4512eec87fc,archived_forecast,2026-01-31 12:00:00+00:00,2026-01-31 18:00:00+00:00,NOAA_GFS_operational_1p00_nearest_3h_linear_uv,2026-01-31 12:00:00+00:00,2026-01-31 18:00:00+00:00,NOAA_GFS_operational_1p00_nearest_3h_linear_uv
2026-02-02 03:00:00+00:00,2026-01-31T18:00:00+00:00,33,0.4605493266224516,0.4485849178259103,0.4545671222241809,extra_trees_weather,a587f5347a6fc4512eec87fc,archived_forecast,2026-01-31 12:00:00+00:00,2026-01-31 18:00:00+00:00,NOAA_GFS_operational_1p00_nearest_3h_linear_uv,2026-01-31 12:00:00+00:00,2026-01-31 18:00:00+00:00,NOAA_GFS_operational_1p00_nearest_3h_linear_uv
2026-02-02 04:00:00+00:00,2026-01-31T18:00:00+00:00,34,0.5215374460261961,0.4995150155631404,0.5105262307946683,extra_trees_weather,a587f5347a6fc4512eec87fc,archived_forecast,2026-01-31 12:00:00+00:00,2026-01-31 18:00:00+00:00,NOAA_GFS_operational_1p00_nearest_3h_linear_uv,2026-01-31 12:00:00+00:00,2026-01-31 18:00:00+00:00,NOAA_GFS_operational_1p00_nearest_3h_linear_uv
2026-02-02 05:00:00+00:00,2026-01-31T18:00:00+00:00,35,0.5179687876937876,0.5610842103035852,0.5395264989986864,extra_trees_weather,a587f5347a6fc4512eec87fc,archived_forecast,2026-01-31 12:00:00+00:00,2026-01-31 18:00:00+00:00,NOAA_GFS_operational_1p00_nearest_3h_linear_uv,2026-01-31 12:00:00+00:00,2026-01-31 18:00:00+00:00,NOAA_GFS_operational_1p00_nearest_3h_linear_uv
2026-02-02 06:00:00+00:00,2026-01-31T18:00:00+00:00,36,0.7024651374864241,0.6556137329106078,0.679039435198516,extra_trees_weather,a587f5347a6fc4512eec87fc,archived_forecast,2026-01-31 12:00:00+00:00,2026-01-31 18:00:00+00:00,NOAA_GFS_operational_1p00_nearest_3h_linear_uv,2026-01-31 12:00:00+00:00,2026-01-31 18:00:00+00:00,NOAA_GFS_operational_1p00_nearest_3h_linear_uv
2026-02-02 07:00:00+00:00,2026-01-31T18:00:00+00:00,37,0.720973457592244,0.6731629529035777,0.6970682052479109,extra_trees_weather,a587f5347a6fc4512eec87fc,archived_forecast,2026-01-31 12:00:00+00:00,2026-01-31 18:00:00+00:00,NOAA_GFS_operational_1p00_nearest_3h_linear_uv,2026-01-31 12:00:00+00:00,2026-01-31 18:00:00+00:00,NOAA_GFS_operational_1p00_nearest_3h_linear_uv
2026-02-02 08:00:00+00:00,2026-01-31T18:00:00+00:00,38,0.7334891212804076,0.6803606988150736,0.7069249100477406,extra_trees_weather,a587f5347a6fc4512eec87fc,archived_forecast,2026-01-31 12:00:00+00:00,2026-01-31 18:00:00+00:00,NOAA_GFS_operational_1p00_nearest_3h_linear_uv,2026-01-31 12:00:00+00:00,2026-01-31 18:00:00+00:00,NOAA_GFS_operational_1p00_nearest_3h_linear_uv
2026-02-02 09:00:00+00:00,2026-01-31T18:00:00+00:00,39,0.7562284929735295,0.7034699188542938,0.7298492059139116,extra_trees_weather,a587f5347a6fc4512eec87fc,archived_forecast,2026-01-31 12:00:00+00:00,2026-01-31 18:00:00+00:00,NOAA_GFS_operational_1p00_nearest_3h_linear_uv,2026-01-31 12:00:00+00:00,2026-01-31 18:00:00+00:00,NOAA_GFS_operational_1p00_nearest_3h_linear_uv
2026-02-02 10:00:00+00:00,2026-01-31T18:00:00+00:00,40,0.6825040221434338,0.6758913099863099,0.6791976660648719,extra_trees_weather,a587f5347a6fc4512eec87fc,archived_forecast,2026-01-31 12:00:00+00:00,2026-01-31 18:00:00+00:00,NOAA_GFS_operational_1p00_nearest_3h_linear_uv,2026-01-31 12:00:00+00:00,2026-01-31 18:00:00+00:00,NOAA_GFS_operational_1p00_nearest_3h_linear_uv
2026-02-02 11:00:00+00:00,2026-01-31T18:00:00+00:00,41,0.6271465201927705,0.5880440501628001,0.6075952851777852,extra_trees_weather,a587f5347a6fc4512eec87fc,archived_forecast,2026-01-31 12:00:00+00:00,2026-01-31 18:00:00+00:00,NOAA_GFS_operational_1p00_nearest_3h_linear_uv,2026-01-31 12:00:00+00:00,2026-01-31 18:00:00+00:00,NOAA_GFS_operational_1p00_nearest_3h_linear_uv
2026-02-02 12:00:00+00:00,2026-01-31T18:00:00+00:00,42,0.5653643632212016,0.5415750018391196,0.5534696825301606,extra_trees_weather,a587f5347a6fc4512eec87fc,archived_forecast,2026-01-31 12:00:00+00:00,2026-01-31 18:00:00+00:00,NOAA_GFS_operational_1p00_nearest_3h_linear_uv,2026-01-31 12:00:00+00:00,2026-01-31 18:00:00+00:00,NOAA_GFS_operational_1p00_nearest_3h_linear_uv
2026-02-02 13:00:00+00:00,2026-01-31T18:00:00+00:00,43,0.4299003130856072,0.4125790180217386,0.4212396655536729,extra_trees_weather,a587f5347a6fc4512eec87fc,archived_forecast,2026-01-31 12:00:00+00:00,2026-01-31 18:00:00+00:00,NOAA_GFS_operational_1p00_nearest_3h_linear_uv,2026-01-31 12:00:00+00:00,2026-01-31 18:00:00+00:00,NOAA_GFS_operational_1p00_nearest_3h_linear_uv
2026-02-02 14:00:00+00:00,2026-01-31T18:00:00+00:00,44,0.3610649943534134,0.3072923109325317,0.3341786526429726,extra_trees_weather,a587f5347a6fc4512eec87fc,archived_forecast,2026-01-31 12:00:00+00:00,2026-01-31 18:00:00+00:00,NOAA_GFS_operational_1p00_nearest_3h_linear_uv,2026-01-31 12:00:00+00:00,2026-01-31 18:00:00+00:00,NOAA_GFS_operational_1p00_nearest_3h_linear_uv
2026-02-02 15:00:00+00:00,2026-01-31T18:00:00+00:00,45,0.2736254963133271,0.263205858588579,0.2684156774509531,extra_trees_weather,a587f5347a6fc4512eec87fc,archived_forecast,2026-01-31 12:00:00+00:00,2026-01-31 18:00:00+00:00,NOAA_GFS_operational_1p00_nearest_3h_linear_uv,2026-01-31 12:00:00+00:00,2026-01-31 18:00:00+00:00,NOAA_GFS_operational_1p00_nearest_3h_linear_uv
2026-02-02 16:00:00+00:00,2026-01-31T18:00:00+00:00,46,0.2701835716639025,0.2956957190290645,0.2829396453464835,extra_trees_weather,a587f5347a6fc4512eec87fc,archived_forecast,2026-01-31 12:00:00+00:00,2026-01-31 18:00:00+00:00,NOAA_GFS_operational_1p00_nearest_3h_linear_uv,2026-01-31 12:00:00+00:00,2026-01-31 18:00:00+00:00,NOAA_GFS_operational_1p00_nearest_3h_linear_uv
2026-02-02 17:00:00+00:00,2026-01-31T18:00:00+00:00,47,0.2931395327629886,0.2867703548793254,0.289954943821157,extra_trees_weather,a587f5347a6fc4512eec87fc,archived_forecast,2026-01-31 12:00:00+00:00,2026-01-31 18:00:00+00:00,NOAA_GFS_operational_1p00_nearest_3h_linear_uv,2026-01-31 12:00:00+00:00,2026-01-31 18:00:00+00:00,NOAA_GFS_operational_1p00_nearest_3h_linear_uv
2026-02-02 18:00:00+00:00,2026-01-31T18:00:00+00:00,48,0.3419186304014613,0.3529903993949948,0.3474545148982281,extra_trees_weather,a587f5347a6fc4512eec87fc,archived_forecast,2026-01-31 12:00:00+00:00,2026-01-31 18:00:00+00:00,NOAA_GFS_operational_1p00_nearest_3h_linear_uv,2026-01-31 12:00:00+00:00,2026-01-31 18:00:00+00:00,NOAA_GFS_operational_1p00_nearest_3h_linear_uv
2026-02-01 19:00:00+00:00,2026-02-01T18:00:00+00:00,1,0.3349304190526249,0.30062802155497,0.3177792203037975,extra_trees_weather,b13dda70a30e5ec041c2cd01,archived_forecast,2026-02-01 12:00:00+00:00,2026-02-01 18:00:00+00:00,NOAA_GFS_operational_1p00_nearest_3h_linear_uv,2026-02-01 12:00:00+00:00,2026-02-01 18:00:00+00:00,NOAA_GFS_operational_1p00_nearest_3h_linear_uv
2026-02-01 20:00:00+00:00,2026-02-01T18:00:00+00:00,2,0.378725703185703,0.3385762788137787,0.3586509909997409,extra_trees_weather,b13dda70a30e5ec041c2cd01,archived_forecast,2026-02-01 12:00:00+00:00,2026-02-01 18:00:00+00:00,NOAA_GFS_operational_1p00_nearest_3h_linear_uv,2026-02-01 12:00:00+00:00,2026-02-01 18:00:00+00:00,NOAA_GFS_operational_1p00_nearest_3h_linear_uv
2026-02-01 21:00:00+00:00,2026-02-01T18:00:00+00:00,3,0.4144187749124514,0.4111668369552559,0.4127928059338537,extra_trees_weather,b13dda70a30e5ec041c2cd01,archived_forecast,2026-02-01 12:00:00+00:00,2026-02-01 18:00:00+00:00,NOAA_GFS_operational_1p00_nearest_3h_linear_uv,2026-02-01 12:00:00+00:00,2026-02-01 18:00:00+00:00,NOAA_GFS_operational_1p00_nearest_3h_linear_uv
2026-02-01 22:00:00+00:00,2026-02-01T18:00:00+00:00,4,0.4607015860297111,0.5043849224808415,0.4825432542552763,extra_trees_weather,b13dda70a30e5ec041c2cd01,archived_forecast,2026-02-01 12:00:00+00:00,2026-02-01 18:00:00+00:00,NOAA_GFS_operational_1p00_nearest_3h_linear_uv,2026-02-01 12:00:00+00:00,2026-02-01 18:00:00+00:00,NOAA_GFS_operational_1p00_nearest_3h_linear_uv
2026-02-01 23:00:00+00:00,2026-02-01T18:00:00+00:00,5,0.4814228999472751,0.5301887651305665,0.5058058325389208,extra_trees_weather,b13dda70a30e5ec041c2cd01,archived_forecast,2026-02-01 12:00:00+00:00,2026-02-01 18:00:00+00:00,NOAA_GFS_operational_1p00_nearest_3h_linear_uv,2026-02-01 12:00:00+00:00,2026-02-01 18:00:00+00:00,NOAA_GFS_operational_1p00_nearest_3h_linear_uv
2026-02-02 00:00:00+00:00,2026-02-01T18:00:00+00:00,6,0.6108363079744332,0.7069438977226478,0.6588901028485405,extra_trees_weather,b13dda70a30e5ec041c2cd01,archived_forecast,2026-02-01 12:00:00+00:00,2026-02-01 18:00:00+00:00,NOAA_GFS_operational_1p00_nearest_3h_linear_uv,2026-02-01 12:00:00+00:00,2026-02-01 18:00:00+00:00,NOAA_GFS_operational_1p00_nearest_3h_linear_uv
2026-02-02 01:00:00+00:00,2026-02-01T18:00:00+00:00,7,0.574943819497496,0.5915920554867246,0.5832679374921103,extra_trees_weather,b13dda70a30e5ec041c2cd01,archived_forecast,2026-02-01 12:00:00+00:00,2026-02-01 18:00:00+00:00,NOAA_GFS_operational_1p00_nearest_3h_linear_uv,2026-02-01 12:00:00+00:00,2026-02-01 18:00:00+00:00,NOAA_GFS_operational_1p00_nearest_3h_linear_uv
2026-02-02 02:00:00+00:00,2026-02-01T18:00:00+00:00,8,0.5196783447870214,0.5459365471293411,0.5328074459581813,extra_trees_weather,b13dda70a30e5ec041c2cd01,archived_forecast,2026-02-01 12:00:00+00:00,2026-02-01 18:00:00+00:00,NOAA_GFS_operational_1p00_nearest_3h_linear_uv,2026-02-01 12:00:00+00:00,2026-02-01 18:00:00+00:00,NOAA_GFS_operational_1p00_nearest_3h_linear_uv
2026-02-02 03:00:00+00:00,2026-02-01T18:00:00+00:00,9,0.5126341677603445,0.5190756980478671,0.5158549329041057,extra_trees_weather,b13dda70a30e5ec041c2cd01,archived_forecast,2026-02-01 12:00:00+00:00,2026-02-01 18:00:00+00:00,NOAA_GFS_operational_1p00_nearest_3h_linear_uv,2026-02-01 12:00:00+00:00,2026-02-01 18:00:00+00:00,NOAA_GFS_operational_1p00_nearest_3h_linear_uv
2026-02-02 04:00:00+00:00,2026-02-01T18:00:00+00:00,10,0.5878711058617307,0.6142097330869021,0.6010404194743164,extra_trees_weather,b13dda70a30e5ec041c2cd01,archived_forecast,2026-02-01 12:00:00+00:00,2026-02-01 18:00:00+00:00,NOAA_GFS_operational_1p00_nearest_3h_linear_uv,2026-02-01 12:00:00+00:00,2026-02-01 18:00:00+00:00,NOAA_GFS_operational_1p00_nearest_3h_linear_uv
2026-02-02 05:00:00+00:00,2026-02-01T18:00:00+00:00,11,0.5764382048044548,0.6014729266403531,0.588955565722404,extra_trees_weather,b13dda70a30e5ec041c2cd01,archived_forecast,2026-02-01 12:00:00+00:00,2026-02-01 18:00:00+00:00,NOAA_GFS_operational_1p00_nearest_3h_linear_uv,2026-02-01 12:00:00+00:00,2026-02-01 18:00:00+00:00,NOAA_GFS_operational_1p00_nearest_3h_linear_uv
2026-02-02 06:00:00+00:00,2026-02-01T18:00:00+00:00,12,0.7586628928098041,0.7206049879287382,0.7396339403692712,extra_trees_weather,b13dda70a30e5ec041c2cd01,archived_forecast,2026-02-01 12:00:00+00:00,2026-02-01 18:00:00+00:00,NOAA_GFS_operational_1p00_nearest_3h_linear_uv,2026-02-01 12:00:00+00:00,2026-02-01 18:00:00+00:00,NOAA_GFS_operational_1p00_nearest_3h_linear_uv
2026-02-02 07:00:00+00:00,2026-02-01T18:00:00+00:00,13,0.783161561640973,0.7213388852351355,0.7522502234380541,extra_trees_weather,b13dda70a30e5ec041c2cd01,archived_forecast,2026-02-01 12:00:00+00:00,2026-02-01 18:00:00+00:00,NOAA_GFS_operational_1p00_nearest_3h_linear_uv,2026-02-01 12:00:00+00:00,2026-02-01 18:00:00+00:00,NOAA_GFS_operational_1p00_nearest_3h_linear_uv
2026-02-02 08:00:00+00:00,2026-02-01T18:00:00+00:00,14,0.7848624869656483,0.7248113199300703,0.7548369034478593,extra_trees_weather,b13dda70a30e5ec041c2cd01,archived_forecast,2026-02-01 12:00:00+00:00,2026-02-01 18:00:00+00:00,NOAA_GFS_operational_1p00_nearest_3h_linear_uv,2026-02-01 12:00:00+00:00,2026-02-01 18:00:00+00:00,NOAA_GFS_operational_1p00_nearest_3h_linear_uv
2026-02-02 09:00:00+00:00,2026-02-01T18:00:00+00:00,15,0.8022367736974351,0.7563505172605173,0.7792936454789762,extra_trees_weather,b13dda70a30e5ec041c2cd01,archived_forecast,2026-02-01 12:00:00+00:00,2026-02-01 18:00:00+00:00,NOAA_GFS_operational_1p00_nearest_3h_linear_uv,2026-02-01 12:00:00+00:00,2026-02-01 18:00:00+00:00,NOAA_GFS_operational_1p00_nearest_3h_linear_uv
2026-02-02 10:00:00+00:00,2026-02-01T18:00:00+00:00,16,0.7334103475541339,0.7307433936433938,0.7320768705987639,extra_trees_weather,b13dda70a30e5ec041c2cd01,archived_forecast,2026-02-01 12:00:00+00:00,2026-02-01 18:00:00+00:00,NOAA_GFS_operational_1p00_nearest_3h_linear_uv,2026-02-01 12:00:00+00:00,2026-02-01 18:00:00+00:00,NOAA_GFS_operational_1p00_nearest_3h_linear_uv
2026-02-02 11:00:00+00:00,2026-02-01T18:00:00+00:00,17,0.6628566314010064,0.7135027365689863,0.6881796839849964,extra_trees_weather,b13dda70a30e5ec041c2cd01,archived_forecast,2026-02-01 12:00:00+00:00,2026-02-01 18:00:00+00:00,NOAA_GFS_operational_1p00_nearest_3h_linear_uv,2026-02-01 12:00:00+00:00,2026-02-01 18:00:00+00:00,NOAA_GFS_operational_1p00_nearest_3h_linear_uv
2026-02-02 12:00:00+00:00,2026-02-01T18:00:00+00:00,18,0.519679600097615,0.5432170157225669,0.5314483079100911,extra_trees_weather,b13dda70a30e5ec041c2cd01,archived_forecast,2026-02-01 12:00:00+00:00,2026-02-01 18:00:00+00:00,NOAA_GFS_operational_1p00_nearest_3h_linear_uv,2026-02-01 12:00:00+00:00,2026-02-01 18:00:00+00:00,NOAA_GFS_operational_1p00_nearest_3h_linear_uv
2026-02-02 13:00:00+00:00,2026-02-01T18:00:00+00:00,19,0.411475536199911,0.4453482222869725,0.4284118792434418,extra_trees_weather,b13dda70a30e5ec041c2cd01,archived_forecast,2026-02-01 12:00:00+00:00,2026-02-01 18:00:00+00:00,NOAA_GFS_operational_1p00_nearest_3h_linear_uv,2026-02-01 12:00:00+00:00,2026-02-01 18:00:00+00:00,NOAA_GFS_operational_1p00_nearest_3h_linear_uv
2026-02-02 14:00:00+00:00,2026-02-01T18:00:00+00:00,20,0.3810661101670659,0.3637226757964257,0.3723943929817458,extra_trees_weather,b13dda70a30e5ec041c2cd01,archived_forecast,2026-02-01 12:00:00+00:00,2026-02-01 18:00:00+00:00,NOAA_GFS_operational_1p00_nearest_3h_linear_uv,2026-02-01 12:00:00+00:00,2026-02-01 18:00:00+00:00,NOAA_GFS_operational_1p00_nearest_3h_linear_uv
2026-02-02 15:00:00+00:00,2026-02-01T18:00:00+00:00,21,0.2819801471486029,0.3333369131562882,0.3076585301524456,extra_trees_weather,b13dda70a30e5ec041c2cd01,archived_forecast,2026-02-01 12:00:00+00:00,2026-02-01 18:00:00+00:00,NOAA_GFS_operational_1p00_nearest_3h_linear_uv,2026-02-01 12:00:00+00:00,2026-02-01 18:00:00+00:00,NOAA_GFS_operational_1p00_nearest_3h_linear_uv
2026-02-02 16:00:00+00:00,2026-02-01T18:00:00+00:00,22,0.2805017506839566,0.3435262726353168,0.3120140116596367,extra_trees_weather,b13dda70a30e5ec041c2cd01,archived_forecast,2026-02-01 12:00:00+00:00,2026-02-01 18:00:00+00:00,NOAA_GFS_operational_1p00_nearest_3h_linear_uv,2026-02-01 12:00:00+00:00,2026-02-01 18:00:00+00:00,NOAA_GFS_operational_1p00_nearest_3h_linear_uv
2026-02-02 17:00:00+00:00,2026-02-01T18:00:00+00:00,23,0.3150183103048913,0.3457225647500646,0.3303704375274779,extra_trees_weather,b13dda70a30e5ec041c2cd01,archived_forecast,2026-02-01 12:00:00+00:00,2026-02-01 18:00:00+00:00,NOAA_GFS_operational_1p00_nearest_3h_linear_uv,2026-02-01 12:00:00+00:00,2026-02-01 18:00:00+00:00,NOAA_GFS_operational_1p00_nearest_3h_linear_uv
2026-02-02 18:00:00+00:00,2026-02-01T18:00:00+00:00,24,0.3253038684041995,0.3394141801948052,0.3323590242995023,extra_trees_weather,b13dda70a30e5ec041c2cd01,archived_forecast,2026-02-01 12:00:00+00:00,2026-02-01 18:00:00+00:00,NOAA_GFS_operational_1p00_nearest_3h_linear_uv,2026-02-01 12:00:00+00:00,2026-02-01 18:00:00+00:00,NOAA_GFS_operational_1p00_nearest_3h_linear_uv
2026-02-02 19:00:00+00:00,2026-02-01T18:00:00+00:00,25,0.4029033935549744,0.3661944949032448,0.3845489442291096,extra_trees_weather,b13dda70a30e5ec041c2cd01,archived_forecast,2026-02-01 12:00:00+00:00,2026-02-01 18:00:00+00:00,NOAA_GFS_operational_1p00_nearest_3h_linear_uv,2026-02-01 12:00:00+00:00,2026-02-01 18:00:00+00:00,NOAA_GFS_operational_1p00_nearest_3h_linear_uv
2026-02-02 20:00:00+00:00,2026-02-01T18:00:00+00:00,26,0.4540076826944842,0.4121888888888887,0.4330982857916865,extra_trees_weather,b13dda70a30e5ec041c2cd01,archived_forecast,2026-02-01 12:00:00+00:00,2026-02-01 18:00:00+00:00,NOAA_GFS_operational_1p00_nearest_3h_linear_uv,2026-02-01 12:00:00+00:00,2026-02-01 18:00:00+00:00,NOAA_GFS_operational_1p00_nearest_3h_linear_uv
2026-02-02 21:00:00+00:00,2026-02-01T18:00:00+00:00,27,0.5247761298954313,0.5192173579960344,0.5219967439457329,extra_trees_weather,b13dda70a30e5ec041c2cd01,archived_forecast,2026-02-01 12:00:00+00:00,2026-02-01 18:00:00+00:00,NOAA_GFS_operational_1p00_nearest_3h_linear_uv,2026-02-01 12:00:00+00:00,2026-02-01 18:00:00+00:00,NOAA_GFS_operational_1p00_nearest_3h_linear_uv
2026-02-02 22:00:00+00:00,2026-02-01T18:00:00+00:00,28,0.5484005336398353,0.5534836411736412,0.5509420874067383,extra_trees_weather,b13dda70a30e5ec041c2cd01,archived_forecast,2026-02-01 12:00:00+00:00,2026-02-01 18:00:00+00:00,NOAA_GFS_operational_1p00_nearest_3h_linear_uv,2026-02-01 12:00:00+00:00,2026-02-01 18:00:00+00:00,NOAA_GFS_operational_1p00_nearest_3h_linear_uv
2026-02-02 23:00:00+00:00,2026-02-01T18:00:00+00:00,29,0.5546199791942807,0.530787792994043,0.5427038860941618,extra_trees_weather,b13dda70a30e5ec041c2cd01,archived_forecast,2026-02-01 12:00:00+00:00,2026-02-01 18:00:00+00:00,NOAA_GFS_operational_1p00_nearest_3h_linear_uv,2026-02-01 12:00:00+00:00,2026-02-01 18:00:00+00:00,NOAA_GFS_operational_1p00_nearest_3h_linear_uv
2026-02-03 00:00:00+00:00,2026-02-01T18:00:00+00:00,30,0.5124172810822075,0.5124001351385543,0.5124087081103809,extra_trees_weather,b13dda70a30e5ec041c2cd01,archived_forecast,2026-02-01 12:00:00+00:00,2026-02-01 18:00:00+00:00,NOAA_GFS_operational_1p00_nearest_3h_linear_uv,2026-02-01 12:00:00+00:00,2026-02-01 18:00:00+00:00,NOAA_GFS_operational_1p00_nearest_3h_linear_uv
2026-02-03 01:00:00+00:00,2026-02-01T18:00:00+00:00,31,0.3768363463225229,0.3642899062865239,0.3705631263045234,extra_trees_weather,b13dda70a30e5ec041c2cd01,archived_forecast,2026-02-01 12:00:00+00:00,2026-02-01 18:00:00+00:00,NOAA_GFS_operational_1p00_nearest_3h_linear_uv,2026-02-01 12:00:00+00:00,2026-02-01 18:00:00+00:00,NOAA_GFS_operational_1p00_nearest_3h_linear_uv
2026-02-03 02:00:00+00:00,2026-02-01T18:00:00+00:00,32,0.3290497947885447,0.2506481324693824,0.2898489636289636,extra_trees_weather,b13dda70a30e5ec041c2cd01,archived_forecast,2026-02-01 12:00:00+00:00,2026-02-01 18:00:00+00:00,NOAA_GFS_operational_1p00_nearest_3h_linear_uv,2026-02-01 12:00:00+00:00,2026-02-01 18:00:00+00:00,NOAA_GFS_operational_1p00_nearest_3h_linear_uv
2026-02-03 03:00:00+00:00,2026-02-01T18:00:00+00:00,33,0.2685887923922482,0.2106936267205016,0.2396412095563749,extra_trees_weather,b13dda70a30e5ec041c2cd01,archived_forecast,2026-02-01 12:00:00+00:00,2026-02-01 18:00:00+00:00,NOAA_GFS_operational_1p00_nearest_3h_linear_uv,2026-02-01 12:00:00+00:00,2026-02-01 18:00:00+00:00,NOAA_GFS_operational_1p00_nearest_3h_linear_uv
2026-02-03 04:00:00+00:00,2026-02-01T18:00:00+00:00,34,0.1784027663118472,0.1553687457218706,0.1668857560168589,extra_trees_weather,b13dda70a30e5ec041c2cd01,archived_forecast,2026-02-01 12:00:00+00:00,2026-02-01 18:00:00+00:00,NOAA_GFS_operational_1p00_nearest_3h_linear_uv,2026-02-01 12:00:00+00:00,2026-02-01 18:00:00+00:00,NOAA_GFS_operational_1p00_nearest_3h_linear_uv
2026-02-03 05:00:00+00:00,2026-02-01T18:00:00+00:00,35,0.1870078694494502,0.162680020141895,0.1748439447956726,extra_trees_weather,b13dda70a30e5ec041c2cd01,archived_forecast,2026-02-01 12:00:00+00:00,2026-02-01 18:00:00+00:00,NOAA_GFS_operational_1p00_nearest_3h_linear_uv,2026-02-01 12:00:00+00:00,2026-02-01 18:00:00+00:00,NOAA_GFS_operational_1p00_nearest_3h_linear_uv
2026-02-03 06:00:00+00:00,2026-02-01T18:00:00+00:00,36,0.1893146843937652,0.160207273120398,0.1747609787570816,extra_trees_weather,b13dda70a30e5ec041c2cd01,archived_forecast,2026-02-01 12:00:00+00:00,2026-02-01 18:00:00+00:00,NOAA_GFS_operational_1p00_nearest_3h_linear_uv,2026-02-01 12:00:00+00:00,2026-02-01 18:00:00+00:00,NOAA_GFS_operational_1p00_nearest_3h_linear_uv
2026-02-03 07:00:00+00:00,2026-02-01T18:00:00+00:00,37,0.184808528281359,0.1636524819624819,0.1742305051219205,extra_trees_weather,b13dda70a30e5ec041c2cd01,archived_forecast,2026-02-01 12:00:00+00:00,2026-02-01 18:00:00+00:00,NOAA_GFS_operational_1p00_nearest_3h_linear_uv,2026-02-01 12:00:00+00:00,2026-02-01 18:00:00+00:00,NOAA_GFS_operational_1p00_nearest_3h_linear_uv
2026-02-03 08:00:00+00:00,2026-02-01T18:00:00+00:00,38,0.1919780047770855,0.1728796439671439,0.1824288243721147,extra_trees_weather,b13dda70a30e5ec041c2cd01,archived_forecast,2026-02-01 12:00:00+00:00,2026-02-01 18:00:00+00:00,NOAA_GFS_operational_1p00_nearest_3h_linear_uv,2026-02-01 12:00:00+00:00,2026-02-01 18:00:00+00:00,NOAA_GFS_operational_1p00_nearest_3h_linear_uv
2026-02-03 09:00:00+00:00,2026-02-01T18:00:00+00:00,39,0.1975819859348167,0.1793818697968698,0.1884819278658432,extra_trees_weather,b13dda70a30e5ec041c2cd01,archived_forecast,2026-02-01 12:00:00+00:00,2026-02-01 18:00:00+00:00,NOAA_GFS_operational_1p00_nearest_3h_linear_uv,2026-02-01 12:00:00+00:00,2026-02-01 18:00:00+00:00,NOAA_GFS_operational_1p00_nearest_3h_linear_uv
2026-02-03 10:00:00+00:00,2026-02-01T18:00:00+00:00,40,0.204618105278436,0.1862151662226663,0.1954166357505511,extra_trees_weather,b13dda70a30e5ec041c2cd01,archived_forecast,2026-02-01 12:00:00+00:00,2026-02-01 18:00:00+00:00,NOAA_GFS_operational_1p00_nearest_3h_linear_uv,2026-02-01 12:00:00+00:00,2026-02-01 18:00:00+00:00,NOAA_GFS_operational_1p00_nearest_3h_linear_uv
2026-02-03 11:00:00+00:00,2026-02-01T18:00:00+00:00,41,0.2372439919380727,0.2142483192270692,0.225746155582571,extra_trees_weather,b13dda70a30e5ec041c2cd01,archived_forecast,2026-02-01 12:00:00+00:00,2026-02-01 18:00:00+00:00,NOAA_GFS_operational_1p00_nearest_3h_linear_uv,2026-02-01 12:00:00+00:00,2026-02-01 18:00:00+00:00,NOAA_GFS_operational_1p00_nearest_3h_linear_uv
2026-02-03 12:00:00+00:00,2026-02-01T18:00:00+00:00,42,0.2574044282610091,0.2622552386502387,0.2598298334556239,extra_trees_weather,b13dda70a30e5ec041c2cd01,archived_forecast,2026-02-01 12:00:00+00:00,2026-02-01 18:00:00+00:00,NOAA_GFS_operational_1p00_nearest_3h_linear_uv,2026-02-01 12:00:00+00:00,2026-02-01 18:00:00+00:00,NOAA_GFS_operational_1p00_nearest_3h_linear_uv
2026-02-03 13:00:00+00:00,2026-02-01T18:00:00+00:00,43,0.290328444060025,0.310509760979761,0.300419102519893,extra_trees_weather,b13dda70a30e5ec041c2cd01,archived_forecast,2026-02-01 12:00:00+00:00,2026-02-01 18:00:00+00:00,NOAA_GFS_operational_1p00_nearest_3h_linear_uv,2026-02-01 12:00:00+00:00,2026-02-01 18:00:00+00:00,NOAA_GFS_operational_1p00_nearest_3h_linear_uv
2026-02-03 14:00:00+00:00,2026-02-01T18:00:00+00:00,44,0.2761988568185627,0.3151715707440707,0.2956852137813167,extra_trees_weather,b13dda70a30e5ec041c2cd01,archived_forecast,2026-02-01 12:00:00+00:00,2026-02-01 18:00:00+00:00,NOAA_GFS_operational_1p00_nearest_3h_linear_uv,2026-02-01 12:00:00+00:00,2026-02-01 18:00:00+00:00,NOAA_GFS_operational_1p00_nearest_3h_linear_uv
2026-02-03 15:00:00+00:00,2026-02-01T18:00:00+00:00,45,0.2616279826926886,0.3053210302197803,0.2834745064562344,extra_trees_weather,b13dda70a30e5ec041c2cd01,archived_forecast,2026-02-01 12:00:00+00:00,2026-02-01 18:00:00+00:00,NOAA_GFS_operational_1p00_nearest_3h_linear_uv,2026-02-01 12:00:00+00:00,2026-02-01 18:00:00+00:00,NOAA_GFS_operational_1p00_nearest_3h_linear_uv
2026-02-03 16:00:00+00:00,2026-02-01T18:00:00+00:00,46,0.2616628359412918,0.3055895925139675,0.2836262142276296,extra_trees_weather,b13dda70a30e5ec041c2cd01,archived_forecast,2026-02-01 12:00:00+00:00,2026-02-01 18:00:00+00:00,NOAA_GFS_operational_1p00_nearest_3h_linear_uv,2026-02-01 12:00:00+00:00,2026-02-01 18:00:00+00:00,NOAA_GFS_operational_1p00_nearest_3h_linear_uv
2026-02-03 17:00:00+00:00,2026-02-01T18:00:00+00:00,47,0.2764553347387906,0.3024285126678876,0.2894419237033392,extra_trees_weather,b13dda70a30e5ec041c2cd01,archived_forecast,2026-02-01 12:00:00+00:00,2026-02-01 18:00:00+00:00,NOAA_GFS_operational_1p00_nearest_3h_linear_uv,2026-02-01 12:00:00+00:00,2026-02-01 18:00:00+00:00,NOAA_GFS_operational_1p00_nearest_3h_linear_uv
2026-02-03 18:00:00+00:00,2026-02-01T18:00:00+00:00,48,0.2840544575141635,0.30117870497558,0.2926165812448717,extra_trees_weather,b13dda70a30e5ec041c2cd01,archived_forecast,2026-02-01 12:00:00+00:00,2026-02-01 18:00:00+00:00,NOAA_GFS_operational_1p00_nearest_3h_linear_uv,2026-02-01 12:00:00+00:00,2026-02-01 18:00:00+00:00,NOAA_GFS_operational_1p00_nearest_3h_linear_uv
2026-02-02 19:00:00+00:00,2026-02-02T18:00:00+00:00,1,0.4414000396362897,0.4108780773393274,0.4261390584878085,extra_trees_weather,58ed95346f96328aae28205a,archived_forecast,2026-02-02 12:00:00+00:00,2026-02-02 18:00:00+00:00,NOAA_GFS_operational_1p00_nearest_3h_linear_uv,2026-02-02 12:00:00+00:00,2026-02-02 18:00:00+00:00,NOAA_GFS_operational_1p00_nearest_3h_linear_uv
2026-02-02 20:00:00+00:00,2026-02-02T18:00:00+00:00,2,0.4799040463240462,0.4651624508362005,0.4725332485801233,extra_trees_weather,58ed95346f96328aae28205a,archived_forecast,2026-02-02 12:00:00+00:00,2026-02-02 18:00:00+00:00,NOAA_GFS_operational_1p00_nearest_3h_linear_uv,2026-02-02 12:00:00+00:00,2026-02-02 18:00:00+00:00,NOAA_GFS_operational_1p00_nearest_3h_linear_uv
2026-02-02 21:00:00+00:00,2026-02-02T18:00:00+00:00,3,0.5207635290866541,0.5265286364561362,0.5236460827713951,extra_trees_weather,58ed95346f96328aae28205a,archived_forecast,2026-02-02 12:00:00+00:00,2026-02-02 18:00:00+00:00,NOAA_GFS_operational_1p00_nearest_3h_linear_uv,2026-02-02 12:00:00+00:00,2026-02-02 18:00:00+00:00,NOAA_GFS_operational_1p00_nearest_3h_linear_uv
2026-02-02 22:00:00+00:00,2026-02-02T18:00:00+00:00,4,0.5154837461843713,0.5090485896973393,0.5122661679408553,extra_trees_weather,58ed95346f96328aae28205a,archived_forecast,2026-02-02 12:00:00+00:00,2026-02-02 18:00:00+00:00,NOAA_GFS_operational_1p00_nearest_3h_linear_uv,2026-02-02 12:00:00+00:00,2026-02-02 18:00:00+00:00,NOAA_GFS_operational_1p00_nearest_3h_linear_uv
2026-02-02 23:00:00+00:00,2026-02-02T18:00:00+00:00,5,0.4963475638019389,0.4534514932289929,0.4748995285154659,extra_trees_weather,58ed95346f96328aae28205a,archived_forecast,2026-02-02 12:00:00+00:00,2026-02-02 18:00:00+00:00,NOAA_GFS_operational_1p00_nearest_3h_linear_uv,2026-02-02 12:00:00+00:00,2026-02-02 18:00:00+00:00,NOAA_GFS_operational_1p00_nearest_3h_linear_uv
2026-02-03 00:00:00+00:00,2026-02-02T18:00:00+00:00,6,0.4129197058497058,0.3781806900398075,0.3955501979447567,extra_trees_weather,58ed95346f96328aae28205a,archived_forecast,2026-02-02 12:00:00+00:00,2026-02-02 18:00:00+00:00,NOAA_GFS_operational_1p00_nearest_3h_linear_uv,2026-02-02 12:00:00+00:00,2026-02-02 18:00:00+00:00,NOAA_GFS_operational_1p00_nearest_3h_linear_uv
2026-02-03 01:00:00+00:00,2026-02-02T18:00:00+00:00,7,0.3646449571030822,0.2735279625004624,0.3190864598017723,extra_trees_weather,58ed95346f96328aae28205a,archived_forecast,2026-02-02 12:00:00+00:00,2026-02-02 18:00:00+00:00,NOAA_GFS_operational_1p00_nearest_3h_linear_uv,2026-02-02 12:00:00+00:00,2026-02-02 18:00:00+00:00,NOAA_GFS_operational_1p00_nearest_3h_linear_uv
2026-02-03 02:00:00+00:00,2026-02-02T18:00:00+00:00,8,0.2762026296620046,0.1989131737012986,0.2375579016816516,extra_trees_weather,58ed95346f96328aae28205a,archived_forecast,2026-02-02 12:00:00+00:00,2026-02-02 18:00:00+00:00,NOAA_GFS_operational_1p00_nearest_3h_linear_uv,2026-02-02 12:00:00+00:00,2026-02-02 18:00:00+00:00,NOAA_GFS_operational_1p00_nearest_3h_linear_uv
2026-02-03 03:00:00+00:00,2026-02-02T18:00:00+00:00,9,0.2033957088975838,0.1523456068237318,0.1778706578606578,extra_trees_weather,58ed95346f96328aae28205a,archived_forecast,2026-02-02 12:00:00+00:00,2026-02-02 18:00:00+00:00,NOAA_GFS_operational_1p00_nearest_3h_linear_uv,2026-02-02 12:00:00+00:00,2026-02-02 18:00:00+00:00,NOAA_GFS_operational_1p00_nearest_3h_linear_uv
2026-02-03 04:00:00+00:00,2026-02-02T18:00:00+00:00,10,0.1273273066979316,0.1064432738095238,0.1168852902537277,extra_trees_weather,58ed95346f96328aae28205a,archived_forecast,2026-02-02 12:00:00+00:00,2026-02-02 18:00:00+00:00,NOAA_GFS_operational_1p00_nearest_3h_linear_uv,2026-02-02 12:00:00+00:00,2026-02-02 18:00:00+00:00,NOAA_GFS_operational_1p00_nearest_3h_linear_uv
2026-02-03 05:00:00+00:00,2026-02-02T18:00:00+00:00,11,0.1302296704452954,0.1084349798812298,0.1193323251632626,extra_trees_weather,58ed95346f96328aae28205a,archived_forecast,2026-02-02 12:00:00+00:00,2026-02-02 18:00:00+00:00,NOAA_GFS_operational_1p00_nearest_3h_linear_uv,2026-02-02 12:00:00+00:00,2026-02-02 18:00:00+00:00,NOAA_GFS_operational_1p00_nearest_3h_linear_uv
2026-02-03 06:00:00+00:00,2026-02-02T18:00:00+00:00,12,0.1280005897574647,0.1078020433732934,0.117901316565379,extra_trees_weather,58ed95346f96328aae28205a,archived_forecast,2026-02-02 12:00:00+00:00,2026-02-02 18:00:00+00:00,NOAA_GFS_operational_1p00_nearest_3h_linear_uv,2026-02-02 12:00:00+00:00,2026-02-02 18:00:00+00:00,NOAA_GFS_operational_1p00_nearest_3h_linear_uv
2026-02-03 07:00:00+00:00,2026-02-02T18:00:00+00:00,13,0.131683864075739,0.1183708736633736,0.1250273688695563,extra_trees_weather,58ed95346f96328aae28205a,archived_forecast,2026-02-02 12:00:00+00:00,2026-02-02 18:00:00+00:00,NOAA_GFS_operational_1p00_nearest_3h_linear_uv,2026-02-02 12:00:00+00:00,2026-02-02 18:00:00+00:00,NOAA_GFS_operational_1p00_nearest_3h_linear_uv
2026-02-03 08:00:00+00:00,2026-02-02T18:00:00+00:00,14,0.1414423465654715,0.1300528401228401,0.1357475933441558,extra_trees_weather,58ed95346f96328aae28205a,archived_forecast,2026-02-02 12:00:00+00:00,2026-02-02 18:00:00+00:00,NOAA_GFS_operational_1p00_nearest_3h_linear_uv,2026-02-02 12:00:00+00:00,2026-02-02 18:00:00+00:00,NOAA_GFS_operational_1p00_nearest_3h_linear_uv
2026-02-03 09:00:00+00:00,2026-02-02T18:00:00+00:00,15,0.1497864381220631,0.1371839217726718,0.1434851799473674,extra_trees_weather,58ed95346f96328aae28205a,archived_forecast,2026-02-02 12:00:00+00:00,2026-02-02 18:00:00+00:00,NOAA_GFS_operational_1p00_nearest_3h_linear_uv,2026-02-02 12:00:00+00:00,2026-02-02 18:00:00+00:00,NOAA_GFS_operational_1p00_nearest_3h_linear_uv
2026-02-03 10:00:00+00:00,2026-02-02T18:00:00+00:00,16,0.1498842508648758,0.147981166009916,0.1489327084373959,extra_trees_weather,58ed95346f96328aae28205a,archived_forecast,2026-02-02 12:00:00+00:00,2026-02-02 18:00:00+00:00,NOAA_GFS_operational_1p00_nearest_3h_linear_uv,2026-02-02 12:00:00+00:00,2026-02-02 18:00:00+00:00,NOAA_GFS_operational_1p00_nearest_3h_linear_uv
2026-02-03 11:00:00+00:00,2026-02-02T18:00:00+00:00,17,0.1769293608474858,0.1602857996170496,0.1686075802322677,extra_trees_weather,58ed95346f96328aae28205a,archived_forecast,2026-02-02 12:00:00+00:00,2026-02-02 18:00:00+00:00,NOAA_GFS_operational_1p00_nearest_3h_linear_uv,2026-02-02 12:00:00+00:00,2026-02-02 18:00:00+00:00,NOAA_GFS_operational_1p00_nearest_3h_linear_uv
2026-02-03 12:00:00+00:00,2026-02-02T18:00:00+00:00,18,0.3595565028136349,0.3526539012839012,0.3561052020487681,extra_trees_weather,58ed95346f96328aae28205a,archived_forecast,2026-02-02 12:00:00+00:00,2026-02-02 18:00:00+00:00,NOAA_GFS_operational_1p00_nearest_3h_linear_uv,2026-02-02 12:00:00+00:00,2026-02-02 18:00:00+00:00,NOAA_GFS_operational_1p00_nearest_3h_linear_uv
2026-02-03 13:00:00+00:00,2026-02-02T18:00:00+00:00,19,0.3433612556996379,0.349553561022311,0.3464574083609744,extra_trees_weather,58ed95346f96328aae28205a,archived_forecast,2026-02-02 12:00:00+00:00,2026-02-02 18:00:00+00:00,NOAA_GFS_operational_1p00_nearest_3h_linear_uv,2026-02-02 12:00:00+00:00,2026-02-02 18:00:00+00:00,NOAA_GFS_operational_1p00_nearest_3h_linear_uv
2026-02-03 14:00:00+00:00,2026-02-02T18:00:00+00:00,20,0.3297207959048031,0.3321331921781922,0.3309269940414977,extra_trees_weather,58ed95346f96328aae28205a,archived_forecast,2026-02-02 12:00:00+00:00,2026-02-02 18:00:00+00:00,NOAA_GFS_operational_1p00_nearest_3h_linear_uv,2026-02-02 12:00:00+00:00,2026-02-02 18:00:00+00:00,NOAA_GFS_operational_1p00_nearest_3h_linear_uv
2026-02-03 15:00:00+00:00,2026-02-02T18:00:00+00:00,21,0.3018338300697123,0.3026654588235838,0.3022496444466481,extra_trees_weather,58ed95346f96328aae28205a,archived_forecast,2026-02-02 12:00:00+00:00,2026-02-02 18:00:00+00:00,NOAA_GFS_operational_1p00_nearest_3h_linear_uv,2026-02-02 12:00:00+00:00,2026-02-02 18:00:00+00:00,NOAA_GFS_operational_1p00_nearest_3h_linear_uv
2026-02-03 16:00:00+00:00,2026-02-02T18:00:00+00:00,22,0.2957760431113005,0.3145987482193732,0.3051873956653368,extra_trees_weather,58ed95346f96328aae28205a,archived_forecast,2026-02-02 12:00:00+00:00,2026-02-02 18:00:00+00:00,NOAA_GFS_operational_1p00_nearest_3h_linear_uv,2026-02-02 12:00:00+00:00,2026-02-02 18:00:00+00:00,NOAA_GFS_operational_1p00_nearest_3h_linear_uv
2026-02-03 17:00:00+00:00,2026-02-02T18:00:00+00:00,23,0.297827344633852,0.2985682672188921,0.2981978059263721,extra_trees_weather,58ed95346f96328aae28205a,archived_forecast,2026-02-02 12:00:00+00:00,2026-02-02 18:00:00+00:00,NOAA_GFS_operational_1p00_nearest_3h_linear_uv,2026-02-02 12:00:00+00:00,2026-02-02 18:00:00+00:00,NOAA_GFS_operational_1p00_nearest_3h_linear_uv
2026-02-03 18:00:00+00:00,2026-02-02T18:00:00+00:00,24,0.2993873277988352,0.2796996921828171,0.2895435099908261,extra_trees_weather,58ed95346f96328aae28205a,archived_forecast,2026-02-02 12:00:00+00:00,2026-02-02 18:00:00+00:00,NOAA_GFS_operational_1p00_nearest_3h_linear_uv,2026-02-02 12:00:00+00:00,2026-02-02 18:00:00+00:00,NOAA_GFS_operational_1p00_nearest_3h_linear_uv
2026-02-03 19:00:00+00:00,2026-02-02T18:00:00+00:00,25,0.258918306681064,0.2546975990907239,0.2568079528858939,extra_trees_weather,58ed95346f96328aae28205a,archived_forecast,2026-02-02 12:00:00+00:00,2026-02-02 18:00:00+00:00,NOAA_GFS_operational_1p00_nearest_3h_linear_uv,2026-02-02 12:00:00+00:00,2026-02-02 18:00:00+00:00,NOAA_GFS_operational_1p00_nearest_3h_linear_uv
2026-02-03 20:00:00+00:00,2026-02-02T18:00:00+00:00,26,0.2387234963647463,0.2308849969243718,0.2348042466445591,extra_trees_weather,58ed95346f96328aae28205a,archived_forecast,2026-02-02 12:00:00+00:00,2026-02-02 18:00:00+00:00,NOAA_GFS_operational_1p00_nearest_3h_linear_uv,2026-02-02 12:00:00+00:00,2026-02-02 18:00:00+00:00,NOAA_GFS_operational_1p00_nearest_3h_linear_uv
2026-02-03 21:00:00+00:00,2026-02-02T18:00:00+00:00,27,0.2565856781521855,0.2394966178266178,0.2480411479894017,extra_trees_weather,58ed95346f96328aae28205a,archived_forecast,2026-02-02 12:00:00+00:00,2026-02-02 18:00:00+00:00,NOAA_GFS_operational_1p00_nearest_3h_linear_uv,2026-02-02 12:00:00+00:00,2026-02-02 18:00:00+00:00,NOAA_GFS_operational_1p00_nearest_3h_linear_uv
2026-02-03 22:00:00+00:00,2026-02-02T18:00:00+00:00,28,0.2451899604670928,0.2324340906315906,0.2388120255493417,extra_trees_weather,58ed95346f96328aae28205a,archived_forecast,2026-02-02 12:00:00+00:00,2026-02-02 18:00:00+00:00,NOAA_GFS_operational_1p00_nearest_3h_linear_uv,2026-02-02 12:00:00+00:00,2026-02-02 18:00:00+00:00,NOAA_GFS_operational_1p00_nearest_3h_linear_uv
2026-02-03 23:00:00+00:00,2026-02-02T18:00:00+00:00,29,0.2314964769598593,0.2075261403873903,0.2195113086736248,extra_trees_weather,58ed95346f96328aae28205a,archived_forecast,2026-02-02 12:00:00+00:00,2026-02-02 18:00:00+00:00,NOAA_GFS_operational_1p00_nearest_3h_linear_uv,2026-02-02 12:00:00+00:00,2026-02-02 18:00:00+00:00,NOAA_GFS_operational_1p00_nearest_3h_linear_uv
2026-02-04 00:00:00+00:00,2026-02-02T18:00:00+00:00,30,0.2227488443147267,0.203794667092167,0.2132717557034468,extra_trees_weather,58ed95346f96328aae28205a,archived_forecast,2026-02-02 12:00:00+00:00,2026-02-02 18:00:00+00:00,NOAA_GFS_operational_1p00_nearest_3h_linear_uv,2026-02-02 12:00:00+00:00,2026-02-02 18:00:00+00:00,NOAA_GFS_operational_1p00_nearest_3h_linear_uv
2026-02-04 01:00:00+00:00,2026-02-02T18:00:00+00:00,31,0.1702492320982394,0.1736916397491397,0.1719704359236895,extra_trees_weather,58ed95346f96328aae28205a,archived_forecast,2026-02-02 12:00:00+00:00,2026-02-02 18:00:00+00:00,NOAA_GFS_operational_1p00_nearest_3h_linear_uv,2026-02-02 12:00:00+00:00,2026-02-02 18:00:00+00:00,NOAA_GFS_operational_1p00_nearest_3h_linear_uv
2026-02-04 02:00:00+00:00,2026-02-02T18:00:00+00:00,32,0.1319669493347066,0.135578628084878,0.1337727887097923,extra_trees_weather,58ed95346f96328aae28205a,archived_forecast,2026-02-02 12:00:00+00:00,2026-02-02 18:00:00+00:00,NOAA_GFS_operational_1p00_nearest_3h_linear_uv,2026-02-02 12:00:00+00:00,2026-02-02 18:00:00+00:00,NOAA_GFS_operational_1p00_nearest_3h_linear_uv
2026-02-04 03:00:00+00:00,2026-02-02T18:00:00+00:00,33,0.108367892131017,0.1099603722666222,0.1091641321988196,extra_trees_weather,58ed95346f96328aae28205a,archived_forecast,2026-02-02 12:00:00+00:00,2026-02-02 18:00:00+00:00,NOAA_GFS_operational_1p00_nearest_3h_linear_uv,2026-02-02 12:00:00+00:00,2026-02-02 18:00:00+00:00,NOAA_GFS_operational_1p00_nearest_3h_linear_uv
2026-02-04 04:00:00+00:00,2026-02-02T18:00:00+00:00,34,0.0992771117077367,0.1024142162467162,0.1008456639772265,extra_trees_weather,58ed95346f96328aae28205a,archived_forecast,2026-02-02 12:00:00+00:00,2026-02-02 18:00:00+00:00,NOAA_GFS_operational_1p00_nearest_3h_linear_uv,2026-02-02 12:00:00+00:00,2026-02-02 18:00:00+00:00,NOAA_GFS_operational_1p00_nearest_3h_linear_uv
2026-02-04 05:00:00+00:00,2026-02-02T18:00:00+00:00,35,0.0987157239519739,0.1008096946109446,0.0997627092814592,extra_trees_weather,58ed95346f96328aae28205a,archived_forecast,2026-02-02 12:00:00+00:00,2026-02-02 18:00:00+00:00,NOAA_GFS_operational_1p00_nearest_3h_linear_uv,2026-02-02 12:00:00+00:00,2026-02-02 18:00:00+00:00,NOAA_GFS_operational_1p00_nearest_3h_linear_uv
2026-02-04 06:00:00+00:00,2026-02-02T18:00:00+00:00,36,0.100498462047212,0.1074434049284049,0.1039709334878084,extra_trees_weather,58ed95346f96328aae28205a,archived_forecast,2026-02-02 12:00:00+00:00,2026-02-02 18:00:00+00:00,NOAA_GFS_operational_1p00_nearest_3h_linear_uv,2026-02-02 12:00:00+00:00,2026-02-02 18:00:00+00:00,NOAA_GFS_operational_1p00_nearest_3h_linear_uv
2026-02-04 07:00:00+00:00,2026-02-02T18:00:00+00:00,37,0.1062847619047618,0.1150006933806933,0.1106427276427276,extra_trees_weather,58ed95346f96328aae28205a,archived_forecast,2026-02-02 12:00:00+00:00,2026-02-02 18:00:00+00:00,NOAA_GFS_operational_1p00_nearest_3h_linear_uv,2026-02-02 12:00:00+00:00,2026-02-02 18:00:00+00:00,NOAA_GFS_operational_1p00_nearest_3h_linear_uv
2026-02-04 08:00:00+00:00,2026-02-02T18:00:00+00:00,38,0.1043326613664113,0.1141016372516372,0.1092171493090243,extra_trees_weather,58ed95346f96328aae28205a,archived_forecast,2026-02-02 12:00:00+00:00,2026-02-02 18:00:00+00:00,NOAA_GFS_operational_1p00_nearest_3h_linear_uv,2026-02-02 12:00:00+00:00,2026-02-02 18:00:00+00:00,NOAA_GFS_operational_1p00_nearest_3h_linear_uv
2026-02-04 09:00:00+00:00,2026-02-02T18:00:00+00:00,39,0.1225667804186553,0.117779839003589,0.1201733097111222,extra_trees_weather,58ed95346f96328aae28205a,archived_forecast,2026-02-02 12:00:00+00:00,2026-02-02 18:00:00+00:00,NOAA_GFS_operational_1p00_nearest_3h_linear_uv,2026-02-02 12:00:00+00:00,2026-02-02 18:00:00+00:00,NOAA_GFS_operational_1p00_nearest_3h_linear_uv
2026-02-04 10:00:00+00:00,2026-02-02T18:00:00+00:00,40,0.1302587487281237,0.1346589813889814,0.1324588650585525,extra_trees_weather,58ed95346f96328aae28205a,archived_forecast,2026-02-02 12:00:00+00:00,2026-02-02 18:00:00+00:00,NOAA_GFS_operational_1p00_nearest_3h_linear_uv,2026-02-02 12:00:00+00:00,2026-02-02 18:00:00+00:00,NOAA_GFS_operational_1p00_nearest_3h_linear_uv
2026-02-04 11:00:00+00:00,2026-02-02T18:00:00+00:00,41,0.1658899643180893,0.1641271965534465,0.1650085804357679,extra_trees_weather,58ed95346f96328aae28205a,archived_forecast,2026-02-02 12:00:00+00:00,2026-02-02 18:00:00+00:00,NOAA_GFS_operational_1p00_nearest_3h_linear_uv,2026-02-02 12:00:00+00:00,2026-02-02 18:00:00+00:00,NOAA_GFS_operational_1p00_nearest_3h_linear_uv
2026-02-04 12:00:00+00:00,2026-02-02T18:00:00+00:00,42,0.1950215994068566,0.2104085491822991,0.2027150742945779,extra_trees_weather,58ed95346f96328aae28205a,archived_forecast,2026-02-02 12:00:00+00:00,2026-02-02 18:00:00+00:00,NOAA_GFS_operational_1p00_nearest_3h_linear_uv,2026-02-02 12:00:00+00:00,2026-02-02 18:00:00+00:00,NOAA_GFS_operational_1p00_nearest_3h_linear_uv
2026-02-04 13:00:00+00:00,2026-02-02T18:00:00+00:00,43,0.2254466262087585,0.2581250983275983,0.2417858622681784,extra_trees_weather,58ed95346f96328aae28205a,archived_forecast,2026-02-02 12:00:00+00:00,2026-02-02 18:00:00+00:00,NOAA_GFS_operational_1p00_nearest_3h_linear_uv,2026-02-02 12:00:00+00:00,2026-02-02 18:00:00+00:00,NOAA_GFS_operational_1p00_nearest_3h_linear_uv
2026-02-04 14:00:00+00:00,2026-02-02T18:00:00+00:00,44,0.2900330932371006,0.3007308064158064,0.2953819498264535,extra_trees_weather,58ed95346f96328aae28205a,archived_forecast,2026-02-02 12:00:00+00:00,2026-02-02 18:00:00+00:00,NOAA_GFS_operational_1p00_nearest_3h_linear_uv,2026-02-02 12:00:00+00:00,2026-02-02 18:00:00+00:00,NOAA_GFS_operational_1p00_nearest_3h_linear_uv
2026-02-04 15:00:00+00:00,2026-02-02T18:00:00+00:00,45,0.4322002480852482,0.4434415860065861,0.4378209170459171,extra_trees_weather,58ed95346f96328aae28205a,archived_forecast,2026-02-02 12:00:00+00:00,2026-02-02 18:00:00+00:00,NOAA_GFS_operational_1p00_nearest_3h_linear_uv,2026-02-02 12:00:00+00:00,2026-02-02 18:00:00+00:00,NOAA_GFS_operational_1p00_nearest_3h_linear_uv
2026-02-04 16:00:00+00:00,2026-02-02T18:00:00+00:00,46,0.5374460959166106,0.5416761715599213,0.5395611337382659,extra_trees_weather,58ed95346f96328aae28205a,archived_forecast,2026-02-02 12:00:00+00:00,2026-02-02 18:00:00+00:00,NOAA_GFS_operational_1p00_nearest_3h_linear_uv,2026-02-02 12:00:00+00:00,2026-02-02 18:00:00+00:00,NOAA_GFS_operational_1p00_nearest_3h_linear_uv
2026-02-04 17:00:00+00:00,2026-02-02T18:00:00+00:00,47,0.5468916418290316,0.5537586131583557,0.5503251274936936,extra_trees_weather,58ed95346f96328aae28205a,archived_forecast,2026-02-02 12:00:00+00:00,2026-02-02 18:00:00+00:00,NOAA_GFS_operational_1p00_nearest_3h_linear_uv,2026-02-02 12:00:00+00:00,2026-02-02 18:00:00+00:00,NOAA_GFS_operational_1p00_nearest_3h_linear_uv
2026-02-04 18:00:00+00:00,2026-02-02T18:00:00+00:00,48,0.6279875469437969,0.6336277655800084,0.6308076562619027,extra_trees_weather,58ed95346f96328aae28205a,archived_forecast,2026-02-02 12:00:00+00:00,2026-02-02 18:00:00+00:00,NOAA_GFS_operational_1p00_nearest_3h_linear_uv,2026-02-02 12:00:00+00:00,2026-02-02 18:00:00+00:00,NOAA_GFS_operational_1p00_nearest_3h_linear_uv
2026-02-03 19:00:00+00:00,2026-02-03T18:00:00+00:00,1,0.252280857059607,0.2450955785418284,0.2486882178007177,extra_trees_weather,29c40c6011b8e5d59609fca7,archived_forecast,2026-02-03 12:00:00+00:00,2026-02-03 18:00:00+00:00,NOAA_GFS_operational_1p00_nearest_3h_linear_uv,2026-02-03 12:00:00+00:00,2026-02-03 18:00:00+00:00,NOAA_GFS_operational_1p00_nearest_3h_linear_uv
2026-02-03 20:00:00+00:00,2026-02-03T18:00:00+00:00,2,0.2529143919275169,0.240490415094165,0.246702403510841,extra_trees_weather,29c40c6011b8e5d59609fca7,archived_forecast,2026-02-03 12:00:00+00:00,2026-02-03 18:00:00+00:00,NOAA_GFS_operational_1p00_nearest_3h_linear_uv,2026-02-03 12:00:00+00:00,2026-02-03 18:00:00+00:00,NOAA_GFS_operational_1p00_nearest_3h_linear_uv
2026-02-03 21:00:00+00:00,2026-02-03T18:00:00+00:00,3,0.2944803727984978,0.2688267400886149,0.2816535564435563,extra_trees_weather,29c40c6011b8e5d59609fca7,archived_forecast,2026-02-03 12:00:00+00:00,2026-02-03 18:00:00+00:00,NOAA_GFS_operational_1p00_nearest_3h_linear_uv,2026-02-03 12:00:00+00:00,2026-02-03 18:00:00+00:00,NOAA_GFS_operational_1p00_nearest_3h_linear_uv
2026-02-03 22:00:00+00:00,2026-02-03T18:00:00+00:00,4,0.2422753154253156,0.2491307016594515,0.2457030085423835,extra_trees_weather,29c40c6011b8e5d59609fca7,archived_forecast,2026-02-03 12:00:00+00:00,2026-02-03 18:00:00+00:00,NOAA_GFS_operational_1p00_nearest_3h_linear_uv,2026-02-03 12:00:00+00:00,2026-02-03 18:00:00+00:00,NOAA_GFS_operational_1p00_nearest_3h_linear_uv
2026-02-03 23:00:00+00:00,2026-02-03T18:00:00+00:00,5,0.2225527145077146,0.2271267587505086,0.2248397366291116,extra_trees_weather,29c40c6011b8e5d59609fca7,archived_forecast,2026-02-03 12:00:00+00:00,2026-02-03 18:00:00+00:00,NOAA_GFS_operational_1p00_nearest_3h_linear_uv,2026-02-03 12:00:00+00:00,2026-02-03 18:00:00+00:00,NOAA_GFS_operational_1p00_nearest_3h_linear_uv
2026-02-04 00:00:00+00:00,2026-02-03T18:00:00+00:00,6,0.2053870178895179,0.198452969067969,0.2019199934787434,extra_trees_weather,29c40c6011b8e5d59609fca7,archived_forecast,2026-02-03 12:00:00+00:00,2026-02-03 18:00:00+00:00,NOAA_GFS_operational_1p00_nearest_3h_linear_uv,2026-02-03 12:00:00+00:00,2026-02-03 18:00:00+00:00,NOAA_GFS_operational_1p00_nearest_3h_linear_uv
2026-02-04 01:00:00+00:00,2026-02-03T18:00:00+00:00,7,0.1616945963064712,0.176275145086395,0.1689848706964331,extra_trees_weather,29c40c6011b8e5d59609fca7,archived_forecast,2026-02-03 12:00:00+00:00,2026-02-03 18:00:00+00:00,NOAA_GFS_operational_1p00_nearest_3h_linear_uv,2026-02-03 12:00:00+00:00,2026-02-03 18:00:00+00:00,NOAA_GFS_operational_1p00_nearest_3h_linear_uv
2026-02-04 02:00:00+00:00,2026-02-03T18:00:00+00:00,8,0.1267053212296961,0.1419065634365634,0.1343059423331298,extra_trees_weather,29c40c6011b8e5d59609fca7,archived_forecast,2026-02-03 12:00:00+00:00,2026-02-03 18:00:00+00:00,NOAA_GFS_operational_1p00_nearest_3h_linear_uv,2026-02-03 12:00:00+00:00,2026-02-03 18:00:00+00:00,NOAA_GFS_operational_1p00_nearest_3h_linear_uv
2026-02-04 03:00:00+00:00,2026-02-03T18:00:00+00:00,9,0.1081248101666851,0.1153190056240056,0.1117219078953453,extra_trees_weather,29c40c6011b8e5d59609fca7,archived_forecast,2026-02-03 12:00:00+00:00,2026-02-03 18:00:00+00:00,NOAA_GFS_operational_1p00_nearest_3h_linear_uv,2026-02-03 12:00:00+00:00,2026-02-03 18:00:00+00:00,NOAA_GFS_operational_1p00_nearest_3h_linear_uv
2026-02-04 04:00:00+00:00,2026-02-03T18:00:00+00:00,10,0.0918945374764124,0.1031316798941799,0.0975131086852961,extra_trees_weather,29c40c6011b8e5d59609fca7,archived_forecast,2026-02-03 12:00:00+00:00,2026-02-03 18:00:00+00:00,NOAA_GFS_operational_1p00_nearest_3h_linear_uv,2026-02-03 12:00:00+00:00,2026-02-03 18:00:00+00:00,NOAA_GFS_operational_1p00_nearest_3h_linear_uv
2026-02-04 05:00:00+00:00,2026-02-03T18:00:00+00:00,11,0.0968426566489065,0.0932530656843156,0.0950478611666111,extra_trees_weather,29c40c6011b8e5d59609fca7,archived_forecast,2026-02-03 12:00:00+00:00,2026-02-03 18:00:00+00:00,NOAA_GFS_operational_1p00_nearest_3h_linear_uv,2026-02-03 12:00:00+00:00,2026-02-03 18:00:00+00:00,NOAA_GFS_operational_1p00_nearest_3h_linear_uv
2026-02-04 06:00:00+00:00,2026-02-03T18:00:00+00:00,12,0.1005940918340917,0.0982103342028342,0.0994022130184629,extra_trees_weather,29c40c6011b8e5d59609fca7,archived_forecast,2026-02-03 12:00:00+00:00,2026-02-03 18:00:00+00:00,NOAA_GFS_operational_1p00_nearest_3h_linear_uv,2026-02-03 12:00:00+00:00,2026-02-03 18:00:00+00:00,NOAA_GFS_operational_1p00_nearest_3h_linear_uv
2026-02-04 07:00:00+00:00,2026-02-03T18:00:00+00:00,13,0.1083167860380359,0.1159121947578565,0.1121144903979462,extra_trees_weather,29c40c6011b8e5d59609fca7,archived_forecast,2026-02-03 12:00:00+00:00,2026-02-03 18:00:00+00:00,NOAA_GFS_operational_1p00_nearest_3h_linear_uv,2026-02-03 12:00:00+00:00,2026-02-03 18:00:00+00:00,NOAA_GFS_operational_1p00_nearest_3h_linear_uv
2026-02-04 08:00:00+00:00,2026-02-03T18:00:00+00:00,14,0.1127428379259628,0.1185987868694486,0.1156708123977057,extra_trees_weather,29c40c6011b8e5d59609fca7,archived_forecast,2026-02-03 12:00:00+00:00,2026-02-03 18:00:00+00:00,NOAA_GFS_operational_1p00_nearest_3h_linear_uv,2026-02-03 12:00:00+00:00,2026-02-03 18:00:00+00:00,NOAA_GFS_operational_1p00_nearest_3h_linear_uv
2026-02-04 09:00:00+00:00,2026-02-03T18:00:00+00:00,15,0.1207527093970843,0.1285211754530872,0.1246369424250858,extra_trees_weather,29c40c6011b8e5d59609fca7,archived_forecast,2026-02-03 12:00:00+00:00,2026-02-03 18:00:00+00:00,NOAA_GFS_operational_1p00_nearest_3h_linear_uv,2026-02-03 12:00:00+00:00,2026-02-03 18:00:00+00:00,NOAA_GFS_operational_1p00_nearest_3h_linear_uv
2026-02-04 10:00:00+00:00,2026-02-03T18:00:00+00:00,16,0.1286493388324637,0.1443156963488581,0.1364825175906609,extra_trees_weather,29c40c6011b8e5d59609fca7,archived_forecast,2026-02-03 12:00:00+00:00,2026-02-03 18:00:00+00:00,NOAA_GFS_operational_1p00_nearest_3h_linear_uv,2026-02-03 12:00:00+00:00,2026-02-03 18:00:00+00:00,NOAA_GFS_operational_1p00_nearest_3h_linear_uv
2026-02-04 11:00:00+00:00,2026-02-03T18:00:00+00:00,17,0.1453303517778517,0.1668915913335031,0.1561109715556774,extra_trees_weather,29c40c6011b8e5d59609fca7,archived_forecast,2026-02-03 12:00:00+00:00,2026-02-03 18:00:00+00:00,NOAA_GFS_operational_1p00_nearest_3h_linear_uv,2026-02-03 12:00:00+00:00,2026-02-03 18:00:00+00:00,NOAA_GFS_operational_1p00_nearest_3h_linear_uv
2026-02-04 12:00:00+00:00,2026-02-03T18:00:00+00:00,18,0.2262990235690235,0.2315301266407883,0.2289145751049059,extra_trees_weather,29c40c6011b8e5d59609fca7,archived_forecast,2026-02-03 12:00:00+00:00,2026-02-03 18:00:00+00:00,NOAA_GFS_operational_1p00_nearest_3h_linear_uv,2026-02-03 12:00:00+00:00,2026-02-03 18:00:00+00:00,NOAA_GFS_operational_1p00_nearest_3h_linear_uv
2026-02-04 13:00:00+00:00,2026-02-03T18:00:00+00:00,19,0.3617045617808116,0.3460102553233804,0.353857408552096,extra_trees_weather,29c40c6011b8e5d59609fca7,archived_forecast,2026-02-03 12:00:00+00:00,2026-02-03 18:00:00+00:00,NOAA_GFS_operational_1p00_nearest_3h_linear_uv,2026-02-03 12:00:00+00:00,2026-02-03 18:00:00+00:00,NOAA_GFS_operational_1p00_nearest_3h_linear_uv
2026-02-04 14:00:00+00:00,2026-02-03T18:00:00+00:00,20,0.4747976242276241,0.5014769334328526,0.4881372788302383,extra_trees_weather,29c40c6011b8e5d59609fca7,archived_forecast,2026-02-03 12:00:00+00:00,2026-02-03 18:00:00+00:00,NOAA_GFS_operational_1p00_nearest_3h_linear_uv,2026-02-03 12:00:00+00:00,2026-02-03 18:00:00+00:00,NOAA_GFS_operational_1p00_nearest_3h_linear_uv
2026-02-04 15:00:00+00:00,2026-02-03T18:00:00+00:00,21,0.5021597052797421,0.5601731414609354,0.5311664233703388,extra_trees_weather,29c40c6011b8e5d59609fca7,archived_forecast,2026-02-03 12:00:00+00:00,2026-02-03 18:00:00+00:00,NOAA_GFS_operational_1p00_nearest_3h_linear_uv,2026-02-03 12:00:00+00:00,2026-02-03 18:00:00+00:00,NOAA_GFS_operational_1p00_nearest_3h_linear_uv
2026-02-04 16:00:00+00:00,2026-02-03T18:00:00+00:00,22,0.4797576734689602,0.5373087965574727,0.5085332350132163,extra_trees_weather,29c40c6011b8e5d59609fca7,archived_forecast,2026-02-03 12:00:00+00:00,2026-02-03 18:00:00+00:00,NOAA_GFS_operational_1p00_nearest_3h_linear_uv,2026-02-03 12:00:00+00:00,2026-02-03 18:00:00+00:00,NOAA_GFS_operational_1p00_nearest_3h_linear_uv
2026-02-04 17:00:00+00:00,2026-02-03T18:00:00+00:00,23,0.5252151165582783,0.5141887608293124,0.5197019386937953,extra_trees_weather,29c40c6011b8e5d59609fca7,archived_forecast,2026-02-03 12:00:00+00:00,2026-02-03 18:00:00+00:00,NOAA_GFS_operational_1p00_nearest_3h_linear_uv,2026-02-03 12:00:00+00:00,2026-02-03 18:00:00+00:00,NOAA_GFS_operational_1p00_nearest_3h_linear_uv
2026-02-04 18:00:00+00:00,2026-02-03T18:00:00+00:00,24,0.5651058708747679,0.4875064152582169,0.5263061430664924,extra_trees_weather,29c40c6011b8e5d59609fca7,archived_forecast,2026-02-03 12:00:00+00:00,2026-02-03 18:00:00+00:00,NOAA_GFS_operational_1p00_nearest_3h_linear_uv,2026-02-03 12:00:00+00:00,2026-02-03 18:00:00+00:00,NOAA_GFS_operational_1p00_nearest_3h_linear_uv
2026-02-04 19:00:00+00:00,2026-02-03T18:00:00+00:00,25,0.5884853598580072,0.5638896017014033,0.5761874807797052,extra_trees_weather,29c40c6011b8e5d59609fca7,archived_forecast,2026-02-03 12:00:00+00:00,2026-02-03 18:00:00+00:00,NOAA_GFS_operational_1p00_nearest_3h_linear_uv,2026-02-03 12:00:00+00:00,2026-02-03 18:00:00+00:00,NOAA_GFS_operational_1p00_nearest_3h_linear_uv
2026-02-04 20:00:00+00:00,2026-02-03T18:00:00+00:00,26,0.574326102693603,0.5973478128883645,0.5858369577909838,extra_trees_weather,29c40c6011b8e5d59609fca7,archived_forecast,2026-02-03 12:00:00+00:00,2026-02-03 18:00:00+00:00,NOAA_GFS_operational_1p00_nearest_3h_linear_uv,2026-02-03 12:00:00+00:00,2026-02-03 18:00:00+00:00,NOAA_GFS_operational_1p00_nearest_3h_linear_uv
2026-02-04 21:00:00+00:00,2026-02-03T18:00:00+00:00,27,0.6087669272856776,0.600949980720532,0.6048584540031047,extra_trees_weather,29c40c6011b8e5d59609fca7,archived_forecast,2026-02-03 12:00:00+00:00,2026-02-03 18:00:00+00:00,NOAA_GFS_operational_1p00_nearest_3h_linear_uv,2026-02-03 12:00:00+00:00,2026-02-03 18:00:00+00:00,NOAA_GFS_operational_1p00_nearest_3h_linear_uv
2026-02-04 22:00:00+00:00,2026-02-03T18:00:00+00:00,28,0.74389251827693,0.6973150628837393,0.7206037905803347,extra_trees_weather,29c40c6011b8e5d59609fca7,archived_forecast,2026-02-03 12:00:00+00:00,2026-02-03 18:00:00+00:00,NOAA_GFS_operational_1p00_nearest_3h_linear_uv,2026-02-03 12:00:00+00:00,2026-02-03 18:00:00+00:00,NOAA_GFS_operational_1p00_nearest_3h_linear_uv
2026-02-04 23:00:00+00:00,2026-02-03T18:00:00+00:00,29,0.8005408214089833,0.7283681148549167,0.76445446813195,extra_trees_weather,29c40c6011b8e5d59609fca7,archived_forecast,2026-02-03 12:00:00+00:00,2026-02-03 18:00:00+00:00,NOAA_GFS_operational_1p00_nearest_3h_linear_uv,2026-02-03 12:00:00+00:00,2026-02-03 18:00:00+00:00,NOAA_GFS_operational_1p00_nearest_3h_linear_uv
2026-02-05 00:00:00+00:00,2026-02-03T18:00:00+00:00,30,0.8172429453498573,0.7228618742502627,0.77005240980006,extra_trees_weather,29c40c6011b8e5d59609fca7,archived_forecast,2026-02-03 12:00:00+00:00,2026-02-03 18:00:00+00:00,NOAA_GFS_operational_1p00_nearest_3h_linear_uv,2026-02-03 12:00:00+00:00,2026-02-03 18:00:00+00:00,NOAA_GFS_operational_1p00_nearest_3h_linear_uv
2026-02-05 01:00:00+00:00,2026-02-03T18:00:00+00:00,31,0.7974695087401706,0.7137197080368463,0.7555946083885084,extra_trees_weather,29c40c6011b8e5d59609fca7,archived_forecast,2026-02-03 12:00:00+00:00,2026-02-03 18:00:00+00:00,NOAA_GFS_operational_1p00_nearest_3h_linear_uv,2026-02-03 12:00:00+00:00,2026-02-03 18:00:00+00:00,NOAA_GFS_operational_1p00_nearest_3h_linear_uv
2026-02-05 02:00:00+00:00,2026-02-03T18:00:00+00:00,32,0.7623260049291665,0.6953048389342142,0.7288154219316904,extra_trees_weather,29c40c6011b8e5d59609fca7,archived_forecast,2026-02-03 12:00:00+00:00,2026-02-03 18:00:00+00:00,NOAA_GFS_operational_1p00_nearest_3h_linear_uv,2026-02-03 12:00:00+00:00,2026-02-03 18:00:00+00:00,NOAA_GFS_operational_1p00_nearest_3h_linear_uv
2026-02-05 03:00:00+00:00,2026-02-03T18:00:00+00:00,33,0.7202879339029705,0.6761286071567325,0.6982082705298515,extra_trees_weather,29c40c6011b8e5d59609fca7,archived_forecast,2026-02-03 12:00:00+00:00,2026-02-03 18:00:00+00:00,NOAA_GFS_operational_1p00_nearest_3h_linear_uv,2026-02-03 12:00:00+00:00,2026-02-03 18:00:00+00:00,NOAA_GFS_operational_1p00_nearest_3h_linear_uv
2026-02-05 04:00:00+00:00,2026-02-03T18:00:00+00:00,34,0.8068297817079437,0.7250019070415454,0.7659158443747445,extra_trees_weather,29c40c6011b8e5d59609fca7,archived_forecast,2026-02-03 12:00:00+00:00,2026-02-03 18:00:00+00:00,NOAA_GFS_operational_1p00_nearest_3h_linear_uv,2026-02-03 12:00:00+00:00,2026-02-03 18:00:00+00:00,NOAA_GFS_operational_1p00_nearest_3h_linear_uv
2026-02-05 05:00:00+00:00,2026-02-03T18:00:00+00:00,35,0.8260780128286748,0.7735844407809543,0.7998312268048146,extra_trees_weather,29c40c6011b8e5d59609fca7,archived_forecast,2026-02-03 12:00:00+00:00,2026-02-03 18:00:00+00:00,NOAA_GFS_operational_1p00_nearest_3h_linear_uv,2026-02-03 12:00:00+00:00,2026-02-03 18:00:00+00:00,NOAA_GFS_operational_1p00_nearest_3h_linear_uv
2026-02-05 06:00:00+00:00,2026-02-03T18:00:00+00:00,36,0.8254613984245605,0.7761825582653217,0.800821978344941,extra_trees_weather,29c40c6011b8e5d59609fca7,archived_forecast,2026-02-03 12:00:00+00:00,2026-02-03 18:00:00+00:00,NOAA_GFS_operational_1p00_nearest_3h_linear_uv,2026-02-03 12:00:00+00:00,2026-02-03 18:00:00+00:00,NOAA_GFS_operational_1p00_nearest_3h_linear_uv
2026-02-05 07:00:00+00:00,2026-02-03T18:00:00+00:00,37,0.8217534350915972,0.7867619792609927,0.8042577071762949,extra_trees_weather,29c40c6011b8e5d59609fca7,archived_forecast,2026-02-03 12:00:00+00:00,2026-02-03 18:00:00+00:00,NOAA_GFS_operational_1p00_nearest_3h_linear_uv,2026-02-03 12:00:00+00:00,2026-02-03 18:00:00+00:00,NOAA_GFS_operational_1p00_nearest_3h_linear_uv
2026-02-05 08:00:00+00:00,2026-02-03T18:00:00+00:00,38,0.8237844101813222,0.7782326889679525,0.8010085495746373,extra_trees_weather,29c40c6011b8e5d59609fca7,archived_forecast,2026-02-03 12:00:00+00:00,2026-02-03 18:00:00+00:00,NOAA_GFS_operational_1p00_nearest_3h_linear_uv,2026-02-03 12:00:00+00:00,2026-02-03 18:00:00+00:00,NOAA_GFS_operational_1p00_nearest_3h_linear_uv
2026-02-05 09:00:00+00:00,2026-02-03T18:00:00+00:00,39,0.8382129772161391,0.7745815885406021,0.8063972828783706,extra_trees_weather,29c40c6011b8e5d59609fca7,archived_forecast,2026-02-03 12:00:00+00:00,2026-02-03 18:00:00+00:00,NOAA_GFS_operational_1p00_nearest_3h_linear_uv,2026-02-03 12:00:00+00:00,2026-02-03 18:00:00+00:00,NOAA_GFS_operational_1p00_nearest_3h_linear_uv
2026-02-05 10:00:00+00:00,2026-02-03T18:00:00+00:00,40,0.8395939824608945,0.7649124768189904,0.8022532296399425,extra_trees_weather,29c40c6011b8e5d59609fca7,archived_forecast,2026-02-03 12:00:00+00:00,2026-02-03 18:00:00+00:00,NOAA_GFS_operational_1p00_nearest_3h_linear_uv,2026-02-03 12:00:00+00:00,2026-02-03 18:00:00+00:00,NOAA_GFS_operational_1p00_nearest_3h_linear_uv
2026-02-05 11:00:00+00:00,2026-02-03T18:00:00+00:00,41,0.6658898818773819,0.653757361989862,0.6598236219336219,extra_trees_weather,29c40c6011b8e5d59609fca7,archived_forecast,2026-02-03 12:00:00+00:00,2026-02-03 18:00:00+00:00,NOAA_GFS_operational_1p00_nearest_3h_linear_uv,2026-02-03 12:00:00+00:00,2026-02-03 18:00:00+00:00,NOAA_GFS_operational_1p00_nearest_3h_linear_uv
2026-02-05 12:00:00+00:00,2026-02-03T18:00:00+00:00,42,0.5455402301388699,0.6106936794686794,0.5781169548037747,extra_trees_weather,29c40c6011b8e5d59609fca7,archived_forecast,2026-02-03 12:00:00+00:00,2026-02-03 18:00:00+00:00,NOAA_GFS_operational_1p00_nearest_3h_linear_uv,2026-02-03 12:00:00+00:00,2026-02-03 18:00:00+00:00,NOAA_GFS_operational_1p00_nearest_3h_linear_uv
2026-02-05 13:00:00+00:00,2026-02-03T18:00:00+00:00,43,0.5399167489441388,0.5824626508866949,0.5611896999154169,extra_trees_weather,29c40c6011b8e5d59609fca7,archived_forecast,2026-02-03 12:00:00+00:00,2026-02-03 18:00:00+00:00,NOAA_GFS_operational_1p00_nearest_3h_linear_uv,2026-02-03 12:00:00+00:00,2026-02-03 18:00:00+00:00,NOAA_GFS_operational_1p00_nearest_3h_linear_uv
2026-02-05 14:00:00+00:00,2026-02-03T18:00:00+00:00,44,0.5410263750125147,0.5762655588121028,0.5586459669123087,extra_trees_weather,29c40c6011b8e5d59609fca7,archived_forecast,2026-02-03 12:00:00+00:00,2026-02-03 18:00:00+00:00,NOAA_GFS_operational_1p00_nearest_3h_linear_uv,2026-02-03 12:00:00+00:00,2026-02-03 18:00:00+00:00,NOAA_GFS_operational_1p00_nearest_3h_linear_uv
2026-02-05 15:00:00+00:00,2026-02-03T18:00:00+00:00,45,0.5609062419048818,0.6100212812187811,0.5854637615618314,extra_trees_weather,29c40c6011b8e5d59609fca7,archived_forecast,2026-02-03 12:00:00+00:00,2026-02-03 18:00:00+00:00,NOAA_GFS_operational_1p00_nearest_3h_linear_uv,2026-02-03 12:00:00+00:00,2026-02-03 18:00:00+00:00,NOAA_GFS_operational_1p00_nearest_3h_linear_uv
2026-02-05 16:00:00+00:00,2026-02-03T18:00:00+00:00,46,0.5102436321535218,0.5530423152310652,0.5316429736922936,extra_trees_weather,29c40c6011b8e5d59609fca7,archived_forecast,2026-02-03 12:00:00+00:00,2026-02-03 18:00:00+00:00,NOAA_GFS_operational_1p00_nearest_3h_linear_uv,2026-02-03 12:00:00+00:00,2026-02-03 18:00:00+00:00,NOAA_GFS_operational_1p00_nearest_3h_linear_uv
2026-02-05 17:00:00+00:00,2026-02-03T18:00:00+00:00,47,0.4187280537518038,0.4442013468707219,0.4314647003112628,extra_trees_weather,29c40c6011b8e5d59609fca7,archived_forecast,2026-02-03 12:00:00+00:00,2026-02-03 18:00:00+00:00,NOAA_GFS_operational_1p00_nearest_3h_linear_uv,2026-02-03 12:00:00+00:00,2026-02-03 18:00:00+00:00,NOAA_GFS_operational_1p00_nearest_3h_linear_uv
2026-02-05 18:00:00+00:00,2026-02-03T18:00:00+00:00,48,0.3523043117299367,0.3903458493127241,0.3713250805213304,extra_trees_weather,29c40c6011b8e5d59609fca7,archived_forecast,2026-02-03 12:00:00+00:00,2026-02-03 18:00:00+00:00,NOAA_GFS_operational_1p00_nearest_3h_linear_uv,2026-02-03 12:00:00+00:00,2026-02-03 18:00:00+00:00,NOAA_GFS_operational_1p00_nearest_3h_linear_uv
2026-02-04 19:00:00+00:00,2026-02-04T18:00:00+00:00,1,0.6267581469225223,0.6103485381584646,0.6185533425404934,extra_trees_weather,b6c0b144a727a4127e9b4953,archived_forecast,2026-02-04 12:00:00+00:00,2026-02-04 18:00:00+00:00,NOAA_GFS_operational_1p00_nearest_3h_linear_uv,2026-02-04 12:00:00+00:00,2026-02-04 18:00:00+00:00,NOAA_GFS_operational_1p00_nearest_3h_linear_uv
2026-02-04 20:00:00+00:00,2026-02-04T18:00:00+00:00,2,0.6130847162790916,0.6456641661647176,0.6293744412219046,extra_trees_weather,b6c0b144a727a4127e9b4953,archived_forecast,2026-02-04 12:00:00+00:00,2026-02-04 18:00:00+00:00,NOAA_GFS_operational_1p00_nearest_3h_linear_uv,2026-02-04 12:00:00+00:00,2026-02-04 18:00:00+00:00,NOAA_GFS_operational_1p00_nearest_3h_linear_uv
2026-02-04 21:00:00+00:00,2026-02-04T18:00:00+00:00,3,0.7035456041181039,0.7290790291258306,0.7163123166219671,extra_trees_weather,b6c0b144a727a4127e9b4953,archived_forecast,2026-02-04 12:00:00+00:00,2026-02-04 18:00:00+00:00,NOAA_GFS_operational_1p00_nearest_3h_linear_uv,2026-02-04 12:00:00+00:00,2026-02-04 18:00:00+00:00,NOAA_GFS_operational_1p00_nearest_3h_linear_uv
2026-02-04 22:00:00+00:00,2026-02-04T18:00:00+00:00,4,0.8035452667090535,0.7151147247727764,0.7593299957409149,extra_trees_weather,b6c0b144a727a4127e9b4953,archived_forecast,2026-02-04 12:00:00+00:00,2026-02-04 18:00:00+00:00,NOAA_GFS_operational_1p00_nearest_3h_linear_uv,2026-02-04 12:00:00+00:00,2026-02-04 18:00:00+00:00,NOAA_GFS_operational_1p00_nearest_3h_linear_uv
2026-02-04 23:00:00+00:00,2026-02-04T18:00:00+00:00,5,0.8287020697902318,0.7149094245637261,0.771805747176979,extra_trees_weather,b6c0b144a727a4127e9b4953,archived_forecast,2026-02-04 12:00:00+00:00,2026-02-04 18:00:00+00:00,NOAA_GFS_operational_1p00_nearest_3h_linear_uv,2026-02-04 12:00:00+00:00,2026-02-04 18:00:00+00:00,NOAA_GFS_operational_1p00_nearest_3h_linear_uv
2026-02-05 00:00:00+00:00,2026-02-04T18:00:00+00:00,6,0.8264067351711472,0.7515660649998153,0.7889864000854812,extra_trees_weather,b6c0b144a727a4127e9b4953,archived_forecast,2026-02-04 12:00:00+00:00,2026-02-04 18:00:00+00:00,NOAA_GFS_operational_1p00_nearest_3h_linear_uv,2026-02-04 12:00:00+00:00,2026-02-04 18:00:00+00:00,NOAA_GFS_operational_1p00_nearest_3h_linear_uv
2026-02-05 01:00:00+00:00,2026-02-04T18:00:00+00:00,7,0.809150515094927,0.660715299029674,0.7349329070623005,extra_trees_weather,b6c0b144a727a4127e9b4953,archived_forecast,2026-02-04 12:00:00+00:00,2026-02-04 18:00:00+00:00,NOAA_GFS_operational_1p00_nearest_3h_linear_uv,2026-02-04 12:00:00+00:00,2026-02-04 18:00:00+00:00,NOAA_GFS_operational_1p00_nearest_3h_linear_uv
2026-02-05 02:00:00+00:00,2026-02-04T18:00:00+00:00,8,0.744400095491382,0.6530852341871091,0.6987426648392456,extra_trees_weather,b6c0b144a727a4127e9b4953,archived_forecast,2026-02-04 12:00:00+00:00,2026-02-04 18:00:00+00:00,NOAA_GFS_operational_1p00_nearest_3h_linear_uv,2026-02-04 12:00:00+00:00,2026-02-04 18:00:00+00:00,NOAA_GFS_operational_1p00_nearest_3h_linear_uv
2026-02-05 03:00:00+00:00,2026-02-04T18:00:00+00:00,9,0.5095849366143115,0.5446137756225254,0.5270993561184185,extra_trees_weather,b6c0b144a727a4127e9b4953,archived_forecast,2026-02-04 12:00:00+00:00,2026-02-04 18:00:00+00:00,NOAA_GFS_operational_1p00_nearest_3h_linear_uv,2026-02-04 12:00:00+00:00,2026-02-04 18:00:00+00:00,NOAA_GFS_operational_1p00_nearest_3h_linear_uv
2026-02-05 04:00:00+00:00,2026-02-04T18:00:00+00:00,10,0.7199013188513556,0.6232431618612865,0.6715722403563211,extra_trees_weather,b6c0b144a727a4127e9b4953,archived_forecast,2026-02-04 12:00:00+00:00,2026-02-04 18:00:00+00:00,NOAA_GFS_operational_1p00_nearest_3h_linear_uv,2026-02-04 12:00:00+00:00,2026-02-04 18:00:00+00:00,NOAA_GFS_operational_1p00_nearest_3h_linear_uv
2026-02-05 05:00:00+00:00,2026-02-04T18:00:00+00:00,11,0.8105456307662929,0.679583379028379,0.745064504897336,extra_trees_weather,b6c0b144a727a4127e9b4953,archived_forecast,2026-02-04 12:00:00+00:00,2026-02-04 18:00:00+00:00,NOAA_GFS_operational_1p00_nearest_3h_linear_uv,2026-02-04 12:00:00+00:00,2026-02-04 18:00:00+00:00,NOAA_GFS_operational_1p00_nearest_3h_linear_uv
2026-02-05 06:00:00+00:00,2026-02-04T18:00:00+00:00,12,0.8191824631468752,0.7469614018851521,0.7830719325160137,extra_trees_weather,b6c0b144a727a4127e9b4953,archived_forecast,2026-02-04 12:00:00+00:00,2026-02-04 18:00:00+00:00,NOAA_GFS_operational_1p00_nearest_3h_linear_uv,2026-02-04 12:00:00+00:00,2026-02-04 18:00:00+00:00,NOAA_GFS_operational_1p00_nearest_3h_linear_uv
2026-02-05 07:00:00+00:00,2026-02-04T18:00:00+00:00,13,0.8194667923362045,0.770224310735561,0.7948455515358827,extra_trees_weather,b6c0b144a727a4127e9b4953,archived_forecast,2026-02-04 12:00:00+00:00,2026-02-04 18:00:00+00:00,NOAA_GFS_operational_1p00_nearest_3h_linear_uv,2026-02-04 12:00:00+00:00,2026-02-04 18:00:00+00:00,NOAA_GFS_operational_1p00_nearest_3h_linear_uv
2026-02-05 08:00:00+00:00,2026-02-04T18:00:00+00:00,14,0.8209344803888923,0.7526880205442709,0.7868112504665816,extra_trees_weather,b6c0b144a727a4127e9b4953,archived_forecast,2026-02-04 12:00:00+00:00,2026-02-04 18:00:00+00:00,NOAA_GFS_operational_1p00_nearest_3h_linear_uv,2026-02-04 12:00:00+00:00,2026-02-04 18:00:00+00:00,NOAA_GFS_operational_1p00_nearest_3h_linear_uv
2026-02-05 09:00:00+00:00,2026-02-04T18:00:00+00:00,15,0.8350130474237095,0.7504282461982466,0.792720646810978,extra_trees_weather,b6c0b144a727a4127e9b4953,archived_forecast,2026-02-04 12:00:00+00:00,2026-02-04 18:00:00+00:00,NOAA_GFS_operational_1p00_nearest_3h_linear_uv,2026-02-04 12:00:00+00:00,2026-02-04 18:00:00+00:00,NOAA_GFS_operational_1p00_nearest_3h_linear_uv
2026-02-05 10:00:00+00:00,2026-02-04T18:00:00+00:00,16,0.7263093306462057,0.6645868101343103,0.695448070390258,extra_trees_weather,b6c0b144a727a4127e9b4953,archived_forecast,2026-02-04 12:00:00+00:00,2026-02-04 18:00:00+00:00,NOAA_GFS_operational_1p00_nearest_3h_linear_uv,2026-02-04 12:00:00+00:00,2026-02-04 18:00:00+00:00,NOAA_GFS_operational_1p00_nearest_3h_linear_uv
2026-02-05 11:00:00+00:00,2026-02-04T18:00:00+00:00,17,0.5657557538050185,0.585131365948866,0.5754435598769422,extra_trees_weather,b6c0b144a727a4127e9b4953,archived_forecast,2026-02-04 12:00:00+00:00,2026-02-04 18:00:00+00:00,NOAA_GFS_operational_1p00_nearest_3h_linear_uv,2026-02-04 12:00:00+00:00,2026-02-04 18:00:00+00:00,NOAA_GFS_operational_1p00_nearest_3h_linear_uv
2026-02-05 12:00:00+00:00,2026-02-04T18:00:00+00:00,18,0.3591010384060385,0.3771682988770487,0.3681346686415436,extra_trees_weather,b6c0b144a727a4127e9b4953,archived_forecast,2026-02-04 12:00:00+00:00,2026-02-04 18:00:00+00:00,NOAA_GFS_operational_1p00_nearest_3h_linear_uv,2026-02-04 12:00:00+00:00,2026-02-04 18:00:00+00:00,NOAA_GFS_operational_1p00_nearest_3h_linear_uv
2026-02-05 13:00:00+00:00,2026-02-04T18:00:00+00:00,19,0.4124935668960669,0.4134981524956524,0.4129958596958597,extra_trees_weather,b6c0b144a727a4127e9b4953,archived_forecast,2026-02-04 12:00:00+00:00,2026-02-04 18:00:00+00:00,NOAA_GFS_operational_1p00_nearest_3h_linear_uv,2026-02-04 12:00:00+00:00,2026-02-04 18:00:00+00:00,NOAA_GFS_operational_1p00_nearest_3h_linear_uv
2026-02-05 14:00:00+00:00,2026-02-04T18:00:00+00:00,20,0.42243606511544,0.418246814990565,0.4203414400530025,extra_trees_weather,b6c0b144a727a4127e9b4953,archived_forecast,2026-02-04 12:00:00+00:00,2026-02-04 18:00:00+00:00,NOAA_GFS_operational_1p00_nearest_3h_linear_uv,2026-02-04 12:00:00+00:00,2026-02-04 18:00:00+00:00,NOAA_GFS_operational_1p00_nearest_3h_linear_uv
2026-02-05 15:00:00+00:00,2026-02-04T18:00:00+00:00,21,0.4159927705396455,0.4186454916611165,0.417319131100381,extra_trees_weather,b6c0b144a727a4127e9b4953,archived_forecast,2026-02-04 12:00:00+00:00,2026-02-04 18:00:00+00:00,NOAA_GFS_operational_1p00_nearest_3h_linear_uv,2026-02-04 12:00:00+00:00,2026-02-04 18:00:00+00:00,NOAA_GFS_operational_1p00_nearest_3h_linear_uv
2026-02-05 16:00:00+00:00,2026-02-04T18:00:00+00:00,22,0.3852106832288082,0.3794224355968106,0.3823165594128094,extra_trees_weather,b6c0b144a727a4127e9b4953,archived_forecast,2026-02-04 12:00:00+00:00,2026-02-04 18:00:00+00:00,NOAA_GFS_operational_1p00_nearest_3h_linear_uv,2026-02-04 12:00:00+00:00,2026-02-04 18:00:00+00:00,NOAA_GFS_operational_1p00_nearest_3h_linear_uv
2026-02-05 17:00:00+00:00,2026-02-04T18:00:00+00:00,23,0.3601520948264697,0.3596774169117918,0.3599147558691308,extra_trees_weather,b6c0b144a727a4127e9b4953,archived_forecast,2026-02-04 12:00:00+00:00,2026-02-04 18:00:00+00:00,NOAA_GFS_operational_1p00_nearest_3h_linear_uv,2026-02-04 12:00:00+00:00,2026-02-04 18:00:00+00:00,NOAA_GFS_operational_1p00_nearest_3h_linear_uv
2026-02-05 18:00:00+00:00,2026-02-04T18:00:00+00:00,24,0.3408662119130868,0.3627916719622969,0.3518289419376918,extra_trees_weather,b6c0b144a727a4127e9b4953,archived_forecast,2026-02-04 12:00:00+00:00,2026-02-04 18:00:00+00:00,NOAA_GFS_operational_1p00_nearest_3h_linear_uv,2026-02-04 12:00:00+00:00,2026-02-04 18:00:00+00:00,NOAA_GFS_operational_1p00_nearest_3h_linear_uv
2026-02-05 19:00:00+00:00,2026-02-04T18:00:00+00:00,25,0.3546695725570724,0.351564050139675,0.3531168113483738,extra_trees_weather,b6c0b144a727a4127e9b4953,archived_forecast,2026-02-04 12:00:00+00:00,2026-02-04 18:00:00+00:00,NOAA_GFS_operational_1p00_nearest_3h_linear_uv,2026-02-04 12:00:00+00:00,2026-02-04 18:00:00+00:00,NOAA_GFS_operational_1p00_nearest_3h_linear_uv
2026-02-05 20:00:00+00:00,2026-02-04T18:00:00+00:00,26,0.3504725919450917,0.3417660231666481,0.3461193075558699,extra_trees_weather,b6c0b144a727a4127e9b4953,archived_forecast,2026-02-04 12:00:00+00:00,2026-02-04 18:00:00+00:00,NOAA_GFS_operational_1p00_nearest_3h_linear_uv,2026-02-04 12:00:00+00:00,2026-02-04 18:00:00+00:00,NOAA_GFS_operational_1p00_nearest_3h_linear_uv
2026-02-05 21:00:00+00:00,2026-02-04T18:00:00+00:00,27,0.3467232804001552,0.3133632153263402,0.3300432478632477,extra_trees_weather,b6c0b144a727a4127e9b4953,archived_forecast,2026-02-04 12:00:00+00:00,2026-02-04 18:00:00+00:00,NOAA_GFS_operational_1p00_nearest_3h_linear_uv,2026-02-04 12:00:00+00:00,2026-02-04 18:00:00+00:00,NOAA_GFS_operational_1p00_nearest_3h_linear_uv
2026-02-05 22:00:00+00:00,2026-02-04T18:00:00+00:00,28,0.3422065929209677,0.3016187108030857,0.3219126518620267,extra_trees_weather,b6c0b144a727a4127e9b4953,archived_forecast,2026-02-04 12:00:00+00:00,2026-02-04 18:00:00+00:00,NOAA_GFS_operational_1p00_nearest_3h_linear_uv,2026-02-04 12:00:00+00:00,2026-02-04 18:00:00+00:00,NOAA_GFS_operational_1p00_nearest_3h_linear_uv
2026-02-05 23:00:00+00:00,2026-02-04T18:00:00+00:00,29,0.3272383460983459,0.287948656917701,0.3075935015080234,extra_trees_weather,b6c0b144a727a4127e9b4953,archived_forecast,2026-02-04 12:00:00+00:00,2026-02-04 18:00:00+00:00,NOAA_GFS_operational_1p00_nearest_3h_linear_uv,2026-02-04 12:00:00+00:00,2026-02-04 18:00:00+00:00,NOAA_GFS_operational_1p00_nearest_3h_linear_uv
2026-02-06 00:00:00+00:00,2026-02-04T18:00:00+00:00,30,0.3325346746309246,0.2831058051439301,0.3078202398874274,extra_trees_weather,b6c0b144a727a4127e9b4953,archived_forecast,2026-02-04 12:00:00+00:00,2026-02-04 18:00:00+00:00,NOAA_GFS_operational_1p00_nearest_3h_linear_uv,2026-02-04 12:00:00+00:00,2026-02-04 18:00:00+00:00,NOAA_GFS_operational_1p00_nearest_3h_linear_uv
2026-02-06 01:00:00+00:00,2026-02-04T18:00:00+00:00,31,0.1968248753098753,0.2116743407518406,0.2042496080308579,extra_trees_weather,b6c0b144a727a4127e9b4953,archived_forecast,2026-02-04 12:00:00+00:00,2026-02-04 18:00:00+00:00,NOAA_GFS_operational_1p00_nearest_3h_linear_uv,2026-02-04 12:00:00+00:00,2026-02-04 18:00:00+00:00,NOAA_GFS_operational_1p00_nearest_3h_linear_uv
2026-02-06 02:00:00+00:00,2026-02-04T18:00:00+00:00,32,0.1513077441077441,0.1702103394753394,0.1607590417915417,extra_trees_weather,b6c0b144a727a4127e9b4953,archived_forecast,2026-02-04 12:00:00+00:00,2026-02-04 18:00:00+00:00,NOAA_GFS_operational_1p00_nearest_3h_linear_uv,2026-02-04 12:00:00+00:00,2026-02-04 18:00:00+00:00,NOAA_GFS_operational_1p00_nearest_3h_linear_uv
2026-02-06 03:00:00+00:00,2026-02-04T18:00:00+00:00,33,0.1309668643393643,0.1429426864801864,0.1369547754097754,extra_trees_weather,b6c0b144a727a4127e9b4953,archived_forecast,2026-02-04 12:00:00+00:00,2026-02-04 18:00:00+00:00,NOAA_GFS_operational_1p00_nearest_3h_linear_uv,2026-02-04 12:00:00+00:00,2026-02-04 18:00:00+00:00,NOAA_GFS_operational_1p00_nearest_3h_linear_uv
2026-02-06 04:00:00+00:00,2026-02-04T18:00:00+00:00,34,0.1098229248066747,0.1168327229252229,0.1133278238659488,extra_trees_weather,b6c0b144a727a4127e9b4953,archived_forecast,2026-02-04 12:00:00+00:00,2026-02-04 18:00:00+00:00,NOAA_GFS_operational_1p00_nearest_3h_linear_uv,2026-02-04 12:00:00+00:00,2026-02-04 18:00:00+00:00,NOAA_GFS_operational_1p00_nearest_3h_linear_uv
2026-02-06 05:00:00+00:00,2026-02-04T18:00:00+00:00,35,0.11709772005772,0.1162601476301476,0.1166789338439338,extra_trees_weather,b6c0b144a727a4127e9b4953,archived_forecast,2026-02-04 12:00:00+00:00,2026-02-04 18:00:00+00:00,NOAA_GFS_operational_1p00_nearest_3h_linear_uv,2026-02-04 12:00:00+00:00,2026-02-04 18:00:00+00:00,NOAA_GFS_operational_1p00_nearest_3h_linear_uv
2026-02-06 06:00:00+00:00,2026-02-04T18:00:00+00:00,36,0.1162285662948162,0.1114218966681466,0.1138252314814814,extra_trees_weather,b6c0b144a727a4127e9b4953,archived_forecast,2026-02-04 12:00:00+00:00,2026-02-04 18:00:00+00:00,NOAA_GFS_operational_1p00_nearest_3h_linear_uv,2026-02-04 12:00:00+00:00,2026-02-04 18:00:00+00:00,NOAA_GFS_operational_1p00_nearest_3h_linear_uv
2026-02-06 07:00:00+00:00,2026-02-04T18:00:00+00:00,37,0.1183736288248787,0.1104708931808932,0.1144222610028859,extra_trees_weather,b6c0b144a727a4127e9b4953,archived_forecast,2026-02-04 12:00:00+00:00,2026-02-04 18:00:00+00:00,NOAA_GFS_operational_1p00_nearest_3h_linear_uv,2026-02-04 12:00:00+00:00,2026-02-04 18:00:00+00:00,NOAA_GFS_operational_1p00_nearest_3h_linear_uv
2026-02-06 08:00:00+00:00,2026-02-04T18:00:00+00:00,38,0.1222257762607762,0.1119816613479113,0.1171037188043438,extra_trees_weather,b6c0b144a727a4127e9b4953,archived_forecast,2026-02-04 12:00:00+00:00,2026-02-04 18:00:00+00:00,NOAA_GFS_operational_1p00_nearest_3h_linear_uv,2026-02-04 12:00:00+00:00,2026-02-04 18:00:00+00:00,NOAA_GFS_operational_1p00_nearest_3h_linear_uv
2026-02-06 09:00:00+00:00,2026-02-04T18:00:00+00:00,39,0.1282188304288304,0.1197659166296666,0.1239923735292485,extra_trees_weather,b6c0b144a727a4127e9b4953,archived_forecast,2026-02-04 12:00:00+00:00,2026-02-04 18:00:00+00:00,NOAA_GFS_operational_1p00_nearest_3h_linear_uv,2026-02-04 12:00:00+00:00,2026-02-04 18:00:00+00:00,NOAA_GFS_operational_1p00_nearest_3h_linear_uv
2026-02-06 10:00:00+00:00,2026-02-04T18:00:00+00:00,40,0.1912350644494393,0.1537950154937655,0.1725150399716024,extra_trees_weather,b6c0b144a727a4127e9b4953,archived_forecast,2026-02-04 12:00:00+00:00,2026-02-04 18:00:00+00:00,NOAA_GFS_operational_1p00_nearest_3h_linear_uv,2026-02-04 12:00:00+00:00,2026-02-04 18:00:00+00:00,NOAA_GFS_operational_1p00_nearest_3h_linear_uv
2026-02-06 11:00:00+00:00,2026-02-04T18:00:00+00:00,41,0.30247960514023,0.279243312012062,0.290861458576146,extra_trees_weather,b6c0b144a727a4127e9b4953,archived_forecast,2026-02-04 12:00:00+00:00,2026-02-04 18:00:00+00:00,NOAA_GFS_operational_1p00_nearest_3h_linear_uv,2026-02-04 12:00:00+00:00,2026-02-04 18:00:00+00:00,NOAA_GFS_operational_1p00_nearest_3h_linear_uv
2026-02-06 12:00:00+00:00,2026-02-04T18:00:00+00:00,42,0.4986670666601917,0.5349366599141596,0.5168018632871757,extra_trees_weather,b6c0b144a727a4127e9b4953,archived_forecast,2026-02-04 12:00:00+00:00,2026-02-04 18:00:00+00:00,NOAA_GFS_operational_1p00_nearest_3h_linear_uv,2026-02-04 12:00:00+00:00,2026-02-04 18:00:00+00:00,NOAA_GFS_operational_1p00_nearest_3h_linear_uv
2026-02-06 13:00:00+00:00,2026-02-04T18:00:00+00:00,43,0.5299410166671565,0.5806457131947573,0.5552933649309569,extra_trees_weather,b6c0b144a727a4127e9b4953,archived_forecast,2026-02-04 12:00:00+00:00,2026-02-04 18:00:00+00:00,NOAA_GFS_operational_1p00_nearest_3h_linear_uv,2026-02-04 12:00:00+00:00,2026-02-04 18:00:00+00:00,NOAA_GFS_operational_1p00_nearest_3h_linear_uv
2026-02-06 14:00:00+00:00,2026-02-04T18:00:00+00:00,44,0.5623307374093772,0.5545341291306731,0.5584324332700252,extra_trees_weather,b6c0b144a727a4127e9b4953,archived_forecast,2026-02-04 12:00:00+00:00,2026-02-04 18:00:00+00:00,NOAA_GFS_operational_1p00_nearest_3h_linear_uv,2026-02-04 12:00:00+00:00,2026-02-04 18:00:00+00:00,NOAA_GFS_operational_1p00_nearest_3h_linear_uv
2026-02-06 15:00:00+00:00,2026-02-04T18:00:00+00:00,45,0.5500408451026098,0.5676152080517519,0.5588280265771808,extra_trees_weather,b6c0b144a727a4127e9b4953,archived_forecast,2026-02-04 12:00:00+00:00,2026-02-04 18:00:00+00:00,NOAA_GFS_operational_1p00_nearest_3h_linear_uv,2026-02-04 12:00:00+00:00,2026-02-04 18:00:00+00:00,NOAA_GFS_operational_1p00_nearest_3h_linear_uv
2026-02-06 16:00:00+00:00,2026-02-04T18:00:00+00:00,46,0.4489847672466421,0.447918864283864,0.4484518157652531,extra_trees_weather,b6c0b144a727a4127e9b4953,archived_forecast,2026-02-04 12:00:00+00:00,2026-02-04 18:00:00+00:00,NOAA_GFS_operational_1p00_nearest_3h_linear_uv,2026-02-04 12:00:00+00:00,2026-02-04 18:00:00+00:00,NOAA_GFS_operational_1p00_nearest_3h_linear_uv
2026-02-06 17:00:00+00:00,2026-02-04T18:00:00+00:00,47,0.3488732921939169,0.327610808909228,0.3382420505515724,extra_trees_weather,b6c0b144a727a4127e9b4953,archived_forecast,2026-02-04 12:00:00+00:00,2026-02-04 18:00:00+00:00,NOAA_GFS_operational_1p00_nearest_3h_linear_uv,2026-02-04 12:00:00+00:00,2026-02-04 18:00:00+00:00,NOAA_GFS_operational_1p00_nearest_3h_linear_uv
2026-02-06 18:00:00+00:00,2026-02-04T18:00:00+00:00,48,0.2915056451187702,0.2776546393611834,0.2845801422399768,extra_trees_weather,b6c0b144a727a4127e9b4953,archived_forecast,2026-02-04 12:00:00+00:00,2026-02-04 18:00:00+00:00,NOAA_GFS_operational_1p00_nearest_3h_linear_uv,2026-02-04 12:00:00+00:00,2026-02-04 18:00:00+00:00,NOAA_GFS_operational_1p00_nearest_3h_linear_uv
2026-02-05 19:00:00+00:00,2026-02-05T18:00:00+00:00,1,0.3449889671902171,0.3518655564574313,0.3484272618238242,extra_trees_weather,909e40c5a63bae414437aba4,archived_forecast,2026-02-05 12:00:00+00:00,2026-02-05 18:00:00+00:00,NOAA_GFS_operational_1p00_nearest_3h_linear_uv,2026-02-05 12:00:00+00:00,2026-02-05 18:00:00+00:00,NOAA_GFS_operational_1p00_nearest_3h_linear_uv
2026-02-05 20:00:00+00:00,2026-02-05T18:00:00+00:00,2,0.3458053199115698,0.3458665134633884,0.3458359166874791,extra_trees_weather,909e40c5a63bae414437aba4,archived_forecast,2026-02-05 12:00:00+00:00,2026-02-05 18:00:00+00:00,NOAA_GFS_operational_1p00_nearest_3h_linear_uv,2026-02-05 12:00:00+00:00,2026-02-05 18:00:00+00:00,NOAA_GFS_operational_1p00_nearest_3h_linear_uv
2026-02-05 21:00:00+00:00,2026-02-05T18:00:00+00:00,3,0.3381989242239242,0.3240194631988381,0.3311091937113811,extra_trees_weather,909e40c5a63bae414437aba4,archived_forecast,2026-02-05 12:00:00+00:00,2026-02-05 18:00:00+00:00,NOAA_GFS_operational_1p00_nearest_3h_linear_uv,2026-02-05 12:00:00+00:00,2026-02-05 18:00:00+00:00,NOAA_GFS_operational_1p00_nearest_3h_linear_uv
2026-02-05 22:00:00+00:00,2026-02-05T18:00:00+00:00,4,0.3337613845876344,0.290458870088245,0.3121101273379397,extra_trees_weather,909e40c5a63bae414437aba4,archived_forecast,2026-02-05 12:00:00+00:00,2026-02-05 18:00:00+00:00,NOAA_GFS_operational_1p00_nearest_3h_linear_uv,2026-02-05 12:00:00+00:00,2026-02-05 18:00:00+00:00,NOAA_GFS_operational_1p00_nearest_3h_linear_uv
2026-02-05 23:00:00+00:00,2026-02-05T18:00:00+00:00,5,0.3193117973461722,0.2621385165719356,0.2907251569590539,extra_trees_weather,909e40c5a63bae414437aba4,archived_forecast,2026-02-05 12:00:00+00:00,2026-02-05 18:00:00+00:00,NOAA_GFS_operational_1p00_nearest_3h_linear_uv,2026-02-05 12:00:00+00:00,2026-02-05 18:00:00+00:00,NOAA_GFS_operational_1p00_nearest_3h_linear_uv
2026-02-06 00:00:00+00:00,2026-02-05T18:00:00+00:00,6,0.2659269595219594,0.2485790830928329,0.2572530213073962,extra_trees_weather,909e40c5a63bae414437aba4,archived_forecast,2026-02-05 12:00:00+00:00,2026-02-05 18:00:00+00:00,NOAA_GFS_operational_1p00_nearest_3h_linear_uv,2026-02-05 12:00:00+00:00,2026-02-05 18:00:00+00:00,NOAA_GFS_operational_1p00_nearest_3h_linear_uv
2026-02-06 01:00:00+00:00,2026-02-05T18:00:00+00:00,7,0.1812640058552558,0.2022962944925444,0.1917801501739001,extra_trees_weather,909e40c5a63bae414437aba4,archived_forecast,2026-02-05 12:00:00+00:00,2026-02-05 18:00:00+00:00,NOAA_GFS_operational_1p00_nearest_3h_linear_uv,2026-02-05 12:00:00+00:00,2026-02-05 18:00:00+00:00,NOAA_GFS_operational_1p00_nearest_3h_linear_uv
2026-02-06 02:00:00+00:00,2026-02-05T18:00:00+00:00,8,0.1584491166241165,0.1736577841602841,0.1660534503922003,extra_trees_weather,909e40c5a63bae414437aba4,archived_forecast,2026-02-05 12:00:00+00:00,2026-02-05 18:00:00+00:00,NOAA_GFS_operational_1p00_nearest_3h_linear_uv,2026-02-05 12:00:00+00:00,2026-02-05 18:00:00+00:00,NOAA_GFS_operational_1p00_nearest_3h_linear_uv
2026-02-06 03:00:00+00:00,2026-02-05T18:00:00+00:00,9,0.1529916247178747,0.1481687284012283,0.1505801765595515,extra_trees_weather,909e40c5a63bae414437aba4,archived_forecast,2026-02-05 12:00:00+00:00,2026-02-05 18:00:00+00:00,NOAA_GFS_operational_1p00_nearest_3h_linear_uv,2026-02-05 12:00:00+00:00,2026-02-05 18:00:00+00:00,NOAA_GFS_operational_1p00_nearest_3h_linear_uv
2026-02-06 04:00:00+00:00,2026-02-05T18:00:00+00:00,10,0.1400627304408554,0.1215159874153624,0.1307893589281089,extra_trees_weather,909e40c5a63bae414437aba4,archived_forecast,2026-02-05 12:00:00+00:00,2026-02-05 18:00:00+00:00,NOAA_GFS_operational_1p00_nearest_3h_linear_uv,2026-02-05 12:00:00+00:00,2026-02-05 18:00:00+00:00,NOAA_GFS_operational_1p00_nearest_3h_linear_uv
2026-02-06 05:00:00+00:00,2026-02-05T18:00:00+00:00,11,0.1619173294067044,0.1447894851676102,0.1533534072871573,extra_trees_weather,909e40c5a63bae414437aba4,archived_forecast,2026-02-05 12:00:00+00:00,2026-02-05 18:00:00+00:00,NOAA_GFS_operational_1p00_nearest_3h_linear_uv,2026-02-05 12:00:00+00:00,2026-02-05 18:00:00+00:00,NOAA_GFS_operational_1p00_nearest_3h_linear_uv
2026-02-06 06:00:00+00:00,2026-02-05T18:00:00+00:00,12,0.1998974561549561,0.1839659514328264,0.1919317037938913,extra_trees_weather,909e40c5a63bae414437aba4,archived_forecast,2026-02-05 12:00:00+00:00,2026-02-05 18:00:00+00:00,NOAA_GFS_operational_1p00_nearest_3h_linear_uv,2026-02-05 12:00:00+00:00,2026-02-05 18:00:00+00:00,NOAA_GFS_operational_1p00_nearest_3h_linear_uv
2026-02-06 07:00:00+00:00,2026-02-05T18:00:00+00:00,13,0.4296919635457135,0.4574669977707476,0.4435794806582306,extra_trees_weather,909e40c5a63bae414437aba4,archived_forecast,2026-02-05 12:00:00+00:00,2026-02-05 18:00:00+00:00,NOAA_GFS_operational_1p00_nearest_3h_linear_uv,2026-02-05 12:00:00+00:00,2026-02-05 18:00:00+00:00,NOAA_GFS_operational_1p00_nearest_3h_linear_uv
2026-02-06 08:00:00+00:00,2026-02-05T18:00:00+00:00,14,0.555662067839568,0.5344906359843858,0.545076351911977,extra_trees_weather,909e40c5a63bae414437aba4,archived_forecast,2026-02-05 12:00:00+00:00,2026-02-05 18:00:00+00:00,NOAA_GFS_operational_1p00_nearest_3h_linear_uv,2026-02-05 12:00:00+00:00,2026-02-05 18:00:00+00:00,NOAA_GFS_operational_1p00_nearest_3h_linear_uv
2026-02-06 09:00:00+00:00,2026-02-05T18:00:00+00:00,15,0.6823758871683872,0.6492113110500611,0.6657935991092242,extra_trees_weather,909e40c5a63bae414437aba4,archived_forecast,2026-02-05 12:00:00+00:00,2026-02-05 18:00:00+00:00,NOAA_GFS_operational_1p00_nearest_3h_linear_uv,2026-02-05 12:00:00+00:00,2026-02-05 18:00:00+00:00,NOAA_GFS_operational_1p00_nearest_3h_linear_uv
2026-02-06 10:00:00+00:00,2026-02-05T18:00:00+00:00,16,0.6564512903994154,0.6494493903781404,0.6529503403887779,extra_trees_weather,909e40c5a63bae414437aba4,archived_forecast,2026-02-05 12:00:00+00:00,2026-02-05 18:00:00+00:00,NOAA_GFS_operational_1p00_nearest_3h_linear_uv,2026-02-05 12:00:00+00:00,2026-02-05 18:00:00+00:00,NOAA_GFS_operational_1p00_nearest_3h_linear_uv
2026-02-06 11:00:00+00:00,2026-02-05T18:00:00+00:00,17,0.6889866585497832,0.6351103143384391,0.6620484864441111,extra_trees_weather,909e40c5a63bae414437aba4,archived_forecast,2026-02-05 12:00:00+00:00,2026-02-05 18:00:00+00:00,NOAA_GFS_operational_1p00_nearest_3h_linear_uv,2026-02-05 12:00:00+00:00,2026-02-05 18:00:00+00:00,NOAA_GFS_operational_1p00_nearest_3h_linear_uv
2026-02-06 12:00:00+00:00,2026-02-05T18:00:00+00:00,18,0.687394087093462,0.6854522510591257,0.6864231690762937,extra_trees_weather,909e40c5a63bae414437aba4,archived_forecast,2026-02-05 12:00:00+00:00,2026-02-05 18:00:00+00:00,NOAA_GFS_operational_1p00_nearest_3h_linear_uv,2026-02-05 12:00:00+00:00,2026-02-05 18:00:00+00:00,NOAA_GFS_operational_1p00_nearest_3h_linear_uv
2026-02-06 13:00:00+00:00,2026-02-05T18:00:00+00:00,19,0.6449063072344322,0.6725472678669365,0.6587267875506843,extra_trees_weather,909e40c5a63bae414437aba4,archived_forecast,2026-02-05 12:00:00+00:00,2026-02-05 18:00:00+00:00,NOAA_GFS_operational_1p00_nearest_3h_linear_uv,2026-02-05 12:00:00+00:00,2026-02-05 18:00:00+00:00,NOAA_GFS_operational_1p00_nearest_3h_linear_uv
2026-02-06 14:00:00+00:00,2026-02-05T18:00:00+00:00,20,0.6570059258565506,0.697798602088271,0.6774022639724108,extra_trees_weather,909e40c5a63bae414437aba4,archived_forecast,2026-02-05 12:00:00+00:00,2026-02-05 18:00:00+00:00,NOAA_GFS_operational_1p00_nearest_3h_linear_uv,2026-02-05 12:00:00+00:00,2026-02-05 18:00:00+00:00,NOAA_GFS_operational_1p00_nearest_3h_linear_uv
2026-02-06 15:00:00+00:00,2026-02-05T18:00:00+00:00,21,0.658651994232619,0.6953292836289525,0.6769906389307858,extra_trees_weather,909e40c5a63bae414437aba4,archived_forecast,2026-02-05 12:00:00+00:00,2026-02-05 18:00:00+00:00,NOAA_GFS_operational_1p00_nearest_3h_linear_uv,2026-02-05 12:00:00+00:00,2026-02-05 18:00:00+00:00,NOAA_GFS_operational_1p00_nearest_3h_linear_uv
2026-02-06 16:00:00+00:00,2026-02-05T18:00:00+00:00,22,0.5427266955022102,0.5775027007714504,0.5601146981368303,extra_trees_weather,909e40c5a63bae414437aba4,archived_forecast,2026-02-05 12:00:00+00:00,2026-02-05 18:00:00+00:00,NOAA_GFS_operational_1p00_nearest_3h_linear_uv,2026-02-05 12:00:00+00:00,2026-02-05 18:00:00+00:00,NOAA_GFS_operational_1p00_nearest_3h_linear_uv
2026-02-06 17:00:00+00:00,2026-02-05T18:00:00+00:00,23,0.4139015478040476,0.4102363213828654,0.4120689345934565,extra_trees_weather,909e40c5a63bae414437aba4,archived_forecast,2026-02-05 12:00:00+00:00,2026-02-05 18:00:00+00:00,NOAA_GFS_operational_1p00_nearest_3h_linear_uv,2026-02-05 12:00:00+00:00,2026-02-05 18:00:00+00:00,NOAA_GFS_operational_1p00_nearest_3h_linear_uv
2026-02-06 18:00:00+00:00,2026-02-05T18:00:00+00:00,24,0.3216872100353349,0.3115078324875015,0.3165975212614182,extra_trees_weather,909e40c5a63bae414437aba4,archived_forecast,2026-02-05 12:00:00+00:00,2026-02-05 18:00:00+00:00,NOAA_GFS_operational_1p00_nearest_3h_linear_uv,2026-02-05 12:00:00+00:00,2026-02-05 18:00:00+00:00,NOAA_GFS_operational_1p00_nearest_3h_linear_uv
2026-02-06 19:00:00+00:00,2026-02-05T18:00:00+00:00,25,0.2971321037527288,0.279079354025604,0.2881057288891664,extra_trees_weather,909e40c5a63bae414437aba4,archived_forecast,2026-02-05 12:00:00+00:00,2026-02-05 18:00:00+00:00,NOAA_GFS_operational_1p00_nearest_3h_linear_uv,2026-02-05 12:00:00+00:00,2026-02-05 18:00:00+00:00,NOAA_GFS_operational_1p00_nearest_3h_linear_uv
2026-02-06 20:00:00+00:00,2026-02-05T18:00:00+00:00,26,0.2837060141478892,0.2704848985736486,0.2770954563607689,extra_trees_weather,909e40c5a63bae414437aba4,archived_forecast,2026-02-05 12:00:00+00:00,2026-02-05 18:00:00+00:00,NOAA_GFS_operational_1p00_nearest_3h_linear_uv,2026-02-05 12:00:00+00:00,2026-02-05 18:00:00+00:00,NOAA_GFS_operational_1p00_nearest_3h_linear_uv
2026-02-06 21:00:00+00:00,2026-02-05T18:00:00+00:00,27,0.2464842442973693,0.2554339663114663,0.2509591053044178,extra_trees_weather,909e40c5a63bae414437aba4,archived_forecast,2026-02-05 12:00:00+00:00,2026-02-05 18:00:00+00:00,NOAA_GFS_operational_1p00_nearest_3h_linear_uv,2026-02-05 12:00:00+00:00,2026-02-05 18:00:00+00:00,NOAA_GFS_operational_1p00_nearest_3h_linear_uv
2026-02-06 22:00:00+00:00,2026-02-05T18:00:00+00:00,28,0.2289933322927074,0.2392010527898028,0.2340971925412551,extra_trees_weather,909e40c5a63bae414437aba4,archived_forecast,2026-02-05 12:00:00+00:00,2026-02-05 18:00:00+00:00,NOAA_GFS_operational_1p00_nearest_3h_linear_uv,2026-02-05 12:00:00+00:00,2026-02-05 18:00:00+00:00,NOAA_GFS_operational_1p00_nearest_3h_linear_uv
2026-02-06 23:00:00+00:00,2026-02-05T18:00:00+00:00,29,0.2580226765595516,0.245821738076738,0.2519222073181448,extra_trees_weather,909e40c5a63bae414437aba4,archived_forecast,2026-02-05 12:00:00+00:00,2026-02-05 18:00:00+00:00,NOAA_GFS_operational_1p00_nearest_3h_linear_uv,2026-02-05 12:00:00+00:00,2026-02-05 18:00:00+00:00,NOAA_GFS_operational_1p00_nearest_3h_linear_uv
2026-02-07 00:00:00+00:00,2026-02-05T18:00:00+00:00,30,0.3216328483553483,0.2586778142459391,0.2901553313006437,extra_trees_weather,909e40c5a63bae414437aba4,archived_forecast,2026-02-05 12:00:00+00:00,2026-02-05 18:00:00+00:00,NOAA_GFS_operational_1p00_nearest_3h_linear_uv,2026-02-05 12:00:00+00:00,2026-02-05 18:00:00+00:00,NOAA_GFS_operational_1p00_nearest_3h_linear_uv
2026-02-07 01:00:00+00:00,2026-02-05T18:00:00+00:00,31,0.3062423155548154,0.2377983312752062,0.2720203234150108,extra_trees_weather,909e40c5a63bae414437aba4,archived_forecast,2026-02-05 12:00:00+00:00,2026-02-05 18:00:00+00:00,NOAA_GFS_operational_1p00_nearest_3h_linear_uv,2026-02-05 12:00:00+00:00,2026-02-05 18:00:00+00:00,NOAA_GFS_operational_1p00_nearest_3h_linear_uv
2026-02-07 02:00:00+00:00,2026-02-05T18:00:00+00:00,32,0.4162995089170087,0.3940447336650277,0.4051721212910182,extra_trees_weather,909e40c5a63bae414437aba4,archived_forecast,2026-02-05 12:00:00+00:00,2026-02-05 18:00:00+00:00,NOAA_GFS_operational_1p00_nearest_3h_linear_uv,2026-02-05 12:00:00+00:00,2026-02-05 18:00:00+00:00,NOAA_GFS_operational_1p00_nearest_3h_linear_uv
2026-02-07 03:00:00+00:00,2026-02-05T18:00:00+00:00,33,0.544325958300958,0.5049901508404449,0.5246580545707015,extra_trees_weather,909e40c5a63bae414437aba4,archived_forecast,2026-02-05 12:00:00+00:00,2026-02-05 18:00:00+00:00,NOAA_GFS_operational_1p00_nearest_3h_linear_uv,2026-02-05 12:00:00+00:00,2026-02-05 18:00:00+00:00,NOAA_GFS_operational_1p00_nearest_3h_linear_uv
2026-02-07 04:00:00+00:00,2026-02-05T18:00:00+00:00,34,0.593178202237577,0.5704289830771077,0.5818035926573423,extra_trees_weather,909e40c5a63bae414437aba4,archived_forecast,2026-02-05 12:00:00+00:00,2026-02-05 18:00:00+00:00,NOAA_GFS_operational_1p00_nearest_3h_linear_uv,2026-02-05 12:00:00+00:00,2026-02-05 18:00:00+00:00,NOAA_GFS_operational_1p00_nearest_3h_linear_uv
2026-02-07 05:00:00+00:00,2026-02-05T18:00:00+00:00,35,0.8601101108232727,0.6807970633533132,0.770453587088293,extra_trees_weather,909e40c5a63bae414437aba4,archived_forecast,2026-02-05 12:00:00+00:00,2026-02-05 18:00:00+00:00,NOAA_GFS_operational_1p00_nearest_3h_linear_uv,2026-02-05 12:00:00+00:00,2026-02-05 18:00:00+00:00,NOAA_GFS_operational_1p00_nearest_3h_linear_uv
2026-02-07 06:00:00+00:00,2026-02-05T18:00:00+00:00,36,0.8666435352229473,0.7674750064287565,0.817059270825852,extra_trees_weather,909e40c5a63bae414437aba4,archived_forecast,2026-02-05 12:00:00+00:00,2026-02-05 18:00:00+00:00,NOAA_GFS_operational_1p00_nearest_3h_linear_uv,2026-02-05 12:00:00+00:00,2026-02-05 18:00:00+00:00,NOAA_GFS_operational_1p00_nearest_3h_linear_uv
2026-02-07 07:00:00+00:00,2026-02-05T18:00:00+00:00,37,0.8786925264169385,0.7146184179709179,0.7966554721939282,extra_trees_weather,909e40c5a63bae414437aba4,archived_forecast,2026-02-05 12:00:00+00:00,2026-02-05 18:00:00+00:00,NOAA_GFS_operational_1p00_nearest_3h_linear_uv,2026-02-05 12:00:00+00:00,2026-02-05 18:00:00+00:00,NOAA_GFS_operational_1p00_nearest_3h_linear_uv
2026-02-07 08:00:00+00:00,2026-02-05T18:00:00+00:00,38,0.8660155088511705,0.6931880355755357,0.779601772213353,extra_trees_weather,909e40c5a63bae414437aba4,archived_forecast,2026-02-05 12:00:00+00:00,2026-02-05 18:00:00+00:00,NOAA_GFS_operational_1p00_nearest_3h_linear_uv,2026-02-05 12:00:00+00:00,2026-02-05 18:00:00+00:00,NOAA_GFS_operational_1p00_nearest_3h_linear_uv
2026-02-07 09:00:00+00:00,2026-02-05T18:00:00+00:00,39,0.8099577687671804,0.6900332475857478,0.7499955081764641,extra_trees_weather,909e40c5a63bae414437aba4,archived_forecast,2026-02-05 12:00:00+00:00,2026-02-05 18:00:00+00:00,NOAA_GFS_operational_1p00_nearest_3h_linear_uv,2026-02-05 12:00:00+00:00,2026-02-05 18:00:00+00:00,NOAA_GFS_operational_1p00_nearest_3h_linear_uv
2026-02-07 10:00:00+00:00,2026-02-05T18:00:00+00:00,40,0.5322618075198222,0.5324111676708366,0.5323364875953293,extra_trees_weather,909e40c5a63bae414437aba4,archived_forecast,2026-02-05 12:00:00+00:00,2026-02-05 18:00:00+00:00,NOAA_GFS_operational_1p00_nearest_3h_linear_uv,2026-02-05 12:00:00+00:00,2026-02-05 18:00:00+00:00,NOAA_GFS_operational_1p00_nearest_3h_linear_uv
2026-02-07 11:00:00+00:00,2026-02-05T18:00:00+00:00,41,0.1705669964757463,0.1721800588763089,0.1713735276760276,extra_trees_weather,909e40c5a63bae414437aba4,archived_forecast,2026-02-05 12:00:00+00:00,2026-02-05 18:00:00+00:00,NOAA_GFS_operational_1p00_nearest_3h_linear_uv,2026-02-05 12:00:00+00:00,2026-02-05 18:00:00+00:00,NOAA_GFS_operational_1p00_nearest_3h_linear_uv
2026-02-07 12:00:00+00:00,2026-02-05T18:00:00+00:00,42,0.1802246861934361,0.2237126805601805,0.2019686833768083,extra_trees_weather,909e40c5a63bae414437aba4,archived_forecast,2026-02-05 12:00:00+00:00,2026-02-05 18:00:00+00:00,NOAA_GFS_operational_1p00_nearest_3h_linear_uv,2026-02-05 12:00:00+00:00,2026-02-05 18:00:00+00:00,NOAA_GFS_operational_1p00_nearest_3h_linear_uv
2026-02-07 13:00:00+00:00,2026-02-05T18:00:00+00:00,43,0.2231986947774447,0.2723769752469751,0.2477878350122099,extra_trees_weather,909e40c5a63bae414437aba4,archived_forecast,2026-02-05 12:00:00+00:00,2026-02-05 18:00:00+00:00,NOAA_GFS_operational_1p00_nearest_3h_linear_uv,2026-02-05 12:00:00+00:00,2026-02-05 18:00:00+00:00,NOAA_GFS_operational_1p00_nearest_3h_linear_uv
2026-02-07 14:00:00+00:00,2026-02-05T18:00:00+00:00,44,0.2724383177470677,0.2823104878917378,0.2773744028194027,extra_trees_weather,909e40c5a63bae414437aba4,archived_forecast,2026-02-05 12:00:00+00:00,2026-02-05 18:00:00+00:00,NOAA_GFS_operational_1p00_nearest_3h_linear_uv,2026-02-05 12:00:00+00:00,2026-02-05 18:00:00+00:00,NOAA_GFS_operational_1p00_nearest_3h_linear_uv
2026-02-07 15:00:00+00:00,2026-02-05T18:00:00+00:00,45,0.4951231027768527,0.4806244740907239,0.4878737884337883,extra_trees_weather,909e40c5a63bae414437aba4,archived_forecast,2026-02-05 12:00:00+00:00,2026-02-05 18:00:00+00:00,NOAA_GFS_operational_1p00_nearest_3h_linear_uv,2026-02-05 12:00:00+00:00,2026-02-05 18:00:00+00:00,NOAA_GFS_operational_1p00_nearest_3h_linear_uv
2026-02-07 16:00:00+00:00,2026-02-05T18:00:00+00:00,46,0.5030903578597327,0.4711849296074294,0.4871376437335811,extra_trees_weather,909e40c5a63bae414437aba4,archived_forecast,2026-02-05 12:00:00+00:00,2026-02-05 18:00:00+00:00,NOAA_GFS_operational_1p00_nearest_3h_linear_uv,2026-02-05 12:00:00+00:00,2026-02-05 18:00:00+00:00,NOAA_GFS_operational_1p00_nearest_3h_linear_uv
2026-02-07 17:00:00+00:00,2026-02-05T18:00:00+00:00,47,0.5030329088259236,0.4930321578421577,0.4980325333340406,extra_trees_weather,909e40c5a63bae414437aba4,archived_forecast,2026-02-05 12:00:00+00:00,2026-02-05 18:00:00+00:00,NOAA_GFS_operational_1p00_nearest_3h_linear_uv,2026-02-05 12:00:00+00:00,2026-02-05 18:00:00+00:00,NOAA_GFS_operational_1p00_nearest_3h_linear_uv
2026-02-07 18:00:00+00:00,2026-02-05T18:00:00+00:00,48,0.479834378121878,0.4401865715656893,0.4600104748437836,extra_trees_weather,909e40c5a63bae414437aba4,archived_forecast,2026-02-05 12:00:00+00:00,2026-02-05 18:00:00+00:00,NOAA_GFS_operational_1p00_nearest_3h_linear_uv,2026-02-05 12:00:00+00:00,2026-02-05 18:00:00+00:00,NOAA_GFS_operational_1p00_nearest_3h_linear_uv
2026-02-06 19:00:00+00:00,2026-02-06T18:00:00+00:00,1,0.7698400713026079,0.7171342860317669,0.7434871786671875,extra_trees_weather,83652f30921b02e6a754ed55,archived_forecast,2026-02-06 12:00:00+00:00,2026-02-06 18:00:00+00:00,NOAA_GFS_operational_1p00_nearest_3h_linear_uv,2026-02-06 12:00:00+00:00,2026-02-06 18:00:00+00:00,NOAA_GFS_operational_1p00_nearest_3h_linear_uv
2026-02-06 20:00:00+00:00,2026-02-06T18:00:00+00:00,2,0.5129839718152219,0.4976114377920437,0.5052977048036329,extra_trees_weather,83652f30921b02e6a754ed55,archived_forecast,2026-02-06 12:00:00+00:00,2026-02-06 18:00:00+00:00,NOAA_GFS_operational_1p00_nearest_3h_linear_uv,2026-02-06 12:00:00+00:00,2026-02-06 18:00:00+00:00,NOAA_GFS_operational_1p00_nearest_3h_linear_uv
2026-02-06 21:00:00+00:00,2026-02-06T18:00:00+00:00,3,0.3969875036537536,0.335490821146446,0.3662391624000998,extra_trees_weather,83652f30921b02e6a754ed55,archived_forecast,2026-02-06 12:00:00+00:00,2026-02-06 18:00:00+00:00,NOAA_GFS_operational_1p00_nearest_3h_linear_uv,2026-02-06 12:00:00+00:00,2026-02-06 18:00:00+00:00,NOAA_GFS_operational_1p00_nearest_3h_linear_uv
2026-02-06 22:00:00+00:00,2026-02-06T18:00:00+00:00,4,0.2823846432733933,0.2622318233618232,0.2723082333176083,extra_trees_weather,83652f30921b02e6a754ed55,archived_forecast,2026-02-06 12:00:00+00:00,2026-02-06 18:00:00+00:00,NOAA_GFS_operational_1p00_nearest_3h_linear_uv,2026-02-06 12:00:00+00:00,2026-02-06 18:00:00+00:00,NOAA_GFS_operational_1p00_nearest_3h_linear_uv
2026-02-06 23:00:00+00:00,2026-02-06T18:00:00+00:00,5,0.2502170592139341,0.2409768099030598,0.245596934558497,extra_trees_weather,83652f30921b02e6a754ed55,archived_forecast,2026-02-06 12:00:00+00:00,2026-02-06 18:00:00+00:00,NOAA_GFS_operational_1p00_nearest_3h_linear_uv,2026-02-06 12:00:00+00:00,2026-02-06 18:00:00+00:00,NOAA_GFS_operational_1p00_nearest_3h_linear_uv
2026-02-07 00:00:00+00:00,2026-02-06T18:00:00+00:00,6,0.2753717996817997,0.2403416186822436,0.2578567091820216,extra_trees_weather,83652f30921b02e6a754ed55,archived_forecast,2026-02-06 12:00:00+00:00,2026-02-06 18:00:00+00:00,NOAA_GFS_operational_1p00_nearest_3h_linear_uv,2026-02-06 12:00:00+00:00,2026-02-06 18:00:00+00:00,NOAA_GFS_operational_1p00_nearest_3h_linear_uv
2026-02-07 01:00:00+00:00,2026-02-06T18:00:00+00:00,7,0.2379740888509638,0.2242597777222776,0.2311169332866207,extra_trees_weather,83652f30921b02e6a754ed55,archived_forecast,2026-02-06 12:00:00+00:00,2026-02-06 18:00:00+00:00,NOAA_GFS_operational_1p00_nearest_3h_linear_uv,2026-02-06 12:00:00+00:00,2026-02-06 18:00:00+00:00,NOAA_GFS_operational_1p00_nearest_3h_linear_uv
2026-02-07 02:00:00+00:00,2026-02-06T18:00:00+00:00,8,0.2211424804824803,0.2007598714017463,0.2109511759421133,extra_trees_weather,83652f30921b02e6a754ed55,archived_forecast,2026-02-06 12:00:00+00:00,2026-02-06 18:00:00+00:00,NOAA_GFS_operational_1p00_nearest_3h_linear_uv,2026-02-06 12:00:00+00:00,2026-02-06 18:00:00+00:00,NOAA_GFS_operational_1p00_nearest_3h_linear_uv
2026-02-07 03:00:00+00:00,2026-02-06T18:00:00+00:00,9,0.303427140012765,0.2359715978003479,0.2696993689065564,extra_trees_weather,83652f30921b02e6a754ed55,archived_forecast,2026-02-06 12:00:00+00:00,2026-02-06 18:00:00+00:00,NOAA_GFS_operational_1p00_nearest_3h_linear_uv,2026-02-06 12:00:00+00:00,2026-02-06 18:00:00+00:00,NOAA_GFS_operational_1p00_nearest_3h_linear_uv
2026-02-07 04:00:00+00:00,2026-02-06T18:00:00+00:00,10,0.5284636941068189,0.5510458494805726,0.5397547717936958,extra_trees_weather,83652f30921b02e6a754ed55,archived_forecast,2026-02-06 12:00:00+00:00,2026-02-06 18:00:00+00:00,NOAA_GFS_operational_1p00_nearest_3h_linear_uv,2026-02-06 12:00:00+00:00,2026-02-06 18:00:00+00:00,NOAA_GFS_operational_1p00_nearest_3h_linear_uv
2026-02-07 05:00:00+00:00,2026-02-06T18:00:00+00:00,11,0.8528636145880264,0.7391305059292563,0.7959970602586413,extra_trees_weather,83652f30921b02e6a754ed55,archived_forecast,2026-02-06 12:00:00+00:00,2026-02-06 18:00:00+00:00,NOAA_GFS_operational_1p00_nearest_3h_linear_uv,2026-02-06 12:00:00+00:00,2026-02-06 18:00:00+00:00,NOAA_GFS_operational_1p00_nearest_3h_linear_uv
2026-02-07 06:00:00+00:00,2026-02-06T18:00:00+00:00,12,0.8624674702693822,0.7675204563029568,0.8149939632861695,extra_trees_weather,83652f30921b02e6a754ed55,archived_forecast,2026-02-06 12:00:00+00:00,2026-02-06 18:00:00+00:00,NOAA_GFS_operational_1p00_nearest_3h_linear_uv,2026-02-06 12:00:00+00:00,2026-02-06 18:00:00+00:00,NOAA_GFS_operational_1p00_nearest_3h_linear_uv
2026-02-07 07:00:00+00:00,2026-02-06T18:00:00+00:00,13,0.8409380546387162,0.6933028263966309,0.7671204405176737,extra_trees_weather,83652f30921b02e6a754ed55,archived_forecast,2026-02-06 12:00:00+00:00,2026-02-06 18:00:00+00:00,NOAA_GFS_operational_1p00_nearest_3h_linear_uv,2026-02-06 12:00:00+00:00,2026-02-06 18:00:00+00:00,NOAA_GFS_operational_1p00_nearest_3h_linear_uv
2026-02-07 08:00:00+00:00,2026-02-06T18:00:00+00:00,14,0.2922933961177711,0.2809669972388723,0.2866301966783217,extra_trees_weather,83652f30921b02e6a754ed55,archived_forecast,2026-02-06 12:00:00+00:00,2026-02-06 18:00:00+00:00,NOAA_GFS_operational_1p00_nearest_3h_linear_uv,2026-02-06 12:00:00+00:00,2026-02-06 18:00:00+00:00,NOAA_GFS_operational_1p00_nearest_3h_linear_uv
2026-02-07 09:00:00+00:00,2026-02-06T18:00:00+00:00,15,0.1357980328005327,0.1210349551837052,0.1284164939921189,extra_trees_weather,83652f30921b02e6a754ed55,archived_forecast,2026-02-06 12:00:00+00:00,2026-02-06 18:00:00+00:00,NOAA_GFS_operational_1p00_nearest_3h_linear_uv,2026-02-06 12:00:00+00:00,2026-02-06 18:00:00+00:00,NOAA_GFS_operational_1p00_nearest_3h_linear_uv
2026-02-07 10:00:00+00:00,2026-02-06T18:00:00+00:00,16,0.1405888096163095,0.129954022042772,0.1352714158295408,extra_trees_weather,83652f30921b02e6a754ed55,archived_forecast,2026-02-06 12:00:00+00:00,2026-02-06 18:00:00+00:00,NOAA_GFS_operational_1p00_nearest_3h_linear_uv,2026-02-06 12:00:00+00:00,2026-02-06 18:00:00+00:00,NOAA_GFS_operational_1p00_nearest_3h_linear_uv
2026-02-07 11:00:00+00:00,2026-02-06T18:00:00+00:00,17,0.1722964018851517,0.1667021000296,0.1694992509573758,extra_trees_weather,83652f30921b02e6a754ed55,archived_forecast,2026-02-06 12:00:00+00:00,2026-02-06 18:00:00+00:00,NOAA_GFS_operational_1p00_nearest_3h_linear_uv,2026-02-06 12:00:00+00:00,2026-02-06 18:00:00+00:00,NOAA_GFS_operational_1p00_nearest_3h_linear_uv
2026-02-07 12:00:00+00:00,2026-02-06T18:00:00+00:00,18,0.244674328171828,0.2364717933455433,0.2405730607586856,extra_trees_weather,83652f30921b02e6a754ed55,archived_forecast,2026-02-06 12:00:00+00:00,2026-02-06 18:00:00+00:00,NOAA_GFS_operational_1p00_nearest_3h_linear_uv,2026-02-06 12:00:00+00:00,2026-02-06 18:00:00+00:00,NOAA_GFS_operational_1p00_nearest_3h_linear_uv
2026-02-07 13:00:00+00:00,2026-02-06T18:00:00+00:00,19,0.3687386036186036,0.3574887349224848,0.3631136692705442,extra_trees_weather,83652f30921b02e6a754ed55,archived_forecast,2026-02-06 12:00:00+00:00,2026-02-06 18:00:00+00:00,NOAA_GFS_operational_1p00_nearest_3h_linear_uv,2026-02-06 12:00:00+00:00,2026-02-06 18:00:00+00:00,NOAA_GFS_operational_1p00_nearest_3h_linear_uv
2026-02-07 14:00:00+00:00,2026-02-06T18:00:00+00:00,20,0.4877640606846858,0.4972286895049397,0.4924963750948128,extra_trees_weather,83652f30921b02e6a754ed55,archived_forecast,2026-02-06 12:00:00+00:00,2026-02-06 18:00:00+00:00,NOAA_GFS_operational_1p00_nearest_3h_linear_uv,2026-02-06 12:00:00+00:00,2026-02-06 18:00:00+00:00,NOAA_GFS_operational_1p00_nearest_3h_linear_uv
2026-02-07 15:00:00+00:00,2026-02-06T18:00:00+00:00,21,0.5209955060666458,0.5359838687175994,0.5284896873921225,extra_trees_weather,83652f30921b02e6a754ed55,archived_forecast,2026-02-06 12:00:00+00:00,2026-02-06 18:00:00+00:00,NOAA_GFS_operational_1p00_nearest_3h_linear_uv,2026-02-06 12:00:00+00:00,2026-02-06 18:00:00+00:00,NOAA_GFS_operational_1p00_nearest_3h_linear_uv
2026-02-07 16:00:00+00:00,2026-02-06T18:00:00+00:00,22,0.4833454212739873,0.5091769006094548,0.4962611609417211,extra_trees_weather,83652f30921b02e6a754ed55,archived_forecast,2026-02-06 12:00:00+00:00,2026-02-06 18:00:00+00:00,NOAA_GFS_operational_1p00_nearest_3h_linear_uv,2026-02-06 12:00:00+00:00,2026-02-06 18:00:00+00:00,NOAA_GFS_operational_1p00_nearest_3h_linear_uv
2026-02-07 17:00:00+00:00,2026-02-06T18:00:00+00:00,23,0.4874799342161106,0.5050870175758219,0.4962834758959663,extra_trees_weather,83652f30921b02e6a754ed55,archived_forecast,2026-02-06 12:00:00+00:00,2026-02-06 18:00:00+00:00,NOAA_GFS_operational_1p00_nearest_3h_linear_uv,2026-02-06 12:00:00+00:00,2026-02-06 18:00:00+00:00,NOAA_GFS_operational_1p00_nearest_3h_linear_uv
2026-02-07 18:00:00+00:00,2026-02-06T18:00:00+00:00,24,0.5733990993497246,0.573729550420156,0.5735643248849402,extra_trees_weather,83652f30921b02e6a754ed55,archived_forecast,2026-02-06 12:00:00+00:00,2026-02-06 18:00:00+00:00,NOAA_GFS_operational_1p00_nearest_3h_linear_uv,2026-02-06 12:00:00+00:00,2026-02-06 18:00:00+00:00,NOAA_GFS_operational_1p00_nearest_3h_linear_uv
2026-02-07 19:00:00+00:00,2026-02-06T18:00:00+00:00,25,0.5796579052660304,0.529168786276892,0.5544133457714612,extra_trees_weather,83652f30921b02e6a754ed55,archived_forecast,2026-02-06 12:00:00+00:00,2026-02-06 18:00:00+00:00,NOAA_GFS_operational_1p00_nearest_3h_linear_uv,2026-02-06 12:00:00+00:00,2026-02-06 18:00:00+00:00,NOAA_GFS_operational_1p00_nearest_3h_linear_uv
2026-02-07 20:00:00+00:00,2026-02-06T18:00:00+00:00,26,0.5582811114348615,0.4623794401137959,0.5103302757743287,extra_trees_weather,83652f30921b02e6a754ed55,archived_forecast,2026-02-06 12:00:00+00:00,2026-02-06 18:00:00+00:00,NOAA_GFS_operational_1p00_nearest_3h_linear_uv,2026-02-06 12:00:00+00:00,2026-02-06 18:00:00+00:00,NOAA_GFS_operational_1p00_nearest_3h_linear_uv
2026-02-07 21:00:00+00:00,2026-02-06T18:00:00+00:00,27,0.5454779513079516,0.4520581122287181,0.4987680317683348,extra_trees_weather,83652f30921b02e6a754ed55,archived_forecast,2026-02-06 12:00:00+00:00,2026-02-06 18:00:00+00:00,NOAA_GFS_operational_1p00_nearest_3h_linear_uv,2026-02-06 12:00:00+00:00,2026-02-06 18:00:00+00:00,NOAA_GFS_operational_1p00_nearest_3h_linear_uv
2026-02-07 22:00:00+00:00,2026-02-06T18:00:00+00:00,28,0.5326660405797908,0.4418191262378571,0.4872425834088239,extra_trees_weather,83652f30921b02e6a754ed55,archived_forecast,2026-02-06 12:00:00+00:00,2026-02-06 18:00:00+00:00,NOAA_GFS_operational_1p00_nearest_3h_linear_uv,2026-02-06 12:00:00+00:00,2026-02-06 18:00:00+00:00,NOAA_GFS_operational_1p00_nearest_3h_linear_uv
2026-02-07 23:00:00+00:00,2026-02-06T18:00:00+00:00,29,0.5085835434935436,0.43777751412312,0.4731805288083318,extra_trees_weather,83652f30921b02e6a754ed55,archived_forecast,2026-02-06 12:00:00+00:00,2026-02-06 18:00:00+00:00,NOAA_GFS_operational_1p00_nearest_3h_linear_uv,2026-02-06 12:00:00+00:00,2026-02-06 18:00:00+00:00,NOAA_GFS_operational_1p00_nearest_3h_linear_uv
2026-02-08 00:00:00+00:00,2026-02-06T18:00:00+00:00,30,0.4786033746577495,0.4091845088413645,0.443893941749557,extra_trees_weather,83652f30921b02e6a754ed55,archived_forecast,2026-02-06 12:00:00+00:00,2026-02-06 18:00:00+00:00,NOAA_GFS_operational_1p00_nearest_3h_linear_uv,2026-02-06 12:00:00+00:00,2026-02-06 18:00:00+00:00,NOAA_GFS_operational_1p00_nearest_3h_linear_uv
2026-02-08 01:00:00+00:00,2026-02-06T18:00:00+00:00,31,0.383649449138824,0.2833261066711066,0.3334877779049653,extra_trees_weather,83652f30921b02e6a754ed55,archived_forecast,2026-02-06 12:00:00+00:00,2026-02-06 18:00:00+00:00,NOAA_GFS_operational_1p00_nearest_3h_linear_uv,2026-02-06 12:00:00+00:00,2026-02-06 18:00:00+00:00,NOAA_GFS_operational_1p00_nearest_3h_linear_uv
2026-02-08 02:00:00+00:00,2026-02-06T18:00:00+00:00,32,0.254613138181263,0.2004441584341584,0.2275286483077107,extra_trees_weather,83652f30921b02e6a754ed55,archived_forecast,2026-02-06 12:00:00+00:00,2026-02-06 18:00:00+00:00,NOAA_GFS_operational_1p00_nearest_3h_linear_uv,2026-02-06 12:00:00+00:00,2026-02-06 18:00:00+00:00,NOAA_GFS_operational_1p00_nearest_3h_linear_uv
2026-02-08 03:00:00+00:00,2026-02-06T18:00:00+00:00,33,0.21090233016983,0.1672621566859067,0.1890822434278683,extra_trees_weather,83652f30921b02e6a754ed55,archived_forecast,2026-02-06 12:00:00+00:00,2026-02-06 18:00:00+00:00,NOAA_GFS_operational_1p00_nearest_3h_linear_uv,2026-02-06 12:00:00+00:00,2026-02-06 18:00:00+00:00,NOAA_GFS_operational_1p00_nearest_3h_linear_uv
2026-02-08 04:00:00+00:00,2026-02-06T18:00:00+00:00,34,0.1404857393763643,0.1411495033901283,0.1408176213832463,extra_trees_weather,83652f30921b02e6a754ed55,archived_forecast,2026-02-06 12:00:00+00:00,2026-02-06 18:00:00+00:00,NOAA_GFS_operational_1p00_nearest_3h_linear_uv,2026-02-06 12:00:00+00:00,2026-02-06 18:00:00+00:00,NOAA_GFS_operational_1p00_nearest_3h_linear_uv
2026-02-08 05:00:00+00:00,2026-02-06T18:00:00+00:00,35,0.1317161235061234,0.1287287795537795,0.1302224515299515,extra_trees_weather,83652f30921b02e6a754ed55,archived_forecast,2026-02-06 12:00:00+00:00,2026-02-06 18:00:00+00:00,NOAA_GFS_operational_1p00_nearest_3h_linear_uv,2026-02-06 12:00:00+00:00,2026-02-06 18:00:00+00:00,NOAA_GFS_operational_1p00_nearest_3h_linear_uv
2026-02-08 06:00:00+00:00,2026-02-06T18:00:00+00:00,36,0.1337430551855551,0.1236883285695786,0.1287156918775669,extra_trees_weather,83652f30921b02e6a754ed55,archived_forecast,2026-02-06 12:00:00+00:00,2026-02-06 18:00:00+00:00,NOAA_GFS_operational_1p00_nearest_3h_linear_uv,2026-02-06 12:00:00+00:00,2026-02-06 18:00:00+00:00,NOAA_GFS_operational_1p00_nearest_3h_linear_uv
2026-02-08 07:00:00+00:00,2026-02-06T18:00:00+00:00,37,0.1462975579513079,0.1318221357346357,0.1390598468429718,extra_trees_weather,83652f30921b02e6a754ed55,archived_forecast,2026-02-06 12:00:00+00:00,2026-02-06 18:00:00+00:00,NOAA_GFS_operational_1p00_nearest_3h_linear_uv,2026-02-06 12:00:00+00:00,2026-02-06 18:00:00+00:00,NOAA_GFS_operational_1p00_nearest_3h_linear_uv
2026-02-08 08:00:00+00:00,2026-02-06T18:00:00+00:00,38,0.2632613969595218,0.229779454064454,0.2465204255119879,extra_trees_weather,83652f30921b02e6a754ed55,archived_forecast,2026-02-06 12:00:00+00:00,2026-02-06 18:00:00+00:00,NOAA_GFS_operational_1p00_nearest_3h_linear_uv,2026-02-06 12:00:00+00:00,2026-02-06 18:00:00+00:00,NOAA_GFS_operational_1p00_nearest_3h_linear_uv
2026-02-08 09:00:00+00:00,2026-02-06T18:00:00+00:00,39,0.5465607159969661,0.5502228178240484,0.5483917669105072,extra_trees_weather,83652f30921b02e6a754ed55,archived_forecast,2026-02-06 12:00:00+00:00,2026-02-06 18:00:00+00:00,NOAA_GFS_operational_1p00_nearest_3h_linear_uv,2026-02-06 12:00:00+00:00,2026-02-06 18:00:00+00:00,NOAA_GFS_operational_1p00_nearest_3h_linear_uv
2026-02-08 10:00:00+00:00,2026-02-06T18:00:00+00:00,40,0.7244168905713027,0.6684582967895274,0.696437593680415,extra_trees_weather,83652f30921b02e6a754ed55,archived_forecast,2026-02-06 12:00:00+00:00,2026-02-06 18:00:00+00:00,NOAA_GFS_operational_1p00_nearest_3h_linear_uv,2026-02-06 12:00:00+00:00,2026-02-06 18:00:00+00:00,NOAA_GFS_operational_1p00_nearest_3h_linear_uv
2026-02-08 11:00:00+00:00,2026-02-06T18:00:00+00:00,41,0.8030297642254263,0.7110082097632641,0.7570189869943453,extra_trees_weather,83652f30921b02e6a754ed55,archived_forecast,2026-02-06 12:00:00+00:00,2026-02-06 18:00:00+00:00,NOAA_GFS_operational_1p00_nearest_3h_linear_uv,2026-02-06 12:00:00+00:00,2026-02-06 18:00:00+00:00,NOAA_GFS_operational_1p00_nearest_3h_linear_uv
2026-02-08 12:00:00+00:00,2026-02-06T18:00:00+00:00,42,0.8125994432963554,0.773638787878788,0.7931191155875718,extra_trees_weather,83652f30921b02e6a754ed55,archived_forecast,2026-02-06 12:00:00+00:00,2026-02-06 18:00:00+00:00,NOAA_GFS_operational_1p00_nearest_3h_linear_uv,2026-02-06 12:00:00+00:00,2026-02-06 18:00:00+00:00,NOAA_GFS_operational_1p00_nearest_3h_linear_uv
2026-02-08 13:00:00+00:00,2026-02-06T18:00:00+00:00,43,0.8182899645806266,0.7630431808469311,0.7906665727137789,extra_trees_weather,83652f30921b02e6a754ed55,archived_forecast,2026-02-06 12:00:00+00:00,2026-02-06 18:00:00+00:00,NOAA_GFS_operational_1p00_nearest_3h_linear_uv,2026-02-06 12:00:00+00:00,2026-02-06 18:00:00+00:00,NOAA_GFS_operational_1p00_nearest_3h_linear_uv
2026-02-08 14:00:00+00:00,2026-02-06T18:00:00+00:00,44,0.8175854774011395,0.7678654667554671,0.7927254720783034,extra_trees_weather,83652f30921b02e6a754ed55,archived_forecast,2026-02-06 12:00:00+00:00,2026-02-06 18:00:00+00:00,NOAA_GFS_operational_1p00_nearest_3h_linear_uv,2026-02-06 12:00:00+00:00,2026-02-06 18:00:00+00:00,NOAA_GFS_operational_1p00_nearest_3h_linear_uv
2026-02-08 15:00:00+00:00,2026-02-06T18:00:00+00:00,45,0.8202372936404558,0.7653886516724018,0.7928129726564288,extra_trees_weather,83652f30921b02e6a754ed55,archived_forecast,2026-02-06 12:00:00+00:00,2026-02-06 18:00:00+00:00,NOAA_GFS_operational_1p00_nearest_3h_linear_uv,2026-02-06 12:00:00+00:00,2026-02-06 18:00:00+00:00,NOAA_GFS_operational_1p00_nearest_3h_linear_uv
2026-02-08 16:00:00+00:00,2026-02-06T18:00:00+00:00,46,0.8250891454923077,0.7678153421115924,0.7964522438019501,extra_trees_weather,83652f30921b02e6a754ed55,archived_forecast,2026-02-06 12:00:00+00:00,2026-02-06 18:00:00+00:00,NOAA_GFS_operational_1p00_nearest_3h_linear_uv,2026-02-06 12:00:00+00:00,2026-02-06 18:00:00+00:00,NOAA_GFS_operational_1p00_nearest_3h_linear_uv
2026-02-08 17:00:00+00:00,2026-02-06T18:00:00+00:00,47,0.8271371511903133,0.7685900144762648,0.7978635828332891,extra_trees_weather,83652f30921b02e6a754ed55,archived_forecast,2026-02-06 12:00:00+00:00,2026-02-06 18:00:00+00:00,NOAA_GFS_operational_1p00_nearest_3h_linear_uv,2026-02-06 12:00:00+00:00,2026-02-06 18:00:00+00:00,NOAA_GFS_operational_1p00_nearest_3h_linear_uv
2026-02-08 18:00:00+00:00,2026-02-06T18:00:00+00:00,48,0.8282689693721313,0.7710689033651535,0.7996689363686424,extra_trees_weather,83652f30921b02e6a754ed55,archived_forecast,2026-02-06 12:00:00+00:00,2026-02-06 18:00:00+00:00,NOAA_GFS_operational_1p00_nearest_3h_linear_uv,2026-02-06 12:00:00+00:00,2026-02-06 18:00:00+00:00,NOAA_GFS_operational_1p00_nearest_3h_linear_uv
2026-02-07 19:00:00+00:00,2026-02-07T18:00:00+00:00,1,0.8120065423084545,0.7356599811762312,0.7738332617423429,extra_trees_weather,da3159287aa0ba32383a0c6a,archived_forecast,2026-02-07 12:00:00+00:00,2026-02-07 18:00:00+00:00,NOAA_GFS_operational_1p00_nearest_3h_linear_uv,2026-02-07 12:00:00+00:00,2026-02-07 18:00:00+00:00,NOAA_GFS_operational_1p00_nearest_3h_linear_uv
2026-02-07 20:00:00+00:00,2026-02-07T18:00:00+00:00,2,0.8106512686006808,0.7312659508846276,0.7709586097426541,extra_trees_weather,da3159287aa0ba32383a0c6a,archived_forecast,2026-02-07 12:00:00+00:00,2026-02-07 18:00:00+00:00,NOAA_GFS_operational_1p00_nearest_3h_linear_uv,2026-02-07 12:00:00+00:00,2026-02-07 18:00:00+00:00,NOAA_GFS_operational_1p00_nearest_3h_linear_uv
2026-02-07 21:00:00+00:00,2026-02-07T18:00:00+00:00,3,0.7887259541697412,0.7084900438749706,0.7486079990223559,extra_trees_weather,da3159287aa0ba32383a0c6a,archived_forecast,2026-02-07 12:00:00+00:00,2026-02-07 18:00:00+00:00,NOAA_GFS_operational_1p00_nearest_3h_linear_uv,2026-02-07 12:00:00+00:00,2026-02-07 18:00:00+00:00,NOAA_GFS_operational_1p00_nearest_3h_linear_uv
2026-02-07 22:00:00+00:00,2026-02-07T18:00:00+00:00,4,0.6928964574083323,0.6549098335297598,0.673903145469046,extra_trees_weather,da3159287aa0ba32383a0c6a,archived_forecast,2026-02-07 12:00:00+00:00,2026-02-07 18:00:00+00:00,NOAA_GFS_operational_1p00_nearest_3h_linear_uv,2026-02-07 12:00:00+00:00,2026-02-07 18:00:00+00:00,NOAA_GFS_operational_1p00_nearest_3h_linear_uv
2026-02-07 23:00:00+00:00,2026-02-07T18:00:00+00:00,5,0.6462007752664004,0.5793330658761174,0.6127669205712589,extra_trees_weather,da3159287aa0ba32383a0c6a,archived_forecast,2026-02-07 12:00:00+00:00,2026-02-07 18:00:00+00:00,NOAA_GFS_operational_1p00_nearest_3h_linear_uv,2026-02-07 12:00:00+00:00,2026-02-07 18:00:00+00:00,NOAA_GFS_operational_1p00_nearest_3h_linear_uv
2026-02-08 00:00:00+00:00,2026-02-07T18:00:00+00:00,6,0.5588986965580715,0.4939060404179156,0.5264023684879934,extra_trees_weather,da3159287aa0ba32383a0c6a,archived_forecast,2026-02-07 12:00:00+00:00,2026-02-07 18:00:00+00:00,NOAA_GFS_operational_1p00_nearest_3h_linear_uv,2026-02-07 12:00:00+00:00,2026-02-07 18:00:00+00:00,NOAA_GFS_operational_1p00_nearest_3h_linear_uv
2026-02-08 01:00:00+00:00,2026-02-07T18:00:00+00:00,7,0.5137692790311539,0.4544061245004995,0.4840877017658267,extra_trees_weather,da3159287aa0ba32383a0c6a,archived_forecast,2026-02-07 12:00:00+00:00,2026-02-07 18:00:00+00:00,NOAA_GFS_operational_1p00_nearest_3h_linear_uv,2026-02-07 12:00:00+00:00,2026-02-07 18:00:00+00:00,NOAA_GFS_operational_1p00_nearest_3h_linear_uv
2026-02-08 02:00:00+00:00,2026-02-07T18:00:00+00:00,8,0.4536138088994337,0.3824809453509452,0.4180473771251894,extra_trees_weather,da3159287aa0ba32383a0c6a,archived_forecast,2026-02-07 12:00:00+00:00,2026-02-07 18:00:00+00:00,NOAA_GFS_operational_1p00_nearest_3h_linear_uv,2026-02-07 12:00:00+00:00,2026-02-07 18:00:00+00:00,NOAA_GFS_operational_1p00_nearest_3h_linear_uv
2026-02-08 03:00:00+00:00,2026-02-07T18:00:00+00:00,9,0.4396551414326412,0.3702812608061871,0.4049682011194142,extra_trees_weather,da3159287aa0ba32383a0c6a,archived_forecast,2026-02-07 12:00:00+00:00,2026-02-07 18:00:00+00:00,NOAA_GFS_operational_1p00_nearest_3h_linear_uv,2026-02-07 12:00:00+00:00,2026-02-07 18:00:00+00:00,NOAA_GFS_operational_1p00_nearest_3h_linear_uv
2026-02-08 04:00:00+00:00,2026-02-07T18:00:00+00:00,10,0.1068384223415472,0.113077122090872,0.1099577722162096,extra_trees_weather,da3159287aa0ba32383a0c6a,archived_forecast,2026-02-07 12:00:00+00:00,2026-02-07 18:00:00+00:00,NOAA_GFS_operational_1p00_nearest_3h_linear_uv,2026-02-07 12:00:00+00:00,2026-02-07 18:00:00+00:00,NOAA_GFS_operational_1p00_nearest_3h_linear_uv
2026-02-08 05:00:00+00:00,2026-02-07T18:00:00+00:00,11,0.1015387055537055,0.1149421712084211,0.1082404383810633,extra_trees_weather,da3159287aa0ba32383a0c6a,archived_forecast,2026-02-07 12:00:00+00:00,2026-02-07 18:00:00+00:00,NOAA_GFS_operational_1p00_nearest_3h_linear_uv,2026-02-07 12:00:00+00:00,2026-02-07 18:00:00+00:00,NOAA_GFS_operational_1p00_nearest_3h_linear_uv
2026-02-08 06:00:00+00:00,2026-02-07T18:00:00+00:00,12,0.1085473232785732,0.1185837292106042,0.1135655262445887,extra_trees_weather,da3159287aa0ba32383a0c6a,archived_forecast,2026-02-07 12:00:00+00:00,2026-02-07 18:00:00+00:00,NOAA_GFS_operational_1p00_nearest_3h_linear_uv,2026-02-07 12:00:00+00:00,2026-02-07 18:00:00+00:00,NOAA_GFS_operational_1p00_nearest_3h_linear_uv
2026-02-08 07:00:00+00:00,2026-02-07T18:00:00+00:00,13,0.2754215624884373,0.2118073592842343,0.2436144608863358,extra_trees_weather,da3159287aa0ba32383a0c6a,archived_forecast,2026-02-07 12:00:00+00:00,2026-02-07 18:00:00+00:00,NOAA_GFS_operational_1p00_nearest_3h_linear_uv,2026-02-07 12:00:00+00:00,2026-02-07 18:00:00+00:00,NOAA_GFS_operational_1p00_nearest_3h_linear_uv
2026-02-08 08:00:00+00:00,2026-02-07T18:00:00+00:00,14,0.4996178389203386,0.4855210798760063,0.4925694593981724,extra_trees_weather,da3159287aa0ba32383a0c6a,archived_forecast,2026-02-07 12:00:00+00:00,2026-02-07 18:00:00+00:00,NOAA_GFS_operational_1p00_nearest_3h_linear_uv,2026-02-07 12:00:00+00:00,2026-02-07 18:00:00+00:00,NOAA_GFS_operational_1p00_nearest_3h_linear_uv
2026-02-08 09:00:00+00:00,2026-02-07T18:00:00+00:00,15,0.7622602335708957,0.6783863337425102,0.720323283656703,extra_trees_weather,da3159287aa0ba32383a0c6a,archived_forecast,2026-02-07 12:00:00+00:00,2026-02-07 18:00:00+00:00,NOAA_GFS_operational_1p00_nearest_3h_linear_uv,2026-02-07 12:00:00+00:00,2026-02-07 18:00:00+00:00,NOAA_GFS_operational_1p00_nearest_3h_linear_uv
2026-02-08 10:00:00+00:00,2026-02-07T18:00:00+00:00,16,0.7736938731720354,0.6974218863081362,0.7355578797400859,extra_trees_weather,da3159287aa0ba32383a0c6a,archived_forecast,2026-02-07 12:00:00+00:00,2026-02-07 18:00:00+00:00,NOAA_GFS_operational_1p00_nearest_3h_linear_uv,2026-02-07 12:00:00+00:00,2026-02-07 18:00:00+00:00,NOAA_GFS_operational_1p00_nearest_3h_linear_uv
2026-02-08 11:00:00+00:00,2026-02-07T18:00:00+00:00,17,0.7946006560650682,0.7433402688052689,0.7689704624351686,extra_trees_weather,da3159287aa0ba32383a0c6a,archived_forecast,2026-02-07 12:00:00+00:00,2026-02-07 18:00:00+00:00,NOAA_GFS_operational_1p00_nearest_3h_linear_uv,2026-02-07 12:00:00+00:00,2026-02-07 18:00:00+00:00,NOAA_GFS_operational_1p00_nearest_3h_linear_uv
2026-02-08 12:00:00+00:00,2026-02-07T18:00:00+00:00,18,0.7938558511015132,0.7738736229973731,0.7838647370494431,extra_trees_weather,da3159287aa0ba32383a0c6a,archived_forecast,2026-02-07 12:00:00+00:00,2026-02-07 18:00:00+00:00,NOAA_GFS_operational_1p00_nearest_3h_linear_uv,2026-02-07 12:00:00+00:00,2026-02-07 18:00:00+00:00,NOAA_GFS_operational_1p00_nearest_3h_linear_uv
2026-02-08 13:00:00+00:00,2026-02-07T18:00:00+00:00,19,0.8002328648285268,0.7789880574518075,0.7896104611401673,extra_trees_weather,da3159287aa0ba32383a0c6a,archived_forecast,2026-02-07 12:00:00+00:00,2026-02-07 18:00:00+00:00,NOAA_GFS_operational_1p00_nearest_3h_linear_uv,2026-02-07 12:00:00+00:00,2026-02-07 18:00:00+00:00,NOAA_GFS_operational_1p00_nearest_3h_linear_uv
2026-02-08 14:00:00+00:00,2026-02-07T18:00:00+00:00,20,0.7984078256547378,0.7376085550098048,0.7680081903322713,extra_trees_weather,da3159287aa0ba32383a0c6a,archived_forecast,2026-02-07 12:00:00+00:00,2026-02-07 18:00:00+00:00,NOAA_GFS_operational_1p00_nearest_3h_linear_uv,2026-02-07 12:00:00+00:00,2026-02-07 18:00:00+00:00,NOAA_GFS_operational_1p00_nearest_3h_linear_uv
2026-02-08 15:00:00+00:00,2026-02-07T18:00:00+00:00,21,0.8100880741562364,0.7404813818425582,0.7752847279993972,extra_trees_weather,da3159287aa0ba32383a0c6a,archived_forecast,2026-02-07 12:00:00+00:00,2026-02-07 18:00:00+00:00,NOAA_GFS_operational_1p00_nearest_3h_linear_uv,2026-02-07 12:00:00+00:00,2026-02-07 18:00:00+00:00,NOAA_GFS_operational_1p00_nearest_3h_linear_uv
2026-02-08 16:00:00+00:00,2026-02-07T18:00:00+00:00,22,0.8193514403271027,0.7443818951881451,0.7818666677576239,extra_trees_weather,da3159287aa0ba32383a0c6a,archived_forecast,2026-02-07 12:00:00+00:00,2026-02-07 18:00:00+00:00,NOAA_GFS_operational_1p00_nearest_3h_linear_uv,2026-02-07 12:00:00+00:00,2026-02-07 18:00:00+00:00,NOAA_GFS_operational_1p00_nearest_3h_linear_uv
2026-02-08 17:00:00+00:00,2026-02-07T18:00:00+00:00,23,0.8233569719251342,0.7922910967735969,0.8078240343493656,extra_trees_weather,da3159287aa0ba32383a0c6a,archived_forecast,2026-02-07 12:00:00+00:00,2026-02-07 18:00:00+00:00,NOAA_GFS_operational_1p00_nearest_3h_linear_uv,2026-02-07 12:00:00+00:00,2026-02-07 18:00:00+00:00,NOAA_GFS_operational_1p00_nearest_3h_linear_uv
2026-02-08 18:00:00+00:00,2026-02-07T18:00:00+00:00,24,0.8251932772864395,0.8028058193658195,0.8139995483261295,extra_trees_weather,da3159287aa0ba32383a0c6a,archived_forecast,2026-02-07 12:00:00+00:00,2026-02-07 18:00:00+00:00,NOAA_GFS_operational_1p00_nearest_3h_linear_uv,2026-02-07 12:00:00+00:00,2026-02-07 18:00:00+00:00,NOAA_GFS_operational_1p00_nearest_3h_linear_uv
2026-02-08 19:00:00+00:00,2026-02-07T18:00:00+00:00,25,0.853028425055337,0.813567981624857,0.833298203340097,extra_trees_weather,da3159287aa0ba32383a0c6a,archived_forecast,2026-02-07 12:00:00+00:00,2026-02-07 18:00:00+00:00,NOAA_GFS_operational_1p00_nearest_3h_linear_uv,2026-02-07 12:00:00+00:00,2026-02-07 18:00:00+00:00,NOAA_GFS_operational_1p00_nearest_3h_linear_uv
2026-02-08 20:00:00+00:00,2026-02-07T18:00:00+00:00,26,0.8532364806108924,0.8108481163049917,0.832042298457942,extra_trees_weather,da3159287aa0ba32383a0c6a,archived_forecast,2026-02-07 12:00:00+00:00,2026-02-07 18:00:00+00:00,NOAA_GFS_operational_1p00_nearest_3h_linear_uv,2026-02-07 12:00:00+00:00,2026-02-07 18:00:00+00:00,NOAA_GFS_operational_1p00_nearest_3h_linear_uv
2026-02-08 21:00:00+00:00,2026-02-07T18:00:00+00:00,27,0.8444573086717204,0.8073397509203764,0.8258985297960483,extra_trees_weather,da3159287aa0ba32383a0c6a,archived_forecast,2026-02-07 12:00:00+00:00,2026-02-07 18:00:00+00:00,NOAA_GFS_operational_1p00_nearest_3h_linear_uv,2026-02-07 12:00:00+00:00,2026-02-07 18:00:00+00:00,NOAA_GFS_operational_1p00_nearest_3h_linear_uv
2026-02-08 22:00:00+00:00,2026-02-07T18:00:00+00:00,28,0.8303632722914341,0.7948435219641473,0.8126033971277907,extra_trees_weather,da3159287aa0ba32383a0c6a,archived_forecast,2026-02-07 12:00:00+00:00,2026-02-07 18:00:00+00:00,NOAA_GFS_operational_1p00_nearest_3h_linear_uv,2026-02-07 12:00:00+00:00,2026-02-07 18:00:00+00:00,NOAA_GFS_operational_1p00_nearest_3h_linear_uv
2026-02-08 23:00:00+00:00,2026-02-07T18:00:00+00:00,29,0.8260604151485768,0.7948435219641473,0.810451968556362,extra_trees_weather,da3159287aa0ba32383a0c6a,archived_forecast,2026-02-07 12:00:00+00:00,2026-02-07 18:00:00+00:00,NOAA_GFS_operational_1p00_nearest_3h_linear_uv,2026-02-07 12:00:00+00:00,2026-02-07 18:00:00+00:00,NOAA_GFS_operational_1p00_nearest_3h_linear_uv
2026-02-09 00:00:00+00:00,2026-02-07T18:00:00+00:00,30,0.8117651506445622,0.7939531052974806,0.8028591279710214,extra_trees_weather,da3159287aa0ba32383a0c6a,archived_forecast,2026-02-07 12:00:00+00:00,2026-02-07 18:00:00+00:00,NOAA_GFS_operational_1p00_nearest_3h_linear_uv,2026-02-07 12:00:00+00:00,2026-02-07 18:00:00+00:00,NOAA_GFS_operational_1p00_nearest_3h_linear_uv
2026-02-09 01:00:00+00:00,2026-02-07T18:00:00+00:00,31,0.811843854348266,0.7896512114505865,0.8007475328994262,extra_trees_weather,da3159287aa0ba32383a0c6a,archived_forecast,2026-02-07 12:00:00+00:00,2026-02-07 18:00:00+00:00,NOAA_GFS_operational_1p00_nearest_3h_linear_uv,2026-02-07 12:00:00+00:00,2026-02-07 18:00:00+00:00,NOAA_GFS_operational_1p00_nearest_3h_linear_uv
2026-02-09 02:00:00+00:00,2026-02-07T18:00:00+00:00,32,0.7973204054360673,0.7883449006780258,0.7928326530570466,extra_trees_weather,da3159287aa0ba32383a0c6a,archived_forecast,2026-02-07 12:00:00+00:00,2026-02-07 18:00:00+00:00,NOAA_GFS_operational_1p00_nearest_3h_linear_uv,2026-02-07 12:00:00+00:00,2026-02-07 18:00:00+00:00,NOAA_GFS_operational_1p00_nearest_3h_linear_uv
2026-02-09 03:00:00+00:00,2026-02-07T18:00:00+00:00,33,0.7954003428597544,0.7778321897084399,0.7866162662840972,extra_trees_weather,da3159287aa0ba32383a0c6a,archived_forecast,2026-02-07 12:00:00+00:00,2026-02-07 18:00:00+00:00,NOAA_GFS_operational_1p00_nearest_3h_linear_uv,2026-02-07 12:00:00+00:00,2026-02-07 18:00:00+00:00,NOAA_GFS_operational_1p00_nearest_3h_linear_uv
2026-02-09 04:00:00+00:00,2026-02-07T18:00:00+00:00,34,0.7967762464006583,0.7920331425518927,0.7944046944762754,extra_trees_weather,da3159287aa0ba32383a0c6a,archived_forecast,2026-02-07 12:00:00+00:00,2026-02-07 18:00:00+00:00,NOAA_GFS_operational_1p00_nearest_3h_linear_uv,2026-02-07 12:00:00+00:00,2026-02-07 18:00:00+00:00,NOAA_GFS_operational_1p00_nearest_3h_linear_uv
2026-02-09 05:00:00+00:00,2026-02-07T18:00:00+00:00,35,0.8141869494476113,0.7993471955821958,0.8067670725149036,extra_trees_weather,da3159287aa0ba32383a0c6a,archived_forecast,2026-02-07 12:00:00+00:00,2026-02-07 18:00:00+00:00,NOAA_GFS_operational_1p00_nearest_3h_linear_uv,2026-02-07 12:00:00+00:00,2026-02-07 18:00:00+00:00,NOAA_GFS_operational_1p00_nearest_3h_linear_uv
2026-02-09 06:00:00+00:00,2026-02-07T18:00:00+00:00,36,0.8059104534898652,0.764812811679062,0.7853616325844636,extra_trees_weather,da3159287aa0ba32383a0c6a,archived_forecast,2026-02-07 12:00:00+00:00,2026-02-07 18:00:00+00:00,NOAA_GFS_operational_1p00_nearest_3h_linear_uv,2026-02-07 12:00:00+00:00,2026-02-07 18:00:00+00:00,NOAA_GFS_operational_1p00_nearest_3h_linear_uv
2026-02-09 07:00:00+00:00,2026-02-07T18:00:00+00:00,37,0.799575504318666,0.7675326769989274,0.7835540906587967,extra_trees_weather,da3159287aa0ba32383a0c6a,archived_forecast,2026-02-07 12:00:00+00:00,2026-02-07 18:00:00+00:00,NOAA_GFS_operational_1p00_nearest_3h_linear_uv,2026-02-07 12:00:00+00:00,2026-02-07 18:00:00+00:00,NOAA_GFS_operational_1p00_nearest_3h_linear_uv
2026-02-09 08:00:00+00:00,2026-02-07T18:00:00+00:00,38,0.7985457425989043,0.7717293436655939,0.7851375431322491,extra_trees_weather,da3159287aa0ba32383a0c6a,archived_forecast,2026-02-07 12:00:00+00:00,2026-02-07 18:00:00+00:00,NOAA_GFS_operational_1p00_nearest_3h_linear_uv,2026-02-07 12:00:00+00:00,2026-02-07 18:00:00+00:00,NOAA_GFS_operational_1p00_nearest_3h_linear_uv
2026-02-09 09:00:00+00:00,2026-02-07T18:00:00+00:00,39,0.805461652291064,0.7822451643726647,0.7938534083318644,extra_trees_weather,da3159287aa0ba32383a0c6a,archived_forecast,2026-02-07 12:00:00+00:00,2026-02-07 18:00:00+00:00,NOAA_GFS_operational_1p00_nearest_3h_linear_uv,2026-02-07 12:00:00+00:00,2026-02-07 18:00:00+00:00,NOAA_GFS_operational_1p00_nearest_3h_linear_uv
2026-02-09 10:00:00+00:00,2026-02-07T18:00:00+00:00,40,0.8072256836300953,0.7824153032615535,0.7948204934458245,extra_trees_weather,da3159287aa0ba32383a0c6a,archived_forecast,2026-02-07 12:00:00+00:00,2026-02-07 18:00:00+00:00,NOAA_GFS_operational_1p00_nearest_3h_linear_uv,2026-02-07 12:00:00+00:00,2026-02-07 18:00:00+00:00,NOAA_GFS_operational_1p00_nearest_3h_linear_uv
2026-02-09 11:00:00+00:00,2026-02-07T18:00:00+00:00,41,0.630255611148111,0.6326487821968336,0.6314521966724723,extra_trees_weather,da3159287aa0ba32383a0c6a,archived_forecast,2026-02-07 12:00:00+00:00,2026-02-07 18:00:00+00:00,NOAA_GFS_operational_1p00_nearest_3h_linear_uv,2026-02-07 12:00:00+00:00,2026-02-07 18:00:00+00:00,NOAA_GFS_operational_1p00_nearest_3h_linear_uv
2026-02-09 12:00:00+00:00,2026-02-07T18:00:00+00:00,42,0.2946168781218782,0.3104929466829466,0.3025549124024124,extra_trees_weather,da3159287aa0ba32383a0c6a,archived_forecast,2026-02-07 12:00:00+00:00,2026-02-07 18:00:00+00:00,NOAA_GFS_operational_1p00_nearest_3h_linear_uv,2026-02-07 12:00:00+00:00,2026-02-07 18:00:00+00:00,NOAA_GFS_operational_1p00_nearest_3h_linear_uv
2026-02-09 13:00:00+00:00,2026-02-07T18:00:00+00:00,43,0.2115308409183408,0.2588448194166942,0.2351878301675175,extra_trees_weather,da3159287aa0ba32383a0c6a,archived_forecast,2026-02-07 12:00:00+00:00,2026-02-07 18:00:00+00:00,NOAA_GFS_operational_1p00_nearest_3h_linear_uv,2026-02-07 12:00:00+00:00,2026-02-07 18:00:00+00:00,NOAA_GFS_operational_1p00_nearest_3h_linear_uv
2026-02-09 14:00:00+00:00,2026-02-07T18:00:00+00:00,44,0.2028990724321973,0.2458209750666,0.2243600237493987,extra_trees_weather,da3159287aa0ba32383a0c6a,archived_forecast,2026-02-07 12:00:00+00:00,2026-02-07 18:00:00+00:00,NOAA_GFS_operational_1p00_nearest_3h_linear_uv,2026-02-07 12:00:00+00:00,2026-02-07 18:00:00+00:00,NOAA_GFS_operational_1p00_nearest_3h_linear_uv
2026-02-09 15:00:00+00:00,2026-02-07T18:00:00+00:00,45,0.1972042443667442,0.2324385405797905,0.2148213924732674,extra_trees_weather,da3159287aa0ba32383a0c6a,archived_forecast,2026-02-07 12:00:00+00:00,2026-02-07 18:00:00+00:00,NOAA_GFS_operational_1p00_nearest_3h_linear_uv,2026-02-07 12:00:00+00:00,2026-02-07 18:00:00+00:00,NOAA_GFS_operational_1p00_nearest_3h_linear_uv
2026-02-09 16:00:00+00:00,2026-02-07T18:00:00+00:00,46,0.1815990757159506,0.2214284879703629,0.2015137818431567,extra_trees_weather,da3159287aa0ba32383a0c6a,archived_forecast,2026-02-07 12:00:00+00:00,2026-02-07 18:00:00+00:00,NOAA_GFS_operational_1p00_nearest_3h_linear_uv,2026-02-07 12:00:00+00:00,2026-02-07 18:00:00+00:00,NOAA_GFS_operational_1p00_nearest_3h_linear_uv
2026-02-09 17:00:00+00:00,2026-02-07T18:00:00+00:00,47,0.1936947940485439,0.2194572418784918,0.2065760179635178,extra_trees_weather,da3159287aa0ba32383a0c6a,archived_forecast,2026-02-07 12:00:00+00:00,2026-02-07 18:00:00+00:00,NOAA_GFS_operational_1p00_nearest_3h_linear_uv,2026-02-07 12:00:00+00:00,2026-02-07 18:00:00+00:00,NOAA_GFS_operational_1p00_nearest_3h_linear_uv
2026-02-09 18:00:00+00:00,2026-02-07T18:00:00+00:00,48,0.2039133486420984,0.2225672021959521,0.2132402754190252,extra_trees_weather,da3159287aa0ba32383a0c6a,archived_forecast,2026-02-07 12:00:00+00:00,2026-02-07 18:00:00+00:00,NOAA_GFS_operational_1p00_nearest_3h_linear_uv,2026-02-07 12:00:00+00:00,2026-02-07 18:00:00+00:00,NOAA_GFS_operational_1p00_nearest_3h_linear_uv
2026-02-08 19:00:00+00:00,2026-02-08T18:00:00+00:00,1,0.8809904362848481,0.8381058453120955,0.8595481407984717,extra_trees_weather,3a946e0b51f292dbe7a19ee9,archived_forecast,2026-02-08 12:00:00+00:00,2026-02-08 18:00:00+00:00,NOAA_GFS_operational_1p00_nearest_3h_linear_uv,2026-02-08 12:00:00+00:00,2026-02-08 18:00:00+00:00,NOAA_GFS_operational_1p00_nearest_3h_linear_uv
2026-02-08 20:00:00+00:00,2026-02-08T18:00:00+00:00,2,0.8811984918404038,0.8302722994366748,0.8557353956385394,extra_trees_weather,3a946e0b51f292dbe7a19ee9,archived_forecast,2026-02-08 12:00:00+00:00,2026-02-08 18:00:00+00:00,NOAA_GFS_operational_1p00_nearest_3h_linear_uv,2026-02-08 12:00:00+00:00,2026-02-08 18:00:00+00:00,NOAA_GFS_operational_1p00_nearest_3h_linear_uv
2026-02-08 21:00:00+00:00,2026-02-08T18:00:00+00:00,3,0.8686729559411177,0.8242110931892184,0.846442024565168,extra_trees_weather,3a946e0b51f292dbe7a19ee9,archived_forecast,2026-02-08 12:00:00+00:00,2026-02-08 18:00:00+00:00,NOAA_GFS_operational_1p00_nearest_3h_linear_uv,2026-02-08 12:00:00+00:00,2026-02-08 18:00:00+00:00,NOAA_GFS_operational_1p00_nearest_3h_linear_uv
2026-02-08 22:00:00+00:00,2026-02-08T18:00:00+00:00,4,0.853368663150575,0.8133899820781074,0.8333793226143412,extra_trees_weather,3a946e0b51f292dbe7a19ee9,archived_forecast,2026-02-08 12:00:00+00:00,2026-02-08 18:00:00+00:00,NOAA_GFS_operational_1p00_nearest_3h_linear_uv,2026-02-08 12:00:00+00:00,2026-02-08 18:00:00+00:00,NOAA_GFS_operational_1p00_nearest_3h_linear_uv
2026-02-08 23:00:00+00:00,2026-02-08T18:00:00+00:00,5,0.8490783853727973,0.8133899820781074,0.8312341837254524,extra_trees_weather,3a946e0b51f292dbe7a19ee9,archived_forecast,2026-02-08 12:00:00+00:00,2026-02-08 18:00:00+00:00,NOAA_GFS_operational_1p00_nearest_3h_linear_uv,2026-02-08 12:00:00+00:00,2026-02-08 18:00:00+00:00,NOAA_GFS_operational_1p00_nearest_3h_linear_uv
2026-02-09 00:00:00+00:00,2026-02-08T18:00:00+00:00,6,0.8552305648599767,0.8113205376336629,0.8332755512468198,extra_trees_weather,3a946e0b51f292dbe7a19ee9,archived_forecast,2026-02-08 12:00:00+00:00,2026-02-08 18:00:00+00:00,NOAA_GFS_operational_1p00_nearest_3h_linear_uv,2026-02-08 12:00:00+00:00,2026-02-08 18:00:00+00:00,NOAA_GFS_operational_1p00_nearest_3h_linear_uv
2026-02-09 01:00:00+00:00,2026-02-08T18:00:00+00:00,7,0.8425748943268061,0.7331379514072529,0.7878564228670295,extra_trees_weather,3a946e0b51f292dbe7a19ee9,archived_forecast,2026-02-08 12:00:00+00:00,2026-02-08 18:00:00+00:00,NOAA_GFS_operational_1p00_nearest_3h_linear_uv,2026-02-08 12:00:00+00:00,2026-02-08 18:00:00+00:00,NOAA_GFS_operational_1p00_nearest_3h_linear_uv
2026-02-09 02:00:00+00:00,2026-02-08T18:00:00+00:00,8,0.7804906644825763,0.702273541372843,0.7413821029277096,extra_trees_weather,3a946e0b51f292dbe7a19ee9,archived_forecast,2026-02-08 12:00:00+00:00,2026-02-08 18:00:00+00:00,NOAA_GFS_operational_1p00_nearest_3h_linear_uv,2026-02-08 12:00:00+00:00,2026-02-08 18:00:00+00:00,NOAA_GFS_operational_1p00_nearest_3h_linear_uv
2026-02-09 03:00:00+00:00,2026-02-08T18:00:00+00:00,9,0.6098297270091021,0.5962679132047145,0.6030488201069083,extra_trees_weather,3a946e0b51f292dbe7a19ee9,archived_forecast,2026-02-08 12:00:00+00:00,2026-02-08 18:00:00+00:00,NOAA_GFS_operational_1p00_nearest_3h_linear_uv,2026-02-08 12:00:00+00:00,2026-02-08 18:00:00+00:00,NOAA_GFS_operational_1p00_nearest_3h_linear_uv
2026-02-09 04:00:00+00:00,2026-02-08T18:00:00+00:00,10,0.8190921627528245,0.7379795452069718,0.7785358539798982,extra_trees_weather,3a946e0b51f292dbe7a19ee9,archived_forecast,2026-02-08 12:00:00+00:00,2026-02-08 18:00:00+00:00,NOAA_GFS_operational_1p00_nearest_3h_linear_uv,2026-02-08 12:00:00+00:00,2026-02-08 18:00:00+00:00,NOAA_GFS_operational_1p00_nearest_3h_linear_uv
2026-02-09 05:00:00+00:00,2026-02-08T18:00:00+00:00,11,0.8589410531217152,0.8363319941169945,0.8476365236193549,extra_trees_weather,3a946e0b51f292dbe7a19ee9,archived_forecast,2026-02-08 12:00:00+00:00,2026-02-08 18:00:00+00:00,NOAA_GFS_operational_1p00_nearest_3h_linear_uv,2026-02-08 12:00:00+00:00,2026-02-08 18:00:00+00:00,NOAA_GFS_operational_1p00_nearest_3h_linear_uv
2026-02-09 06:00:00+00:00,2026-02-08T18:00:00+00:00,12,0.8637259725078846,0.822451470612721,0.8430887215603027,extra_trees_weather,3a946e0b51f292dbe7a19ee9,archived_forecast,2026-02-08 12:00:00+00:00,2026-02-08 18:00:00+00:00,NOAA_GFS_operational_1p00_nearest_3h_linear_uv,2026-02-08 12:00:00+00:00,2026-02-08 18:00:00+00:00,NOAA_GFS_operational_1p00_nearest_3h_linear_uv
2026-02-09 07:00:00+00:00,2026-02-08T18:00:00+00:00,13,0.8504618605087724,0.8058410118585122,0.8281514361836424,extra_trees_weather,3a946e0b51f292dbe7a19ee9,archived_forecast,2026-02-08 12:00:00+00:00,2026-02-08 18:00:00+00:00,NOAA_GFS_operational_1p00_nearest_3h_linear_uv,2026-02-08 12:00:00+00:00,2026-02-08 18:00:00+00:00,NOAA_GFS_operational_1p00_nearest_3h_linear_uv
2026-02-09 08:00:00+00:00,2026-02-08T18:00:00+00:00,14,0.8402195855152473,0.8010695832870837,0.8206445844011656,extra_trees_weather,3a946e0b51f292dbe7a19ee9,archived_forecast,2026-02-08 12:00:00+00:00,2026-02-08 18:00:00+00:00,NOAA_GFS_operational_1p00_nearest_3h_linear_uv,2026-02-08 12:00:00+00:00,2026-02-08 18:00:00+00:00,NOAA_GFS_operational_1p00_nearest_3h_linear_uv
2026-02-09 09:00:00+00:00,2026-02-08T18:00:00+00:00,15,0.8443285507629626,0.80648470954971,0.8254066301563363,extra_trees_weather,3a946e0b51f292dbe7a19ee9,archived_forecast,2026-02-08 12:00:00+00:00,2026-02-08 18:00:00+00:00,NOAA_GFS_operational_1p00_nearest_3h_linear_uv,2026-02-08 12:00:00+00:00,2026-02-08 18:00:00+00:00,NOAA_GFS_operational_1p00_nearest_3h_linear_uv
2026-02-09 10:00:00+00:00,2026-02-08T18:00:00+00:00,16,0.8480903207059824,0.7556319372294372,0.8018611289677097,extra_trees_weather,3a946e0b51f292dbe7a19ee9,archived_forecast,2026-02-08 12:00:00+00:00,2026-02-08 18:00:00+00:00,NOAA_GFS_operational_1p00_nearest_3h_linear_uv,2026-02-08 12:00:00+00:00,2026-02-08 18:00:00+00:00,NOAA_GFS_operational_1p00_nearest_3h_linear_uv
2026-02-09 11:00:00+00:00,2026-02-08T18:00:00+00:00,17,0.6667119441669442,0.6972151965232478,0.681963570345096,extra_trees_weather,3a946e0b51f292dbe7a19ee9,archived_forecast,2026-02-08 12:00:00+00:00,2026-02-08 18:00:00+00:00,NOAA_GFS_operational_1p00_nearest_3h_linear_uv,2026-02-08 12:00:00+00:00,2026-02-08 18:00:00+00:00,NOAA_GFS_operational_1p00_nearest_3h_linear_uv
2026-02-09 12:00:00+00:00,2026-02-08T18:00:00+00:00,18,0.3293057312132312,0.3513814375439375,0.3403435843785843,extra_trees_weather,3a946e0b51f292dbe7a19ee9,archived_forecast,2026-02-08 12:00:00+00:00,2026-02-08 18:00:00+00:00,NOAA_GFS_operational_1p00_nearest_3h_linear_uv,2026-02-08 12:00:00+00:00,2026-02-08 18:00:00+00:00,NOAA_GFS_operational_1p00_nearest_3h_linear_uv
2026-02-09 13:00:00+00:00,2026-02-08T18:00:00+00:00,19,0.2341149830031079,0.270053388070263,0.2520841855366855,extra_trees_weather,3a946e0b51f292dbe7a19ee9,archived_forecast,2026-02-08 12:00:00+00:00,2026-02-08 18:00:00+00:00,NOAA_GFS_operational_1p00_nearest_3h_linear_uv,2026-02-08 12:00:00+00:00,2026-02-08 18:00:00+00:00,NOAA_GFS_operational_1p00_nearest_3h_linear_uv
2026-02-09 14:00:00+00:00,2026-02-08T18:00:00+00:00,20,0.2148588458300957,0.2676028377872127,0.2412308418086542,extra_trees_weather,3a946e0b51f292dbe7a19ee9,archived_forecast,2026-02-08 12:00:00+00:00,2026-02-08 18:00:00+00:00,NOAA_GFS_operational_1p00_nearest_3h_linear_uv,2026-02-08 12:00:00+00:00,2026-02-08 18:00:00+00:00,NOAA_GFS_operational_1p00_nearest_3h_linear_uv
2026-02-09 15:00:00+00:00,2026-02-08T18:00:00+00:00,21,0.2346097445841195,0.2669196530552779,0.2507646988196987,extra_trees_weather,3a946e0b51f292dbe7a19ee9,archived_forecast,2026-02-08 12:00:00+00:00,2026-02-08 18:00:00+00:00,NOAA_GFS_operational_1p00_nearest_3h_linear_uv,2026-02-08 12:00:00+00:00,2026-02-08 18:00:00+00:00,NOAA_GFS_operational_1p00_nearest_3h_linear_uv
2026-02-09 16:00:00+00:00,2026-02-08T18:00:00+00:00,22,0.2093796998371997,0.2546006036093534,0.2319901517232766,extra_trees_weather,3a946e0b51f292dbe7a19ee9,archived_forecast,2026-02-08 12:00:00+00:00,2026-02-08 18:00:00+00:00,NOAA_GFS_operational_1p00_nearest_3h_linear_uv,2026-02-08 12:00:00+00:00,2026-02-08 18:00:00+00:00,NOAA_GFS_operational_1p00_nearest_3h_linear_uv
2026-02-09 17:00:00+00:00,2026-02-08T18:00:00+00:00,23,0.2061985744810744,0.235361818089318,0.2207801962851962,extra_trees_weather,3a946e0b51f292dbe7a19ee9,archived_forecast,2026-02-08 12:00:00+00:00,2026-02-08 18:00:00+00:00,NOAA_GFS_operational_1p00_nearest_3h_linear_uv,2026-02-08 12:00:00+00:00,2026-02-08 18:00:00+00:00,NOAA_GFS_operational_1p00_nearest_3h_linear_uv
2026-02-09 18:00:00+00:00,2026-02-08T18:00:00+00:00,24,0.2201269541107039,0.2352191685166684,0.2276730613136862,extra_trees_weather,3a946e0b51f292dbe7a19ee9,archived_forecast,2026-02-08 12:00:00+00:00,2026-02-08 18:00:00+00:00,NOAA_GFS_operational_1p00_nearest_3h_linear_uv,2026-02-08 12:00:00+00:00,2026-02-08 18:00:00+00:00,NOAA_GFS_operational_1p00_nearest_3h_linear_uv
2026-02-09 19:00:00+00:00,2026-02-08T18:00:00+00:00,25,0.2100864767639767,0.2246016202778702,0.2173440485209234,extra_trees_weather,3a946e0b51f292dbe7a19ee9,archived_forecast,2026-02-08 12:00:00+00:00,2026-02-08 18:00:00+00:00,NOAA_GFS_operational_1p00_nearest_3h_linear_uv,2026-02-08 12:00:00+00:00,2026-02-08 18:00:00+00:00,NOAA_GFS_operational_1p00_nearest_3h_linear_uv
2026-02-09 20:00:00+00:00,2026-02-08T18:00:00+00:00,26,0.2030825516150515,0.2178050877363376,0.2104438196756946,extra_trees_weather,3a946e0b51f292dbe7a19ee9,archived_forecast,2026-02-08 12:00:00+00:00,2026-02-08 18:00:00+00:00,NOAA_GFS_operational_1p00_nearest_3h_linear_uv,2026-02-08 12:00:00+00:00,2026-02-08 18:00:00+00:00,NOAA_GFS_operational_1p00_nearest_3h_linear_uv
2026-02-09 21:00:00+00:00,2026-02-08T18:00:00+00:00,27,0.1839933314602063,0.2149871448921448,0.1994902381761756,extra_trees_weather,3a946e0b51f292dbe7a19ee9,archived_forecast,2026-02-08 12:00:00+00:00,2026-02-08 18:00:00+00:00,NOAA_GFS_operational_1p00_nearest_3h_linear_uv,2026-02-08 12:00:00+00:00,2026-02-08 18:00:00+00:00,NOAA_GFS_operational_1p00_nearest_3h_linear_uv
2026-02-09 22:00:00+00:00,2026-02-08T18:00:00+00:00,28,0.1799221069208568,0.2183435696248195,0.1991328382728382,extra_trees_weather,3a946e0b51f292dbe7a19ee9,archived_forecast,2026-02-08 12:00:00+00:00,2026-02-08 18:00:00+00:00,NOAA_GFS_operational_1p00_nearest_3h_linear_uv,2026-02-08 12:00:00+00:00,2026-02-08 18:00:00+00:00,NOAA_GFS_operational_1p00_nearest_3h_linear_uv
2026-02-09 23:00:00+00:00,2026-02-08T18:00:00+00:00,29,0.2297253976810226,0.2175365539321789,0.2236309758066008,extra_trees_weather,3a946e0b51f292dbe7a19ee9,archived_forecast,2026-02-08 12:00:00+00:00,2026-02-08 18:00:00+00:00,NOAA_GFS_operational_1p00_nearest_3h_linear_uv,2026-02-08 12:00:00+00:00,2026-02-08 18:00:00+00:00,NOAA_GFS_operational_1p00_nearest_3h_linear_uv
2026-02-10 00:00:00+00:00,2026-02-08T18:00:00+00:00,30,0.3136099441761942,0.2670881629250379,0.290349053550616,extra_trees_weather,3a946e0b51f292dbe7a19ee9,archived_forecast,2026-02-08 12:00:00+00:00,2026-02-08 18:00:00+00:00,NOAA_GFS_operational_1p00_nearest_3h_linear_uv,2026-02-08 12:00:00+00:00,2026-02-08 18:00:00+00:00,NOAA_GFS_operational_1p00_nearest_3h_linear_uv
2026-02-10 01:00:00+00:00,2026-02-08T18:00:00+00:00,31,0.3252210185185184,0.3014104943436192,0.3133157564310688,extra_trees_weather,3a946e0b51f292dbe7a19ee9,archived_forecast,2026-02-08 12:00:00+00:00,2026-02-08 18:00:00+00:00,NOAA_GFS_operational_1p00_nearest_3h_linear_uv,2026-02-08 12:00:00+00:00,2026-02-08 18:00:00+00:00,NOAA_GFS_operational_1p00_nearest_3h_linear_uv
2026-02-10 02:00:00+00:00,2026-02-08T18:00:00+00:00,32,0.4185042744061491,0.3731234115952129,0.395813843000681,extra_trees_weather,3a946e0b51f292dbe7a19ee9,archived_forecast,2026-02-08 12:00:00+00:00,2026-02-08 18:00:00+00:00,NOAA_GFS_operational_1p00_nearest_3h_linear_uv,2026-02-08 12:00:00+00:00,2026-02-08 18:00:00+00:00,NOAA_GFS_operational_1p00_nearest_3h_linear_uv
2026-02-10 03:00:00+00:00,2026-02-08T18:00:00+00:00,33,0.528206452182077,0.4554394492150006,0.4918229506985388,extra_trees_weather,3a946e0b51f292dbe7a19ee9,archived_forecast,2026-02-08 12:00:00+00:00,2026-02-08 18:00:00+00:00,NOAA_GFS_operational_1p00_nearest_3h_linear_uv,2026-02-08 12:00:00+00:00,2026-02-08 18:00:00+00:00,NOAA_GFS_operational_1p00_nearest_3h_linear_uv
2026-02-10 04:00:00+00:00,2026-02-08T18:00:00+00:00,34,0.5440058209614457,0.4682899963067976,0.5061479086341217,extra_trees_weather,3a946e0b51f292dbe7a19ee9,archived_forecast,2026-02-08 12:00:00+00:00,2026-02-08 18:00:00+00:00,NOAA_GFS_operational_1p00_nearest_3h_linear_uv,2026-02-08 12:00:00+00:00,2026-02-08 18:00:00+00:00,NOAA_GFS_operational_1p00_nearest_3h_linear_uv
2026-02-10 05:00:00+00:00,2026-02-08T18:00:00+00:00,35,0.5292527484321234,0.4964778904496918,0.5128653194409076,extra_trees_weather,3a946e0b51f292dbe7a19ee9,archived_forecast,2026-02-08 12:00:00+00:00,2026-02-08 18:00:00+00:00,NOAA_GFS_operational_1p00_nearest_3h_linear_uv,2026-02-08 12:00:00+00:00,2026-02-08 18:00:00+00:00,NOAA_GFS_operational_1p00_nearest_3h_linear_uv
2026-02-10 06:00:00+00:00,2026-02-08T18:00:00+00:00,36,0.537407065966441,0.5223109903359167,0.5298590281511789,extra_trees_weather,3a946e0b51f292dbe7a19ee9,archived_forecast,2026-02-08 12:00:00+00:00,2026-02-08 18:00:00+00:00,NOAA_GFS_operational_1p00_nearest_3h_linear_uv,2026-02-08 12:00:00+00:00,2026-02-08 18:00:00+00:00,NOAA_GFS_operational_1p00_nearest_3h_linear_uv
2026-02-10 07:00:00+00:00,2026-02-08T18:00:00+00:00,37,0.2543919505032004,0.2311022489084989,0.2427470997058496,extra_trees_weather,3a946e0b51f292dbe7a19ee9,archived_forecast,2026-02-08 12:00:00+00:00,2026-02-08 18:00:00+00:00,NOAA_GFS_operational_1p00_nearest_3h_linear_uv,2026-02-08 12:00:00+00:00,2026-02-08 18:00:00+00:00,NOAA_GFS_operational_1p00_nearest_3h_linear_uv
2026-02-10 08:00:00+00:00,2026-02-08T18:00:00+00:00,38,0.0904924423724423,0.0912521118002367,0.0908722770863395,extra_trees_weather,3a946e0b51f292dbe7a19ee9,archived_forecast,2026-02-08 12:00:00+00:00,2026-02-08 18:00:00+00:00,NOAA_GFS_operational_1p00_nearest_3h_linear_uv,2026-02-08 12:00:00+00:00,2026-02-08 18:00:00+00:00,NOAA_GFS_operational_1p00_nearest_3h_linear_uv
2026-02-10 09:00:00+00:00,2026-02-08T18:00:00+00:00,39,0.0919749359668109,0.1001857621313871,0.096080349049099,extra_trees_weather,3a946e0b51f292dbe7a19ee9,archived_forecast,2026-02-08 12:00:00+00:00,2026-02-08 18:00:00+00:00,NOAA_GFS_operational_1p00_nearest_3h_linear_uv,2026-02-08 12:00:00+00:00,2026-02-08 18:00:00+00:00,NOAA_GFS_operational_1p00_nearest_3h_linear_uv
2026-02-10 10:00:00+00:00,2026-02-08T18:00:00+00:00,40,0.1025143481749731,0.1120781270812521,0.1072962376281126,extra_trees_weather,3a946e0b51f292dbe7a19ee9,archived_forecast,2026-02-08 12:00:00+00:00,2026-02-08 18:00:00+00:00,NOAA_GFS_operational_1p00_nearest_3h_linear_uv,2026-02-08 12:00:00+00:00,2026-02-08 18:00:00+00:00,NOAA_GFS_operational_1p00_nearest_3h_linear_uv
2026-02-10 11:00:00+00:00,2026-02-08T18:00:00+00:00,41,0.144739542008917,0.1487016211334961,0.1467205815712066,extra_trees_weather,3a946e0b51f292dbe7a19ee9,archived_forecast,2026-02-08 12:00:00+00:00,2026-02-08 18:00:00+00:00,NOAA_GFS_operational_1p00_nearest_3h_linear_uv,2026-02-08 12:00:00+00:00,2026-02-08 18:00:00+00:00,NOAA_GFS_operational_1p00_nearest_3h_linear_uv
2026-02-10 12:00:00+00:00,2026-02-08T18:00:00+00:00,42,0.1748256658850408,0.2128114701733451,0.193818568029193,extra_trees_weather,3a946e0b51f292dbe7a19ee9,archived_forecast,2026-02-08 12:00:00+00:00,2026-02-08 18:00:00+00:00,NOAA_GFS_operational_1p00_nearest_3h_linear_uv,2026-02-08 12:00:00+00:00,2026-02-08 18:00:00+00:00,NOAA_GFS_operational_1p00_nearest_3h_linear_uv
2026-02-10 13:00:00+00:00,2026-02-08T18:00:00+00:00,43,0.2271310009666259,0.2755587757381506,0.2513448883523883,extra_trees_weather,3a946e0b51f292dbe7a19ee9,archived_forecast,2026-02-08 12:00:00+00:00,2026-02-08 18:00:00+00:00,NOAA_GFS_operational_1p00_nearest_3h_linear_uv,2026-02-08 12:00:00+00:00,2026-02-08 18:00:00+00:00,NOAA_GFS_operational_1p00_nearest_3h_linear_uv
2026-02-10 14:00:00+00:00,2026-02-08T18:00:00+00:00,44,0.3389316850973101,0.3677940890590891,0.3533628870781996,extra_trees_weather,3a946e0b51f292dbe7a19ee9,archived_forecast,2026-02-08 12:00:00+00:00,2026-02-08 18:00:00+00:00,NOAA_GFS_operational_1p00_nearest_3h_linear_uv,2026-02-08 12:00:00+00:00,2026-02-08 18:00:00+00:00,NOAA_GFS_operational_1p00_nearest_3h_linear_uv
2026-02-10 15:00:00+00:00,2026-02-08T18:00:00+00:00,45,0.5805995736888381,0.564178766772443,0.5723891702306406,extra_trees_weather,3a946e0b51f292dbe7a19ee9,archived_forecast,2026-02-08 12:00:00+00:00,2026-02-08 18:00:00+00:00,NOAA_GFS_operational_1p00_nearest_3h_linear_uv,2026-02-08 12:00:00+00:00,2026-02-08 18:00:00+00:00,NOAA_GFS_operational_1p00_nearest_3h_linear_uv
2026-02-10 16:00:00+00:00,2026-02-08T18:00:00+00:00,46,0.6103908465145965,0.6343122064346329,0.6223515264746146,extra_trees_weather,3a946e0b51f292dbe7a19ee9,archived_forecast,2026-02-08 12:00:00+00:00,2026-02-08 18:00:00+00:00,NOAA_GFS_operational_1p00_nearest_3h_linear_uv,2026-02-08 12:00:00+00:00,2026-02-08 18:00:00+00:00,NOAA_GFS_operational_1p00_nearest_3h_linear_uv
2026-02-10 17:00:00+00:00,2026-02-08T18:00:00+00:00,47,0.6654449317580567,0.6889452326676591,0.677195082212858,extra_trees_weather,3a946e0b51f292dbe7a19ee9,archived_forecast,2026-02-08 12:00:00+00:00,2026-02-08 18:00:00+00:00,NOAA_GFS_operational_1p00_nearest_3h_linear_uv,2026-02-08 12:00:00+00:00,2026-02-08 18:00:00+00:00,NOAA_GFS_operational_1p00_nearest_3h_linear_uv
2026-02-10 18:00:00+00:00,2026-02-08T18:00:00+00:00,48,0.6835555990305991,0.7365127449701716,0.7100341720003854,extra_trees_weather,3a946e0b51f292dbe7a19ee9,archived_forecast,2026-02-08 12:00:00+00:00,2026-02-08 18:00:00+00:00,NOAA_GFS_operational_1p00_nearest_3h_linear_uv,2026-02-08 12:00:00+00:00,2026-02-08 18:00:00+00:00,NOAA_GFS_operational_1p00_nearest_3h_linear_uv
2026-02-09 19:00:00+00:00,2026-02-09T18:00:00+00:00,1,0.2371851384957633,0.2493258649683649,0.2432555017320641,extra_trees_weather,0c7b5596063b62c25b1c5f55,archived_forecast,2026-02-09 12:00:00+00:00,2026-02-09 18:00:00+00:00,NOAA_GFS_operational_1p00_nearest_3h_linear_uv,2026-02-09 12:00:00+00:00,2026-02-09 18:00:00+00:00,NOAA_GFS_operational_1p00_nearest_3h_linear_uv
2026-02-09 20:00:00+00:00,2026-02-09T18:00:00+00:00,2,0.2356769772588521,0.2411584413734412,0.2384177093161467,extra_trees_weather,0c7b5596063b62c25b1c5f55,archived_forecast,2026-02-09 12:00:00+00:00,2026-02-09 18:00:00+00:00,NOAA_GFS_operational_1p00_nearest_3h_linear_uv,2026-02-09 12:00:00+00:00,2026-02-09 18:00:00+00:00,NOAA_GFS_operational_1p00_nearest_3h_linear_uv
2026-02-09 21:00:00+00:00,2026-02-09T18:00:00+00:00,3,0.2889019973082473,0.2843816180809929,0.2866418076946201,extra_trees_weather,0c7b5596063b62c25b1c5f55,archived_forecast,2026-02-09 12:00:00+00:00,2026-02-09 18:00:00+00:00,NOAA_GFS_operational_1p00_nearest_3h_linear_uv,2026-02-09 12:00:00+00:00,2026-02-09 18:00:00+00:00,NOAA_GFS_operational_1p00_nearest_3h_linear_uv
2026-02-09 22:00:00+00:00,2026-02-09T18:00:00+00:00,4,0.1764702292846042,0.1981798535261035,0.1873250414053538,extra_trees_weather,0c7b5596063b62c25b1c5f55,archived_forecast,2026-02-09 12:00:00+00:00,2026-02-09 18:00:00+00:00,NOAA_GFS_operational_1p00_nearest_3h_linear_uv,2026-02-09 12:00:00+00:00,2026-02-09 18:00:00+00:00,NOAA_GFS_operational_1p00_nearest_3h_linear_uv
2026-02-09 23:00:00+00:00,2026-02-09T18:00:00+00:00,5,0.1745907278369777,0.1959718841806341,0.1852813060088059,extra_trees_weather,0c7b5596063b62c25b1c5f55,archived_forecast,2026-02-09 12:00:00+00:00,2026-02-09 18:00:00+00:00,NOAA_GFS_operational_1p00_nearest_3h_linear_uv,2026-02-09 12:00:00+00:00,2026-02-09 18:00:00+00:00,NOAA_GFS_operational_1p00_nearest_3h_linear_uv
2026-02-10 00:00:00+00:00,2026-02-09T18:00:00+00:00,6,0.4881681043724794,0.4609125112455627,0.474540307809021,extra_trees_weather,0c7b5596063b62c25b1c5f55,archived_forecast,2026-02-09 12:00:00+00:00,2026-02-09 18:00:00+00:00,NOAA_GFS_operational_1p00_nearest_3h_linear_uv,2026-02-09 12:00:00+00:00,2026-02-09 18:00:00+00:00,NOAA_GFS_operational_1p00_nearest_3h_linear_uv
2026-02-10 01:00:00+00:00,2026-02-09T18:00:00+00:00,7,0.3323847154697155,0.31506424508362,0.3237244802766677,extra_trees_weather,0c7b5596063b62c25b1c5f55,archived_forecast,2026-02-09 12:00:00+00:00,2026-02-09 18:00:00+00:00,NOAA_GFS_operational_1p00_nearest_3h_linear_uv,2026-02-09 12:00:00+00:00,2026-02-09 18:00:00+00:00,NOAA_GFS_operational_1p00_nearest_3h_linear_uv
2026-02-10 02:00:00+00:00,2026-02-09T18:00:00+00:00,8,0.2120578925010174,0.2019610229122728,0.2070094577066451,extra_trees_weather,0c7b5596063b62c25b1c5f55,archived_forecast,2026-02-09 12:00:00+00:00,2026-02-09 18:00:00+00:00,NOAA_GFS_operational_1p00_nearest_3h_linear_uv,2026-02-09 12:00:00+00:00,2026-02-09 18:00:00+00:00,NOAA_GFS_operational_1p00_nearest_3h_linear_uv
2026-02-10 03:00:00+00:00,2026-02-09T18:00:00+00:00,9,0.138086536958412,0.1158648403679653,0.1269756886631886,extra_trees_weather,0c7b5596063b62c25b1c5f55,archived_forecast,2026-02-09 12:00:00+00:00,2026-02-09 18:00:00+00:00,NOAA_GFS_operational_1p00_nearest_3h_linear_uv,2026-02-09 12:00:00+00:00,2026-02-09 18:00:00+00:00,NOAA_GFS_operational_1p00_nearest_3h_linear_uv
2026-02-10 04:00:00+00:00,2026-02-09T18:00:00+00:00,10,0.1102002656602656,0.107879843050468,0.1090400543553668,extra_trees_weather,0c7b5596063b62c25b1c5f55,archived_forecast,2026-02-09 12:00:00+00:00,2026-02-09 18:00:00+00:00,NOAA_GFS_operational_1p00_nearest_3h_linear_uv,2026-02-09 12:00:00+00:00,2026-02-09 18:00:00+00:00,NOAA_GFS_operational_1p00_nearest_3h_linear_uv
2026-02-10 05:00:00+00:00,2026-02-09T18:00:00+00:00,11,0.1087321314333814,0.1092541173409923,0.1089931243871868,extra_trees_weather,0c7b5596063b62c25b1c5f55,archived_forecast,2026-02-09 12:00:00+00:00,2026-02-09 18:00:00+00:00,NOAA_GFS_operational_1p00_nearest_3h_linear_uv,2026-02-09 12:00:00+00:00,2026-02-09 18:00:00+00:00,NOAA_GFS_operational_1p00_nearest_3h_linear_uv
2026-02-10 06:00:00+00:00,2026-02-09T18:00:00+00:00,12,0.1562829426129425,0.1426346331677581,0.1494587878903503,extra_trees_weather,0c7b5596063b62c25b1c5f55,archived_forecast,2026-02-09 12:00:00+00:00,2026-02-09 18:00:00+00:00,NOAA_GFS_operational_1p00_nearest_3h_linear_uv,2026-02-09 12:00:00+00:00,2026-02-09 18:00:00+00:00,NOAA_GFS_operational_1p00_nearest_3h_linear_uv
2026-02-10 07:00:00+00:00,2026-02-09T18:00:00+00:00,13,0.0901834352915602,0.0957677685046434,0.0929756018981018,extra_trees_weather,0c7b5596063b62c25b1c5f55,archived_forecast,2026-02-09 12:00:00+00:00,2026-02-09 18:00:00+00:00,NOAA_GFS_operational_1p00_nearest_3h_linear_uv,2026-02-09 12:00:00+00:00,2026-02-09 18:00:00+00:00,NOAA_GFS_operational_1p00_nearest_3h_linear_uv
2026-02-10 08:00:00+00:00,2026-02-09T18:00:00+00:00,14,0.0910135919867169,0.0985778719197469,0.0947957319532319,extra_trees_weather,0c7b5596063b62c25b1c5f55,archived_forecast,2026-02-09 12:00:00+00:00,2026-02-09 18:00:00+00:00,NOAA_GFS_operational_1p00_nearest_3h_linear_uv,2026-02-09 12:00:00+00:00,2026-02-09 18:00:00+00:00,NOAA_GFS_operational_1p00_nearest_3h_linear_uv
2026-02-10 09:00:00+00:00,2026-02-09T18:00:00+00:00,15,0.1255131368400118,0.1568264254726754,0.1411697811563436,extra_trees_weather,0c7b5596063b62c25b1c5f55,archived_forecast,2026-02-09 12:00:00+00:00,2026-02-09 18:00:00+00:00,NOAA_GFS_operational_1p00_nearest_3h_linear_uv,2026-02-09 12:00:00+00:00,2026-02-09 18:00:00+00:00,NOAA_GFS_operational_1p00_nearest_3h_linear_uv
2026-02-10 10:00:00+00:00,2026-02-09T18:00:00+00:00,16,0.0967066166934916,0.1116990361721612,0.1042028264328264,extra_trees_weather,0c7b5596063b62c25b1c5f55,archived_forecast,2026-02-09 12:00:00+00:00,2026-02-09 18:00:00+00:00,NOAA_GFS_operational_1p00_nearest_3h_linear_uv,2026-02-09 12:00:00+00:00,2026-02-09 18:00:00+00:00,NOAA_GFS_operational_1p00_nearest_3h_linear_uv
2026-02-10 11:00:00+00:00,2026-02-09T18:00:00+00:00,17,0.156046746008621,0.1552417244098494,0.1556442352092352,extra_trees_weather,0c7b5596063b62c25b1c5f55,archived_forecast,2026-02-09 12:00:00+00:00,2026-02-09 18:00:00+00:00,NOAA_GFS_operational_1p00_nearest_3h_linear_uv,2026-02-09 12:00:00+00:00,2026-02-09 18:00:00+00:00,NOAA_GFS_operational_1p00_nearest_3h_linear_uv
2026-02-10 12:00:00+00:00,2026-02-09T18:00:00+00:00,18,0.1855469523763273,0.220451868062493,0.2029994102194102,extra_trees_weather,0c7b5596063b62c25b1c5f55,archived_forecast,2026-02-09 12:00:00+00:00,2026-02-09 18:00:00+00:00,NOAA_GFS_operational_1p00_nearest_3h_linear_uv,2026-02-09 12:00:00+00:00,2026-02-09 18:00:00+00:00,NOAA_GFS_operational_1p00_nearest_3h_linear_uv
2026-02-10 13:00:00+00:00,2026-02-09T18:00:00+00:00,19,0.2224183387677136,0.2788612599206348,0.2506397993441742,extra_trees_weather,0c7b5596063b62c25b1c5f55,archived_forecast,2026-02-09 12:00:00+00:00,2026-02-09 18:00:00+00:00,NOAA_GFS_operational_1p00_nearest_3h_linear_uv,2026-02-09 12:00:00+00:00,2026-02-09 18:00:00+00:00,NOAA_GFS_operational_1p00_nearest_3h_linear_uv
2026-02-10 14:00:00+00:00,2026-02-09T18:00:00+00:00,20,0.2774363168313168,0.3015158451964701,0.2894760810138934,extra_trees_weather,0c7b5596063b62c25b1c5f55,archived_forecast,2026-02-09 12:00:00+00:00,2026-02-09 18:00:00+00:00,NOAA_GFS_operational_1p00_nearest_3h_linear_uv,2026-02-09 12:00:00+00:00,2026-02-09 18:00:00+00:00,NOAA_GFS_operational_1p00_nearest_3h_linear_uv
2026-02-10 15:00:00+00:00,2026-02-09T18:00:00+00:00,21,0.5815012556180201,0.5609367582254345,0.5712190069217273,extra_trees_weather,0c7b5596063b62c25b1c5f55,archived_forecast,2026-02-09 12:00:00+00:00,2026-02-09 18:00:00+00:00,NOAA_GFS_operational_1p00_nearest_3h_linear_uv,2026-02-09 12:00:00+00:00,2026-02-09 18:00:00+00:00,NOAA_GFS_operational_1p00_nearest_3h_linear_uv
2026-02-10 16:00:00+00:00,2026-02-09T18:00:00+00:00,22,0.6112453515003515,0.6534219822606586,0.632333666880505,extra_trees_weather,0c7b5596063b62c25b1c5f55,archived_forecast,2026-02-09 12:00:00+00:00,2026-02-09 18:00:00+00:00,NOAA_GFS_operational_1p00_nearest_3h_linear_uv,2026-02-09 12:00:00+00:00,2026-02-09 18:00:00+00:00,NOAA_GFS_operational_1p00_nearest_3h_linear_uv
2026-02-10 17:00:00+00:00,2026-02-09T18:00:00+00:00,23,0.6750881262025015,0.7488396499633264,0.711963888082914,extra_trees_weather,0c7b5596063b62c25b1c5f55,archived_forecast,2026-02-09 12:00:00+00:00,2026-02-09 18:00:00+00:00,NOAA_GFS_operational_1p00_nearest_3h_linear_uv,2026-02-09 12:00:00+00:00,2026-02-09 18:00:00+00:00,NOAA_GFS_operational_1p00_nearest_3h_linear_uv
2026-02-10 18:00:00+00:00,2026-02-09T18:00:00+00:00,24,0.7168717364117364,0.7534533561414075,0.7351625462765718,extra_trees_weather,0c7b5596063b62c25b1c5f55,archived_forecast,2026-02-09 12:00:00+00:00,2026-02-09 18:00:00+00:00,NOAA_GFS_operational_1p00_nearest_3h_linear_uv,2026-02-09 12:00:00+00:00,2026-02-09 18:00:00+00:00,NOAA_GFS_operational_1p00_nearest_3h_linear_uv
2026-02-10 19:00:00+00:00,2026-02-09T18:00:00+00:00,25,0.6835785155585156,0.7089828824946841,0.6962806990266,extra_trees_weather,0c7b5596063b62c25b1c5f55,archived_forecast,2026-02-09 12:00:00+00:00,2026-02-09 18:00:00+00:00,NOAA_GFS_operational_1p00_nearest_3h_linear_uv,2026-02-09 12:00:00+00:00,2026-02-09 18:00:00+00:00,NOAA_GFS_operational_1p00_nearest_3h_linear_uv
2026-02-10 20:00:00+00:00,2026-02-09T18:00:00+00:00,26,0.7537491572779073,0.7694168059323576,0.7615829816051324,extra_trees_weather,0c7b5596063b62c25b1c5f55,archived_forecast,2026-02-09 12:00:00+00:00,2026-02-09 18:00:00+00:00,NOAA_GFS_operational_1p00_nearest_3h_linear_uv,2026-02-09 12:00:00+00:00,2026-02-09 18:00:00+00:00,NOAA_GFS_operational_1p00_nearest_3h_linear_uv
2026-02-10 21:00:00+00:00,2026-02-09T18:00:00+00:00,27,0.8126416472729342,0.7921412439017957,0.8023914455873649,extra_trees_weather,0c7b5596063b62c25b1c5f55,archived_forecast,2026-02-09 12:00:00+00:00,2026-02-09 18:00:00+00:00,NOAA_GFS_operational_1p00_nearest_3h_linear_uv,2026-02-09 12:00:00+00:00,2026-02-09 18:00:00+00:00,NOAA_GFS_operational_1p00_nearest_3h_linear_uv
2026-02-10 22:00:00+00:00,2026-02-09T18:00:00+00:00,28,0.6189996611027861,0.6487296557445823,0.6338646584236842,extra_trees_weather,0c7b5596063b62c25b1c5f55,archived_forecast,2026-02-09 12:00:00+00:00,2026-02-09 18:00:00+00:00,NOAA_GFS_operational_1p00_nearest_3h_linear_uv,2026-02-09 12:00:00+00:00,2026-02-09 18:00:00+00:00,NOAA_GFS_operational_1p00_nearest_3h_linear_uv
2026-02-10 23:00:00+00:00,2026-02-09T18:00:00+00:00,29,0.4279293211649459,0.3910381548149561,0.409483737989951,extra_trees_weather,0c7b5596063b62c25b1c5f55,archived_forecast,2026-02-09 12:00:00+00:00,2026-02-09 18:00:00+00:00,NOAA_GFS_operational_1p00_nearest_3h_linear_uv,2026-02-09 12:00:00+00:00,2026-02-09 18:00:00+00:00,NOAA_GFS_operational_1p00_nearest_3h_linear_uv
2026-02-11 00:00:00+00:00,2026-02-09T18:00:00+00:00,30,0.2581557458282458,0.2482882075100825,0.2532219766691641,extra_trees_weather,0c7b5596063b62c25b1c5f55,archived_forecast,2026-02-09 12:00:00+00:00,2026-02-09 18:00:00+00:00,NOAA_GFS_operational_1p00_nearest_3h_linear_uv,2026-02-09 12:00:00+00:00,2026-02-09 18:00:00+00:00,NOAA_GFS_operational_1p00_nearest_3h_linear_uv
2026-02-11 01:00:00+00:00,2026-02-09T18:00:00+00:00,31,0.1684848564861064,0.1743332502682503,0.1714090533771783,extra_trees_weather,0c7b5596063b62c25b1c5f55,archived_forecast,2026-02-09 12:00:00+00:00,2026-02-09 18:00:00+00:00,NOAA_GFS_operational_1p00_nearest_3h_linear_uv,2026-02-09 12:00:00+00:00,2026-02-09 18:00:00+00:00,NOAA_GFS_operational_1p00_nearest_3h_linear_uv
2026-02-11 02:00:00+00:00,2026-02-09T18:00:00+00:00,32,0.1461389882802383,0.1365118269230769,0.1413254076016576,extra_trees_weather,0c7b5596063b62c25b1c5f55,archived_forecast,2026-02-09 12:00:00+00:00,2026-02-09 18:00:00+00:00,NOAA_GFS_operational_1p00_nearest_3h_linear_uv,2026-02-09 12:00:00+00:00,2026-02-09 18:00:00+00:00,NOAA_GFS_operational_1p00_nearest_3h_linear_uv
2026-02-11 03:00:00+00:00,2026-02-09T18:00:00+00:00,33,0.1302813869001369,0.1211569873182373,0.1257191871091871,extra_trees_weather,0c7b5596063b62c25b1c5f55,archived_forecast,2026-02-09 12:00:00+00:00,2026-02-09 18:00:00+00:00,NOAA_GFS_operational_1p00_nearest_3h_linear_uv,2026-02-09 12:00:00+00:00,2026-02-09 18:00:00+00:00,NOAA_GFS_operational_1p00_nearest_3h_linear_uv
2026-02-11 04:00:00+00:00,2026-02-09T18:00:00+00:00,34,0.0898137354774854,0.0957221852221852,0.0927679603498353,extra_trees_weather,0c7b5596063b62c25b1c5f55,archived_forecast,2026-02-09 12:00:00+00:00,2026-02-09 18:00:00+00:00,NOAA_GFS_operational_1p00_nearest_3h_linear_uv,2026-02-09 12:00:00+00:00,2026-02-09 18:00:00+00:00,NOAA_GFS_operational_1p00_nearest_3h_linear_uv
2026-02-11 05:00:00+00:00,2026-02-09T18:00:00+00:00,35,0.4185086154354902,0.3677632032387546,0.3931359093371224,extra_trees_weather,0c7b5596063b62c25b1c5f55,archived_forecast,2026-02-09 12:00:00+00:00,2026-02-09 18:00:00+00:00,NOAA_GFS_operational_1p00_nearest_3h_linear_uv,2026-02-09 12:00:00+00:00,2026-02-09 18:00:00+00:00,NOAA_GFS_operational_1p00_nearest_3h_linear_uv
2026-02-11 06:00:00+00:00,2026-02-09T18:00:00+00:00,36,0.8110796985734853,0.726778092400519,0.768928895487002,extra_trees_weather,0c7b5596063b62c25b1c5f55,archived_forecast,2026-02-09 12:00:00+00:00,2026-02-09 18:00:00+00:00,NOAA_GFS_operational_1p00_nearest_3h_linear_uv,2026-02-09 12:00:00+00:00,2026-02-09 18:00:00+00:00,NOAA_GFS_operational_1p00_nearest_3h_linear_uv
2026-02-11 07:00:00+00:00,2026-02-09T18:00:00+00:00,37,0.839949370175032,0.7726050387575389,0.8062772044662854,extra_trees_weather,0c7b5596063b62c25b1c5f55,archived_forecast,2026-02-09 12:00:00+00:00,2026-02-09 18:00:00+00:00,NOAA_GFS_operational_1p00_nearest_3h_linear_uv,2026-02-09 12:00:00+00:00,2026-02-09 18:00:00+00:00,NOAA_GFS_operational_1p00_nearest_3h_linear_uv
2026-02-11 08:00:00+00:00,2026-02-09T18:00:00+00:00,38,0.8397033312602431,0.8106643551818555,0.8251838432210493,extra_trees_weather,0c7b5596063b62c25b1c5f55,archived_forecast,2026-02-09 12:00:00+00:00,2026-02-09 18:00:00+00:00,NOAA_GFS_operational_1p00_nearest_3h_linear_uv,2026-02-09 12:00:00+00:00,2026-02-09 18:00:00+00:00,NOAA_GFS_operational_1p00_nearest_3h_linear_uv
2026-02-11 09:00:00+00:00,2026-02-09T18:00:00+00:00,39,0.8440296576190695,0.8098997718485222,0.8269647147337958,extra_trees_weather,0c7b5596063b62c25b1c5f55,archived_forecast,2026-02-09 12:00:00+00:00,2026-02-09 18:00:00+00:00,NOAA_GFS_operational_1p00_nearest_3h_linear_uv,2026-02-09 12:00:00+00:00,2026-02-09 18:00:00+00:00,NOAA_GFS_operational_1p00_nearest_3h_linear_uv
2026-02-11 10:00:00+00:00,2026-02-09T18:00:00+00:00,40,0.5885896466265215,0.6171575469505983,0.6028735967885599,extra_trees_weather,0c7b5596063b62c25b1c5f55,archived_forecast,2026-02-09 12:00:00+00:00,2026-02-09 18:00:00+00:00,NOAA_GFS_operational_1p00_nearest_3h_linear_uv,2026-02-09 12:00:00+00:00,2026-02-09 18:00:00+00:00,NOAA_GFS_operational_1p00_nearest_3h_linear_uv
2026-02-11 11:00:00+00:00,2026-02-09T18:00:00+00:00,41,0.1541565103183853,0.1553823725579975,0.1547694414381914,extra_trees_weather,0c7b5596063b62c25b1c5f55,archived_forecast,2026-02-09 12:00:00+00:00,2026-02-09 18:00:00+00:00,NOAA_GFS_operational_1p00_nearest_3h_linear_uv,2026-02-09 12:00:00+00:00,2026-02-09 18:00:00+00:00,NOAA_GFS_operational_1p00_nearest_3h_linear_uv
2026-02-11 12:00:00+00:00,2026-02-09T18:00:00+00:00,42,0.2235302546758796,0.2277922812604062,0.2256612679681429,extra_trees_weather,0c7b5596063b62c25b1c5f55,archived_forecast,2026-02-09 12:00:00+00:00,2026-02-09 18:00:00+00:00,NOAA_GFS_operational_1p00_nearest_3h_linear_uv,2026-02-09 12:00:00+00:00,2026-02-09 18:00:00+00:00,NOAA_GFS_operational_1p00_nearest_3h_linear_uv
2026-02-11 13:00:00+00:00,2026-02-09T18:00:00+00:00,43,0.4069612537462535,0.4701974045861545,0.438579329166204,extra_trees_weather,0c7b5596063b62c25b1c5f55,archived_forecast,2026-02-09 12:00:00+00:00,2026-02-09 18:00:00+00:00,NOAA_GFS_operational_1p00_nearest_3h_linear_uv,2026-02-09 12:00:00+00:00,2026-02-09 18:00:00+00:00,NOAA_GFS_operational_1p00_nearest_3h_linear_uv
2026-02-11 14:00:00+00:00,2026-02-09T18:00:00+00:00,44,0.5680018659567553,0.5827463032637296,0.5753740846102425,extra_trees_weather,0c7b5596063b62c25b1c5f55,archived_forecast,2026-02-09 12:00:00+00:00,2026-02-09 18:00:00+00:00,NOAA_GFS_operational_1p00_nearest_3h_linear_uv,2026-02-09 12:00:00+00:00,2026-02-09 18:00:00+00:00,NOAA_GFS_operational_1p00_nearest_3h_linear_uv
2026-02-11 15:00:00+00:00,2026-02-09T18:00:00+00:00,45,0.6883607553095052,0.7186389278613545,0.7034998415854298,extra_trees_weather,0c7b5596063b62c25b1c5f55,archived_forecast,2026-02-09 12:00:00+00:00,2026-02-09 18:00:00+00:00,NOAA_GFS_operational_1p00_nearest_3h_linear_uv,2026-02-09 12:00:00+00:00,2026-02-09 18:00:00+00:00,NOAA_GFS_operational_1p00_nearest_3h_linear_uv
2026-02-11 16:00:00+00:00,2026-02-09T18:00:00+00:00,46,0.695882451761202,0.7265452677251943,0.7112138597431981,extra_trees_weather,0c7b5596063b62c25b1c5f55,archived_forecast,2026-02-09 12:00:00+00:00,2026-02-09 18:00:00+00:00,NOAA_GFS_operational_1p00_nearest_3h_linear_uv,2026-02-09 12:00:00+00:00,2026-02-09 18:00:00+00:00,NOAA_GFS_operational_1p00_nearest_3h_linear_uv
2026-02-11 17:00:00+00:00,2026-02-09T18:00:00+00:00,47,0.76621266978392,0.7672389227275994,0.7667257962557597,extra_trees_weather,0c7b5596063b62c25b1c5f55,archived_forecast,2026-02-09 12:00:00+00:00,2026-02-09 18:00:00+00:00,NOAA_GFS_operational_1p00_nearest_3h_linear_uv,2026-02-09 12:00:00+00:00,2026-02-09 18:00:00+00:00,NOAA_GFS_operational_1p00_nearest_3h_linear_uv
2026-02-11 18:00:00+00:00,2026-02-09T18:00:00+00:00,48,0.8229564220352088,0.7913212414736681,0.8071388317544383,extra_trees_weather,0c7b5596063b62c25b1c5f55,archived_forecast,2026-02-09 12:00:00+00:00,2026-02-09 18:00:00+00:00,NOAA_GFS_operational_1p00_nearest_3h_linear_uv,2026-02-09 12:00:00+00:00,2026-02-09 18:00:00+00:00,NOAA_GFS_operational_1p00_nearest_3h_linear_uv
2026-02-10 19:00:00+00:00,2026-02-10T18:00:00+00:00,1,0.7215160123903874,0.7506544607775125,0.7360852365839499,extra_trees_weather,442fdc574a8b8872b54ee907,archived_forecast,2026-02-10 12:00:00+00:00,2026-02-10 18:00:00+00:00,NOAA_GFS_operational_1p00_nearest_3h_linear_uv,2026-02-10 12:00:00+00:00,2026-02-10 18:00:00+00:00,NOAA_GFS_operational_1p00_nearest_3h_linear_uv
2026-02-10 20:00:00+00:00,2026-02-10T18:00:00+00:00,2,0.6576463115588115,0.7041816787909803,0.6809139951748959,extra_trees_weather,442fdc574a8b8872b54ee907,archived_forecast,2026-02-10 12:00:00+00:00,2026-02-10 18:00:00+00:00,NOAA_GFS_operational_1p00_nearest_3h_linear_uv,2026-02-10 12:00:00+00:00,2026-02-10 18:00:00+00:00,NOAA_GFS_operational_1p00_nearest_3h_linear_uv
2026-02-10 21:00:00+00:00,2026-02-10T18:00:00+00:00,3,0.6404016255503758,0.6834954433597449,0.6619485344550604,extra_trees_weather,442fdc574a8b8872b54ee907,archived_forecast,2026-02-10 12:00:00+00:00,2026-02-10 18:00:00+00:00,NOAA_GFS_operational_1p00_nearest_3h_linear_uv,2026-02-10 12:00:00+00:00,2026-02-10 18:00:00+00:00,NOAA_GFS_operational_1p00_nearest_3h_linear_uv
2026-02-10 22:00:00+00:00,2026-02-10T18:00:00+00:00,4,0.258864896006771,0.2472116934685683,0.2530382947376697,extra_trees_weather,442fdc574a8b8872b54ee907,archived_forecast,2026-02-10 12:00:00+00:00,2026-02-10 18:00:00+00:00,NOAA_GFS_operational_1p00_nearest_3h_linear_uv,2026-02-10 12:00:00+00:00,2026-02-10 18:00:00+00:00,NOAA_GFS_operational_1p00_nearest_3h_linear_uv
2026-02-10 23:00:00+00:00,2026-02-10T18:00:00+00:00,5,0.2432829195110445,0.217985264064639,0.2306340917878417,extra_trees_weather,442fdc574a8b8872b54ee907,archived_forecast,2026-02-10 12:00:00+00:00,2026-02-10 18:00:00+00:00,NOAA_GFS_operational_1p00_nearest_3h_linear_uv,2026-02-10 12:00:00+00:00,2026-02-10 18:00:00+00:00,NOAA_GFS_operational_1p00_nearest_3h_linear_uv
2026-02-11 00:00:00+00:00,2026-02-10T18:00:00+00:00,6,0.623364578777704,0.6671602455945473,0.6452624121861256,extra_trees_weather,442fdc574a8b8872b54ee907,archived_forecast,2026-02-10 12:00:00+00:00,2026-02-10 18:00:00+00:00,NOAA_GFS_operational_1p00_nearest_3h_linear_uv,2026-02-10 12:00:00+00:00,2026-02-10 18:00:00+00:00,NOAA_GFS_operational_1p00_nearest_3h_linear_uv
2026-02-11 01:00:00+00:00,2026-02-10T18:00:00+00:00,7,0.2095347068903318,0.194474391002516,0.2020045489464239,extra_trees_weather,442fdc574a8b8872b54ee907,archived_forecast,2026-02-10 12:00:00+00:00,2026-02-10 18:00:00+00:00,NOAA_GFS_operational_1p00_nearest_3h_linear_uv,2026-02-10 12:00:00+00:00,2026-02-10 18:00:00+00:00,NOAA_GFS_operational_1p00_nearest_3h_linear_uv
2026-02-11 02:00:00+00:00,2026-02-10T18:00:00+00:00,8,0.1526897817922818,0.1486103224553224,0.1506500521238021,extra_trees_weather,442fdc574a8b8872b54ee907,archived_forecast,2026-02-10 12:00:00+00:00,2026-02-10 18:00:00+00:00,NOAA_GFS_operational_1p00_nearest_3h_linear_uv,2026-02-10 12:00:00+00:00,2026-02-10 18:00:00+00:00,NOAA_GFS_operational_1p00_nearest_3h_linear_uv
2026-02-11 03:00:00+00:00,2026-02-10T18:00:00+00:00,9,0.1235402697302697,0.1163242621498871,0.1199322659400784,extra_trees_weather,442fdc574a8b8872b54ee907,archived_forecast,2026-02-10 12:00:00+00:00,2026-02-10 18:00:00+00:00,NOAA_GFS_operational_1p00_nearest_3h_linear_uv,2026-02-10 12:00:00+00:00,2026-02-10 18:00:00+00:00,NOAA_GFS_operational_1p00_nearest_3h_linear_uv
2026-02-11 04:00:00+00:00,2026-02-10T18:00:00+00:00,10,0.3759225858169608,0.356555123633175,0.3662388547250679,extra_trees_weather,442fdc574a8b8872b54ee907,archived_forecast,2026-02-10 12:00:00+00:00,2026-02-10 18:00:00+00:00,NOAA_GFS_operational_1p00_nearest_3h_linear_uv,2026-02-10 12:00:00+00:00,2026-02-10 18:00:00+00:00,NOAA_GFS_operational_1p00_nearest_3h_linear_uv
2026-02-11 05:00:00+00:00,2026-02-10T18:00:00+00:00,11,0.6725810135928885,0.7144313406337673,0.6935061771133278,extra_trees_weather,442fdc574a8b8872b54ee907,archived_forecast,2026-02-10 12:00:00+00:00,2026-02-10 18:00:00+00:00,NOAA_GFS_operational_1p00_nearest_3h_linear_uv,2026-02-10 12:00:00+00:00,2026-02-10 18:00:00+00:00,NOAA_GFS_operational_1p00_nearest_3h_linear_uv
2026-02-11 06:00:00+00:00,2026-02-10T18:00:00+00:00,12,0.840272212101624,0.8158200790875794,0.8280461455946017,extra_trees_weather,442fdc574a8b8872b54ee907,archived_forecast,2026-02-10 12:00:00+00:00,2026-02-10 18:00:00+00:00,NOAA_GFS_operational_1p00_nearest_3h_linear_uv,2026-02-10 12:00:00+00:00,2026-02-10 18:00:00+00:00,NOAA_GFS_operational_1p00_nearest_3h_linear_uv
2026-02-11 07:00:00+00:00,2026-02-10T18:00:00+00:00,13,0.84234546805863,0.7889959268046772,0.8156706974316535,extra_trees_weather,442fdc574a8b8872b54ee907,archived_forecast,2026-02-10 12:00:00+00:00,2026-02-10 18:00:00+00:00,NOAA_GFS_operational_1p00_nearest_3h_linear_uv,2026-02-10 12:00:00+00:00,2026-02-10 18:00:00+00:00,NOAA_GFS_operational_1p00_nearest_3h_linear_uv
2026-02-11 08:00:00+00:00,2026-02-10T18:00:00+00:00,14,0.8127870356808224,0.736647320579747,0.7747171781302847,extra_trees_weather,442fdc574a8b8872b54ee907,archived_forecast,2026-02-10 12:00:00+00:00,2026-02-10 18:00:00+00:00,NOAA_GFS_operational_1p00_nearest_3h_linear_uv,2026-02-10 12:00:00+00:00,2026-02-10 18:00:00+00:00,NOAA_GFS_operational_1p00_nearest_3h_linear_uv
2026-02-11 09:00:00+00:00,2026-02-10T18:00:00+00:00,15,0.6940739387233138,0.7107436287160555,0.7024087837196846,extra_trees_weather,442fdc574a8b8872b54ee907,archived_forecast,2026-02-10 12:00:00+00:00,2026-02-10 18:00:00+00:00,NOAA_GFS_operational_1p00_nearest_3h_linear_uv,2026-02-10 12:00:00+00:00,2026-02-10 18:00:00+00:00,NOAA_GFS_operational_1p00_nearest_3h_linear_uv
2026-02-11 10:00:00+00:00,2026-02-10T18:00:00+00:00,16,0.0989891668747918,0.108964403998779,0.1039767854367854,extra_trees_weather,442fdc574a8b8872b54ee907,archived_forecast,2026-02-10 12:00:00+00:00,2026-02-10 18:00:00+00:00,NOAA_GFS_operational_1p00_nearest_3h_linear_uv,2026-02-10 12:00:00+00:00,2026-02-10 18:00:00+00:00,NOAA_GFS_operational_1p00_nearest_3h_linear_uv
2026-02-11 11:00:00+00:00,2026-02-10T18:00:00+00:00,17,0.1556250793419543,0.1573251966320716,0.156475137987013,extra_trees_weather,442fdc574a8b8872b54ee907,archived_forecast,2026-02-10 12:00:00+00:00,2026-02-10 18:00:00+00:00,NOAA_GFS_operational_1p00_nearest_3h_linear_uv,2026-02-10 12:00:00+00:00,2026-02-10 18:00:00+00:00,NOAA_GFS_operational_1p00_nearest_3h_linear_uv
2026-02-11 12:00:00+00:00,2026-02-10T18:00:00+00:00,18,0.6316960080197578,0.6861809419814938,0.6589384750006257,extra_trees_weather,442fdc574a8b8872b54ee907,archived_forecast,2026-02-10 12:00:00+00:00,2026-02-10 18:00:00+00:00,NOAA_GFS_operational_1p00_nearest_3h_linear_uv,2026-02-10 12:00:00+00:00,2026-02-10 18:00:00+00:00,NOAA_GFS_operational_1p00_nearest_3h_linear_uv
2026-02-11 13:00:00+00:00,2026-02-10T18:00:00+00:00,19,0.647524484219484,0.6889100808056325,0.6682172825125583,extra_trees_weather,442fdc574a8b8872b54ee907,archived_forecast,2026-02-10 12:00:00+00:00,2026-02-10 18:00:00+00:00,NOAA_GFS_operational_1p00_nearest_3h_linear_uv,2026-02-10 12:00:00+00:00,2026-02-10 18:00:00+00:00,NOAA_GFS_operational_1p00_nearest_3h_linear_uv
2026-02-11 14:00:00+00:00,2026-02-10T18:00:00+00:00,20,0.6532827987752987,0.7082886251316769,0.6807857119534878,extra_trees_weather,442fdc574a8b8872b54ee907,archived_forecast,2026-02-10 12:00:00+00:00,2026-02-10 18:00:00+00:00,NOAA_GFS_operational_1p00_nearest_3h_linear_uv,2026-02-10 12:00:00+00:00,2026-02-10 18:00:00+00:00,NOAA_GFS_operational_1p00_nearest_3h_linear_uv
2026-02-11 15:00:00+00:00,2026-02-10T18:00:00+00:00,21,0.652168230172605,0.7026938620244138,0.6774310460985093,extra_trees_weather,442fdc574a8b8872b54ee907,archived_forecast,2026-02-10 12:00:00+00:00,2026-02-10 18:00:00+00:00,NOAA_GFS_operational_1p00_nearest_3h_linear_uv,2026-02-10 12:00:00+00:00,2026-02-10 18:00:00+00:00,NOAA_GFS_operational_1p00_nearest_3h_linear_uv
2026-02-11 16:00:00+00:00,2026-02-10T18:00:00+00:00,22,0.6955070580808083,0.7228883656920424,0.7091977118864254,extra_trees_weather,442fdc574a8b8872b54ee907,archived_forecast,2026-02-10 12:00:00+00:00,2026-02-10 18:00:00+00:00,NOAA_GFS_operational_1p00_nearest_3h_linear_uv,2026-02-10 12:00:00+00:00,2026-02-10 18:00:00+00:00,NOAA_GFS_operational_1p00_nearest_3h_linear_uv
2026-02-11 17:00:00+00:00,2026-02-10T18:00:00+00:00,23,0.7704419696969699,0.8004987937362203,0.7854703817165952,extra_trees_weather,442fdc574a8b8872b54ee907,archived_forecast,2026-02-10 12:00:00+00:00,2026-02-10 18:00:00+00:00,NOAA_GFS_operational_1p00_nearest_3h_linear_uv,2026-02-10 12:00:00+00:00,2026-02-10 18:00:00+00:00,NOAA_GFS_operational_1p00_nearest_3h_linear_uv
2026-02-11 18:00:00+00:00,2026-02-10T18:00:00+00:00,24,0.8642974231174598,0.78030599348092,0.8223017082991899,extra_trees_weather,442fdc574a8b8872b54ee907,archived_forecast,2026-02-10 12:00:00+00:00,2026-02-10 18:00:00+00:00,NOAA_GFS_operational_1p00_nearest_3h_linear_uv,2026-02-10 12:00:00+00:00,2026-02-10 18:00:00+00:00,NOAA_GFS_operational_1p00_nearest_3h_linear_uv
2026-02-11 19:00:00+00:00,2026-02-10T18:00:00+00:00,25,0.730556453823954,0.7235368740124255,0.7270466639181897,extra_trees_weather,442fdc574a8b8872b54ee907,archived_forecast,2026-02-10 12:00:00+00:00,2026-02-10 18:00:00+00:00,NOAA_GFS_operational_1p00_nearest_3h_linear_uv,2026-02-10 12:00:00+00:00,2026-02-10 18:00:00+00:00,NOAA_GFS_operational_1p00_nearest_3h_linear_uv
2026-02-11 20:00:00+00:00,2026-02-10T18:00:00+00:00,26,0.6434946176739929,0.6242291716684729,0.6338618946712328,extra_trees_weather,442fdc574a8b8872b54ee907,archived_forecast,2026-02-10 12:00:00+00:00,2026-02-10 18:00:00+00:00,NOAA_GFS_operational_1p00_nearest_3h_linear_uv,2026-02-10 12:00:00+00:00,2026-02-10 18:00:00+00:00,NOAA_GFS_operational_1p00_nearest_3h_linear_uv
2026-02-11 21:00:00+00:00,2026-02-10T18:00:00+00:00,27,0.6190024128880381,0.6039415277845791,0.6114719703363087,extra_trees_weather,442fdc574a8b8872b54ee907,archived_forecast,2026-02-10 12:00:00+00:00,2026-02-10 18:00:00+00:00,NOAA_GFS_operational_1p00_nearest_3h_linear_uv,2026-02-10 12:00:00+00:00,2026-02-10 18:00:00+00:00,NOAA_GFS_operational_1p00_nearest_3h_linear_uv
2026-02-11 22:00:00+00:00,2026-02-10T18:00:00+00:00,28,0.5432799941493694,0.492319094639021,0.5177995443941952,extra_trees_weather,442fdc574a8b8872b54ee907,archived_forecast,2026-02-10 12:00:00+00:00,2026-02-10 18:00:00+00:00,NOAA_GFS_operational_1p00_nearest_3h_linear_uv,2026-02-10 12:00:00+00:00,2026-02-10 18:00:00+00:00,NOAA_GFS_operational_1p00_nearest_3h_linear_uv
2026-02-11 23:00:00+00:00,2026-02-10T18:00:00+00:00,29,0.4863911912393162,0.4371815003120517,0.461786345775684,extra_trees_weather,442fdc574a8b8872b54ee907,archived_forecast,2026-02-10 12:00:00+00:00,2026-02-10 18:00:00+00:00,NOAA_GFS_operational_1p00_nearest_3h_linear_uv,2026-02-10 12:00:00+00:00,2026-02-10 18:00:00+00:00,NOAA_GFS_operational_1p00_nearest_3h_linear_uv
2026-02-12 00:00:00+00:00,2026-02-10T18:00:00+00:00,30,0.4029221922753171,0.3542975126031375,0.3786098524392273,extra_trees_weather,442fdc574a8b8872b54ee907,archived_forecast,2026-02-10 12:00:00+00:00,2026-02-10 18:00:00+00:00,NOAA_GFS_operational_1p00_nearest_3h_linear_uv,2026-02-10 12:00:00+00:00,2026-02-10 18:00:00+00:00,NOAA_GFS_operational_1p00_nearest_3h_linear_uv
2026-02-12 01:00:00+00:00,2026-02-10T18:00:00+00:00,31,0.2882737192899692,0.2673569934926184,0.2778153563912938,extra_trees_weather,442fdc574a8b8872b54ee907,archived_forecast,2026-02-10 12:00:00+00:00,2026-02-10 18:00:00+00:00,NOAA_GFS_operational_1p00_nearest_3h_linear_uv,2026-02-10 12:00:00+00:00,2026-02-10 18:00:00+00:00,NOAA_GFS_operational_1p00_nearest_3h_linear_uv
2026-02-12 02:00:00+00:00,2026-02-10T18:00:00+00:00,32,0.202126627030377,0.1860624262270953,0.1940945266287361,extra_trees_weather,442fdc574a8b8872b54ee907,archived_forecast,2026-02-10 12:00:00+00:00,2026-02-10 18:00:00+00:00,NOAA_GFS_operational_1p00_nearest_3h_linear_uv,2026-02-10 12:00:00+00:00,2026-02-10 18:00:00+00:00,NOAA_GFS_operational_1p00_nearest_3h_linear_uv
2026-02-12 03:00:00+00:00,2026-02-10T18:00:00+00:00,33,0.124258134088134,0.1232263641179082,0.1237422491030211,extra_trees_weather,442fdc574a8b8872b54ee907,archived_forecast,2026-02-10 12:00:00+00:00,2026-02-10 18:00:00+00:00,NOAA_GFS_operational_1p00_nearest_3h_linear_uv,2026-02-10 12:00:00+00:00,2026-02-10 18:00:00+00:00,NOAA_GFS_operational_1p00_nearest_3h_linear_uv
2026-02-12 04:00:00+00:00,2026-02-10T18:00:00+00:00,34,0.0891901641876641,0.0883914562480003,0.0887908102178322,extra_trees_weather,442fdc574a8b8872b54ee907,archived_forecast,2026-02-10 12:00:00+00:00,2026-02-10 18:00:00+00:00,NOAA_GFS_operational_1p00_nearest_3h_linear_uv,2026-02-10 12:00:00+00:00,2026-02-10 18:00:00+00:00,NOAA_GFS_operational_1p00_nearest_3h_linear_uv
2026-02-12 05:00:00+00:00,2026-02-10T18:00:00+00:00,35,0.0808878504366003,0.0838052296505237,0.082346540043562,extra_trees_weather,442fdc574a8b8872b54ee907,archived_forecast,2026-02-10 12:00:00+00:00,2026-02-10 18:00:00+00:00,NOAA_GFS_operational_1p00_nearest_3h_linear_uv,2026-02-10 12:00:00+00:00,2026-02-10 18:00:00+00:00,NOAA_GFS_operational_1p00_nearest_3h_linear_uv
2026-02-12 06:00:00+00:00,2026-02-10T18:00:00+00:00,36,0.0876927014420763,0.0908290483318424,0.0892608748869594,extra_trees_weather,442fdc574a8b8872b54ee907,archived_forecast,2026-02-10 12:00:00+00:00,2026-02-10 18:00:00+00:00,NOAA_GFS_operational_1p00_nearest_3h_linear_uv,2026-02-10 12:00:00+00:00,2026-02-10 18:00:00+00:00,NOAA_GFS_operational_1p00_nearest_3h_linear_uv
2026-02-12 07:00:00+00:00,2026-02-10T18:00:00+00:00,37,0.098913582042957,0.101888789955959,0.100401185999458,extra_trees_weather,442fdc574a8b8872b54ee907,archived_forecast,2026-02-10 12:00:00+00:00,2026-02-10 18:00:00+00:00,NOAA_GFS_operational_1p00_nearest_3h_linear_uv,2026-02-10 12:00:00+00:00,2026-02-10 18:00:00+00:00,NOAA_GFS_operational_1p00_nearest_3h_linear_uv
2026-02-12 08:00:00+00:00,2026-02-10T18:00:00+00:00,38,0.1037149353193102,0.1072218207214898,0.1054683780204,extra_trees_weather,442fdc574a8b8872b54ee907,archived_forecast,2026-02-10 12:00:00+00:00,2026-02-10 18:00:00+00:00,NOAA_GFS_operational_1p00_nearest_3h_linear_uv,2026-02-10 12:00:00+00:00,2026-02-10 18:00:00+00:00,NOAA_GFS_operational_1p00_nearest_3h_linear_uv
2026-02-12 09:00:00+00:00,2026-02-10T18:00:00+00:00,39,0.1053101271876272,0.106689585873005,0.1059998565303161,extra_trees_weather,442fdc574a8b8872b54ee907,archived_forecast,2026-02-10 12:00:00+00:00,2026-02-10 18:00:00+00:00,NOAA_GFS_operational_1p00_nearest_3h_linear_uv,2026-02-10 12:00:00+00:00,2026-02-10 18:00:00+00:00,NOAA_GFS_operational_1p00_nearest_3h_linear_uv
2026-02-12 10:00:00+00:00,2026-02-10T18:00:00+00:00,40,0.1025568011618011,0.1104831080915272,0.1065199546266641,extra_trees_weather,442fdc574a8b8872b54ee907,archived_forecast,2026-02-10 12:00:00+00:00,2026-02-10 18:00:00+00:00,NOAA_GFS_operational_1p00_nearest_3h_linear_uv,2026-02-10 12:00:00+00:00,2026-02-10 18:00:00+00:00,NOAA_GFS_operational_1p00_nearest_3h_linear_uv
2026-02-12 11:00:00+00:00,2026-02-10T18:00:00+00:00,41,0.1454917079910829,0.1501549768246459,0.1478233424078644,extra_trees_weather,442fdc574a8b8872b54ee907,archived_forecast,2026-02-10 12:00:00+00:00,2026-02-10 18:00:00+00:00,NOAA_GFS_operational_1p00_nearest_3h_linear_uv,2026-02-10 12:00:00+00:00,2026-02-10 18:00:00+00:00,NOAA_GFS_operational_1p00_nearest_3h_linear_uv
2026-02-12 12:00:00+00:00,2026-02-10T18:00:00+00:00,42,0.1749745911264661,0.2082266298012989,0.1916006104638825,extra_trees_weather,442fdc574a8b8872b54ee907,archived_forecast,2026-02-10 12:00:00+00:00,2026-02-10 18:00:00+00:00,NOAA_GFS_operational_1p00_nearest_3h_linear_uv,2026-02-10 12:00:00+00:00,2026-02-10 18:00:00+00:00,NOAA_GFS_operational_1p00_nearest_3h_linear_uv
2026-02-12 13:00:00+00:00,2026-02-10T18:00:00+00:00,43,0.2092574451243201,0.2641811081007771,0.2367192766125486,extra_trees_weather,442fdc574a8b8872b54ee907,archived_forecast,2026-02-10 12:00:00+00:00,2026-02-10 18:00:00+00:00,NOAA_GFS_operational_1p00_nearest_3h_linear_uv,2026-02-10 12:00:00+00:00,2026-02-10 18:00:00+00:00,NOAA_GFS_operational_1p00_nearest_3h_linear_uv
2026-02-12 14:00:00+00:00,2026-02-10T18:00:00+00:00,44,0.2185743883662633,0.255585638015307,0.2370800131907851,extra_trees_weather,442fdc574a8b8872b54ee907,archived_forecast,2026-02-10 12:00:00+00:00,2026-02-10 18:00:00+00:00,NOAA_GFS_operational_1p00_nearest_3h_linear_uv,2026-02-10 12:00:00+00:00,2026-02-10 18:00:00+00:00,NOAA_GFS_operational_1p00_nearest_3h_linear_uv
2026-02-12 15:00:00+00:00,2026-02-10T18:00:00+00:00,45,0.4122834310134308,0.4721136617549117,0.4421985463841713,extra_trees_weather,442fdc574a8b8872b54ee907,archived_forecast,2026-02-10 12:00:00+00:00,2026-02-10 18:00:00+00:00,NOAA_GFS_operational_1p00_nearest_3h_linear_uv,2026-02-10 12:00:00+00:00,2026-02-10 18:00:00+00:00,NOAA_GFS_operational_1p00_nearest_3h_linear_uv
2026-02-12 16:00:00+00:00,2026-02-10T18:00:00+00:00,46,0.3564253058978057,0.3566032840729531,0.3565142949853794,extra_trees_weather,442fdc574a8b8872b54ee907,archived_forecast,2026-02-10 12:00:00+00:00,2026-02-10 18:00:00+00:00,NOAA_GFS_operational_1p00_nearest_3h_linear_uv,2026-02-10 12:00:00+00:00,2026-02-10 18:00:00+00:00,NOAA_GFS_operational_1p00_nearest_3h_linear_uv
2026-02-12 17:00:00+00:00,2026-02-10T18:00:00+00:00,47,0.2906577596708846,0.2897375615547306,0.2901976606128076,extra_trees_weather,442fdc574a8b8872b54ee907,archived_forecast,2026-02-10 12:00:00+00:00,2026-02-10 18:00:00+00:00,NOAA_GFS_operational_1p00_nearest_3h_linear_uv,2026-02-10 12:00:00+00:00,2026-02-10 18:00:00+00:00,NOAA_GFS_operational_1p00_nearest_3h_linear_uv
2026-02-12 18:00:00+00:00,2026-02-10T18:00:00+00:00,48,0.2754203146621896,0.2629014016498206,0.2691608581560052,extra_trees_weather,442fdc574a8b8872b54ee907,archived_forecast,2026-02-10 12:00:00+00:00,2026-02-10 18:00:00+00:00,NOAA_GFS_operational_1p00_nearest_3h_linear_uv,2026-02-10 12:00:00+00:00,2026-02-10 18:00:00+00:00,NOAA_GFS_operational_1p00_nearest_3h_linear_uv
2026-02-11 19:00:00+00:00,2026-02-11T18:00:00+00:00,1,0.6398421685952937,0.6369606172136684,0.6384013929044811,extra_trees_weather,c489bd75a2ddcf1976b01c7a,archived_forecast,2026-02-11 12:00:00+00:00,2026-02-11 18:00:00+00:00,NOAA_GFS_operational_1p00_nearest_3h_linear_uv,2026-02-11 12:00:00+00:00,2026-02-11 18:00:00+00:00,NOAA_GFS_operational_1p00_nearest_3h_linear_uv
2026-02-11 20:00:00+00:00,2026-02-11T18:00:00+00:00,2,0.5421244418775673,0.5095093568305332,0.5258168993540501,extra_trees_weather,c489bd75a2ddcf1976b01c7a,archived_forecast,2026-02-11 12:00:00+00:00,2026-02-11 18:00:00+00:00,NOAA_GFS_operational_1p00_nearest_3h_linear_uv,2026-02-11 12:00:00+00:00,2026-02-11 18:00:00+00:00,NOAA_GFS_operational_1p00_nearest_3h_linear_uv
2026-02-11 21:00:00+00:00,2026-02-11T18:00:00+00:00,3,0.4052888572538572,0.3931736860429873,0.3992312716484223,extra_trees_weather,c489bd75a2ddcf1976b01c7a,archived_forecast,2026-02-11 12:00:00+00:00,2026-02-11 18:00:00+00:00,NOAA_GFS_operational_1p00_nearest_3h_linear_uv,2026-02-11 12:00:00+00:00,2026-02-11 18:00:00+00:00,NOAA_GFS_operational_1p00_nearest_3h_linear_uv
2026-02-11 22:00:00+00:00,2026-02-11T18:00:00+00:00,4,0.3278887583943832,0.3099070186716876,0.3188978885330354,extra_trees_weather,c489bd75a2ddcf1976b01c7a,archived_forecast,2026-02-11 12:00:00+00:00,2026-02-11 18:00:00+00:00,NOAA_GFS_operational_1p00_nearest_3h_linear_uv,2026-02-11 12:00:00+00:00,2026-02-11 18:00:00+00:00,NOAA_GFS_operational_1p00_nearest_3h_linear_uv
2026-02-11 23:00:00+00:00,2026-02-11T18:00:00+00:00,5,0.2457026227707478,0.2230454735963926,0.2343740481835702,extra_trees_weather,c489bd75a2ddcf1976b01c7a,archived_forecast,2026-02-11 12:00:00+00:00,2026-02-11 18:00:00+00:00,NOAA_GFS_operational_1p00_nearest_3h_linear_uv,2026-02-11 12:00:00+00:00,2026-02-11 18:00:00+00:00,NOAA_GFS_operational_1p00_nearest_3h_linear_uv
2026-02-12 00:00:00+00:00,2026-02-11T18:00:00+00:00,6,0.1661451352351352,0.1804137754103195,0.1732794553227273,extra_trees_weather,c489bd75a2ddcf1976b01c7a,archived_forecast,2026-02-11 12:00:00+00:00,2026-02-11 18:00:00+00:00,NOAA_GFS_operational_1p00_nearest_3h_linear_uv,2026-02-11 12:00:00+00:00,2026-02-11 18:00:00+00:00,NOAA_GFS_operational_1p00_nearest_3h_linear_uv
2026-02-12 01:00:00+00:00,2026-02-11T18:00:00+00:00,7,0.1367110422216671,0.1655268450258891,0.1511189436237781,extra_trees_weather,c489bd75a2ddcf1976b01c7a,archived_forecast,2026-02-11 12:00:00+00:00,2026-02-11 18:00:00+00:00,NOAA_GFS_operational_1p00_nearest_3h_linear_uv,2026-02-11 12:00:00+00:00,2026-02-11 18:00:00+00:00,NOAA_GFS_operational_1p00_nearest_3h_linear_uv
2026-02-12 02:00:00+00:00,2026-02-11T18:00:00+00:00,8,0.1020948202491951,0.1258344666172607,0.1139646434332279,extra_trees_weather,c489bd75a2ddcf1976b01c7a,archived_forecast,2026-02-11 12:00:00+00:00,2026-02-11 18:00:00+00:00,NOAA_GFS_operational_1p00_nearest_3h_linear_uv,2026-02-11 12:00:00+00:00,2026-02-11 18:00:00+00:00,NOAA_GFS_operational_1p00_nearest_3h_linear_uv
2026-02-12 03:00:00+00:00,2026-02-11T18:00:00+00:00,9,0.0924990973147223,0.1031260693201134,0.0978125833174178,extra_trees_weather,c489bd75a2ddcf1976b01c7a,archived_forecast,2026-02-11 12:00:00+00:00,2026-02-11 18:00:00+00:00,NOAA_GFS_operational_1p00_nearest_3h_linear_uv,2026-02-11 12:00:00+00:00,2026-02-11 18:00:00+00:00,NOAA_GFS_operational_1p00_nearest_3h_linear_uv
2026-02-12 04:00:00+00:00,2026-02-11T18:00:00+00:00,10,0.0805331205599955,0.0850433765499206,0.0827882485549581,extra_trees_weather,c489bd75a2ddcf1976b01c7a,archived_forecast,2026-02-11 12:00:00+00:00,2026-02-11 18:00:00+00:00,NOAA_GFS_operational_1p00_nearest_3h_linear_uv,2026-02-11 12:00:00+00:00,2026-02-11 18:00:00+00:00,NOAA_GFS_operational_1p00_nearest_3h_linear_uv
2026-02-12 05:00:00+00:00,2026-02-11T18:00:00+00:00,11,0.0880021935703185,0.0869179408282349,0.0874600671992767,extra_trees_weather,c489bd75a2ddcf1976b01c7a,archived_forecast,2026-02-11 12:00:00+00:00,2026-02-11 18:00:00+00:00,NOAA_GFS_operational_1p00_nearest_3h_linear_uv,2026-02-11 12:00:00+00:00,2026-02-11 18:00:00+00:00,NOAA_GFS_operational_1p00_nearest_3h_linear_uv
2026-02-12 06:00:00+00:00,2026-02-11T18:00:00+00:00,12,0.3554998478142228,0.3013444075831575,0.3284221276986902,extra_trees_weather,c489bd75a2ddcf1976b01c7a,archived_forecast,2026-02-11 12:00:00+00:00,2026-02-11 18:00:00+00:00,NOAA_GFS_operational_1p00_nearest_3h_linear_uv,2026-02-11 12:00:00+00:00,2026-02-11 18:00:00+00:00,NOAA_GFS_operational_1p00_nearest_3h_linear_uv
2026-02-12 07:00:00+00:00,2026-02-11T18:00:00+00:00,13,0.4855051339632588,0.4270157415337929,0.4562604377485258,extra_trees_weather,c489bd75a2ddcf1976b01c7a,archived_forecast,2026-02-11 12:00:00+00:00,2026-02-11 18:00:00+00:00,NOAA_GFS_operational_1p00_nearest_3h_linear_uv,2026-02-11 12:00:00+00:00,2026-02-11 18:00:00+00:00,NOAA_GFS_operational_1p00_nearest_3h_linear_uv
2026-02-12 08:00:00+00:00,2026-02-11T18:00:00+00:00,14,0.5392425855857108,0.5584164092919607,0.5488294974388358,extra_trees_weather,c489bd75a2ddcf1976b01c7a,archived_forecast,2026-02-11 12:00:00+00:00,2026-02-11 18:00:00+00:00,NOAA_GFS_operational_1p00_nearest_3h_linear_uv,2026-02-11 12:00:00+00:00,2026-02-11 18:00:00+00:00,NOAA_GFS_operational_1p00_nearest_3h_linear_uv
2026-02-12 09:00:00+00:00,2026-02-11T18:00:00+00:00,15,0.5653398753561255,0.618541536548963,0.5919407059525443,extra_trees_weather,c489bd75a2ddcf1976b01c7a,archived_forecast,2026-02-11 12:00:00+00:00,2026-02-11 18:00:00+00:00,NOAA_GFS_operational_1p00_nearest_3h_linear_uv,2026-02-11 12:00:00+00:00,2026-02-11 18:00:00+00:00,NOAA_GFS_operational_1p00_nearest_3h_linear_uv
2026-02-12 10:00:00+00:00,2026-02-11T18:00:00+00:00,16,0.5638619095025345,0.5895764396551159,0.576719174578825,extra_trees_weather,c489bd75a2ddcf1976b01c7a,archived_forecast,2026-02-11 12:00:00+00:00,2026-02-11 18:00:00+00:00,NOAA_GFS_operational_1p00_nearest_3h_linear_uv,2026-02-11 12:00:00+00:00,2026-02-11 18:00:00+00:00,NOAA_GFS_operational_1p00_nearest_3h_linear_uv
2026-02-12 11:00:00+00:00,2026-02-11T18:00:00+00:00,17,0.4567992565060209,0.5057595146982645,0.4812793856021427,extra_trees_weather,c489bd75a2ddcf1976b01c7a,archived_forecast,2026-02-11 12:00:00+00:00,2026-02-11 18:00:00+00:00,NOAA_GFS_operational_1p00_nearest_3h_linear_uv,2026-02-11 12:00:00+00:00,2026-02-11 18:00:00+00:00,NOAA_GFS_operational_1p00_nearest_3h_linear_uv
2026-02-12 12:00:00+00:00,2026-02-11T18:00:00+00:00,18,0.237672274993525,0.2542593822803013,0.2459658286369131,extra_trees_weather,c489bd75a2ddcf1976b01c7a,archived_forecast,2026-02-11 12:00:00+00:00,2026-02-11 18:00:00+00:00,NOAA_GFS_operational_1p00_nearest_3h_linear_uv,2026-02-11 12:00:00+00:00,2026-02-11 18:00:00+00:00,NOAA_GFS_operational_1p00_nearest_3h_linear_uv
2026-02-12 13:00:00+00:00,2026-02-11T18:00:00+00:00,19,0.187903713138713,0.2512113442072632,0.2195575286729881,extra_trees_weather,c489bd75a2ddcf1976b01c7a,archived_forecast,2026-02-11 12:00:00+00:00,2026-02-11 18:00:00+00:00,NOAA_GFS_operational_1p00_nearest_3h_linear_uv,2026-02-11 12:00:00+00:00,2026-02-11 18:00:00+00:00,NOAA_GFS_operational_1p00_nearest_3h_linear_uv
2026-02-12 14:00:00+00:00,2026-02-11T18:00:00+00:00,20,0.1991011717680467,0.2518687265471455,0.2254849491575961,extra_trees_weather,c489bd75a2ddcf1976b01c7a,archived_forecast,2026-02-11 12:00:00+00:00,2026-02-11 18:00:00+00:00,NOAA_GFS_operational_1p00_nearest_3h_linear_uv,2026-02-11 12:00:00+00:00,2026-02-11 18:00:00+00:00,NOAA_GFS_operational_1p00_nearest_3h_linear_uv
2026-02-12 15:00:00+00:00,2026-02-11T18:00:00+00:00,21,0.3435263562132311,0.354406804950224,0.3489665805817275,extra_trees_weather,c489bd75a2ddcf1976b01c7a,archived_forecast,2026-02-11 12:00:00+00:00,2026-02-11 18:00:00+00:00,NOAA_GFS_operational_1p00_nearest_3h_linear_uv,2026-02-11 12:00:00+00:00,2026-02-11 18:00:00+00:00,NOAA_GFS_operational_1p00_nearest_3h_linear_uv
2026-02-12 16:00:00+00:00,2026-02-11T18:00:00+00:00,22,0.2257310904142153,0.2598212444690384,0.2427761674416269,extra_trees_weather,c489bd75a2ddcf1976b01c7a,archived_forecast,2026-02-11 12:00:00+00:00,2026-02-11 18:00:00+00:00,NOAA_GFS_operational_1p00_nearest_3h_linear_uv,2026-02-11 12:00:00+00:00,2026-02-11 18:00:00+00:00,NOAA_GFS_operational_1p00_nearest_3h_linear_uv
2026-02-12 17:00:00+00:00,2026-02-11T18:00:00+00:00,23,0.216018569971695,0.2372940775618716,0.2266563237667833,extra_trees_weather,c489bd75a2ddcf1976b01c7a,archived_forecast,2026-02-11 12:00:00+00:00,2026-02-11 18:00:00+00:00,NOAA_GFS_operational_1p00_nearest_3h_linear_uv,2026-02-11 12:00:00+00:00,2026-02-11 18:00:00+00:00,NOAA_GFS_operational_1p00_nearest_3h_linear_uv
2026-02-12 18:00:00+00:00,2026-02-11T18:00:00+00:00,24,0.2231871424177674,0.2406862804053245,0.2319367114115459,extra_trees_weather,c489bd75a2ddcf1976b01c7a,archived_forecast,2026-02-11 12:00:00+00:00,2026-02-11 18:00:00+00:00,NOAA_GFS_operational_1p00_nearest_3h_linear_uv,2026-02-11 12:00:00+00:00,2026-02-11 18:00:00+00:00,NOAA_GFS_operational_1p00_nearest_3h_linear_uv
2026-02-12 19:00:00+00:00,2026-02-11T18:00:00+00:00,25,0.2408657378732378,0.2480433796024236,0.2444545587378307,extra_trees_weather,c489bd75a2ddcf1976b01c7a,archived_forecast,2026-02-11 12:00:00+00:00,2026-02-11 18:00:00+00:00,NOAA_GFS_operational_1p00_nearest_3h_linear_uv,2026-02-11 12:00:00+00:00,2026-02-11 18:00:00+00:00,NOAA_GFS_operational_1p00_nearest_3h_linear_uv
2026-02-12 20:00:00+00:00,2026-02-11T18:00:00+00:00,26,0.2254366378991379,0.2332194503834943,0.2293280441413161,extra_trees_weather,c489bd75a2ddcf1976b01c7a,archived_forecast,2026-02-11 12:00:00+00:00,2026-02-11 18:00:00+00:00,NOAA_GFS_operational_1p00_nearest_3h_linear_uv,2026-02-11 12:00:00+00:00,2026-02-11 18:00:00+00:00,NOAA_GFS_operational_1p00_nearest_3h_linear_uv
2026-02-12 21:00:00+00:00,2026-02-11T18:00:00+00:00,27,0.2052160992710992,0.2228165135518075,0.2140163064114534,extra_trees_weather,c489bd75a2ddcf1976b01c7a,archived_forecast,2026-02-11 12:00:00+00:00,2026-02-11 18:00:00+00:00,NOAA_GFS_operational_1p00_nearest_3h_linear_uv,2026-02-11 12:00:00+00:00,2026-02-11 18:00:00+00:00,NOAA_GFS_operational_1p00_nearest_3h_linear_uv
2026-02-12 22:00:00+00:00,2026-02-11T18:00:00+00:00,28,0.2126905295630296,0.2352982421010361,0.2239943858320328,extra_trees_weather,c489bd75a2ddcf1976b01c7a,archived_forecast,2026-02-11 12:00:00+00:00,2026-02-11 18:00:00+00:00,NOAA_GFS_operational_1p00_nearest_3h_linear_uv,2026-02-11 12:00:00+00:00,2026-02-11 18:00:00+00:00,NOAA_GFS_operational_1p00_nearest_3h_linear_uv
2026-02-12 23:00:00+00:00,2026-02-11T18:00:00+00:00,29,0.2996773298460798,0.2634789993067933,0.2815781645764365,extra_trees_weather,c489bd75a2ddcf1976b01c7a,archived_forecast,2026-02-11 12:00:00+00:00,2026-02-11 18:00:00+00:00,NOAA_GFS_operational_1p00_nearest_3h_linear_uv,2026-02-11 12:00:00+00:00,2026-02-11 18:00:00+00:00,NOAA_GFS_operational_1p00_nearest_3h_linear_uv
2026-02-13 00:00:00+00:00,2026-02-11T18:00:00+00:00,30,0.5097847989972987,0.4509684491502505,0.4803766240737746,extra_trees_weather,c489bd75a2ddcf1976b01c7a,archived_forecast,2026-02-11 12:00:00+00:00,2026-02-11 18:00:00+00:00,NOAA_GFS_operational_1p00_nearest_3h_linear_uv,2026-02-11 12:00:00+00:00,2026-02-11 18:00:00+00:00,NOAA_GFS_operational_1p00_nearest_3h_linear_uv
2026-02-13 01:00:00+00:00,2026-02-11T18:00:00+00:00,31,0.4582344719632218,0.3937661051054064,0.4260002885343141,extra_trees_weather,c489bd75a2ddcf1976b01c7a,archived_forecast,2026-02-11 12:00:00+00:00,2026-02-11 18:00:00+00:00,NOAA_GFS_operational_1p00_nearest_3h_linear_uv,2026-02-11 12:00:00+00:00,2026-02-11 18:00:00+00:00,NOAA_GFS_operational_1p00_nearest_3h_linear_uv
2026-02-13 02:00:00+00:00,2026-02-11T18:00:00+00:00,32,0.4074424816387314,0.3695104475684988,0.3884764646036151,extra_trees_weather,c489bd75a2ddcf1976b01c7a,archived_forecast,2026-02-11 12:00:00+00:00,2026-02-11 18:00:00+00:00,NOAA_GFS_operational_1p00_nearest_3h_linear_uv,2026-02-11 12:00:00+00:00,2026-02-11 18:00:00+00:00,NOAA_GFS_operational_1p00_nearest_3h_linear_uv
2026-02-13 03:00:00+00:00,2026-02-11T18:00:00+00:00,33,0.3312515306684057,0.2919162778887778,0.3115839042785918,extra_trees_weather,c489bd75a2ddcf1976b01c7a,archived_forecast,2026-02-11 12:00:00+00:00,2026-02-11 18:00:00+00:00,NOAA_GFS_operational_1p00_nearest_3h_linear_uv,2026-02-11 12:00:00+00:00,2026-02-11 18:00:00+00:00,NOAA_GFS_operational_1p00_nearest_3h_linear_uv
2026-02-13 04:00:00+00:00,2026-02-11T18:00:00+00:00,34,0.3089220292439042,0.2795998095423095,0.2942609193931069,extra_trees_weather,c489bd75a2ddcf1976b01c7a,archived_forecast,2026-02-11 12:00:00+00:00,2026-02-11 18:00:00+00:00,NOAA_GFS_operational_1p00_nearest_3h_linear_uv,2026-02-11 12:00:00+00:00,2026-02-11 18:00:00+00:00,NOAA_GFS_operational_1p00_nearest_3h_linear_uv
2026-02-13 05:00:00+00:00,2026-02-11T18:00:00+00:00,35,0.3050065966209716,0.2573976005938506,0.2812020986074111,extra_trees_weather,c489bd75a2ddcf1976b01c7a,archived_forecast,2026-02-11 12:00:00+00:00,2026-02-11 18:00:00+00:00,NOAA_GFS_operational_1p00_nearest_3h_linear_uv,2026-02-11 12:00:00+00:00,2026-02-11 18:00:00+00:00,NOAA_GFS_operational_1p00_nearest_3h_linear_uv
2026-02-13 06:00:00+00:00,2026-02-11T18:00:00+00:00,36,0.2968697372072371,0.2626609227809229,0.27976532999408,extra_trees_weather,c489bd75a2ddcf1976b01c7a,archived_forecast,2026-02-11 12:00:00+00:00,2026-02-11 18:00:00+00:00,NOAA_GFS_operational_1p00_nearest_3h_linear_uv,2026-02-11 12:00:00+00:00,2026-02-11 18:00:00+00:00,NOAA_GFS_operational_1p00_nearest_3h_linear_uv
2026-02-13 07:00:00+00:00,2026-02-11T18:00:00+00:00,37,0.1318518595987345,0.1078302488211679,0.1198410542099512,extra_trees_weather,c489bd75a2ddcf1976b01c7a,archived_forecast,2026-02-11 12:00:00+00:00,2026-02-11 18:00:00+00:00,NOAA_GFS_operational_1p00_nearest_3h_linear_uv,2026-02-11 12:00:00+00:00,2026-02-11 18:00:00+00:00,NOAA_GFS_operational_1p00_nearest_3h_linear_uv
2026-02-13 08:00:00+00:00,2026-02-11T18:00:00+00:00,38,0.1192883004264254,0.1013001324098015,0.1102942164181134,extra_trees_weather,c489bd75a2ddcf1976b01c7a,archived_forecast,2026-02-11 12:00:00+00:00,2026-02-11 18:00:00+00:00,NOAA_GFS_operational_1p00_nearest_3h_linear_uv,2026-02-11 12:00:00+00:00,2026-02-11 18:00:00+00:00,NOAA_GFS_operational_1p00_nearest_3h_linear_uv
2026-02-13 09:00:00+00:00,2026-02-11T18:00:00+00:00,39,0.1251825007631257,0.1098535145831837,0.1175180076731547,extra_trees_weather,c489bd75a2ddcf1976b01c7a,archived_forecast,2026-02-11 12:00:00+00:00,2026-02-11 18:00:00+00:00,NOAA_GFS_operational_1p00_nearest_3h_linear_uv,2026-02-11 12:00:00+00:00,2026-02-11 18:00:00+00:00,NOAA_GFS_operational_1p00_nearest_3h_linear_uv
2026-02-13 10:00:00+00:00,2026-02-11T18:00:00+00:00,40,0.1287193032199282,0.1139347622244314,0.1213270327221798,extra_trees_weather,c489bd75a2ddcf1976b01c7a,archived_forecast,2026-02-11 12:00:00+00:00,2026-02-11 18:00:00+00:00,NOAA_GFS_operational_1p00_nearest_3h_linear_uv,2026-02-11 12:00:00+00:00,2026-02-11 18:00:00+00:00,NOAA_GFS_operational_1p00_nearest_3h_linear_uv
2026-02-13 11:00:00+00:00,2026-02-11T18:00:00+00:00,41,0.1652610879629629,0.1536086720645912,0.159434880013777,extra_trees_weather,c489bd75a2ddcf1976b01c7a,archived_forecast,2026-02-11 12:00:00+00:00,2026-02-11 18:00:00+00:00,NOAA_GFS_operational_1p00_nearest_3h_linear_uv,2026-02-11 12:00:00+00:00,2026-02-11 18:00:00+00:00,NOAA_GFS_operational_1p00_nearest_3h_linear_uv
2026-02-13 12:00:00+00:00,2026-02-11T18:00:00+00:00,42,0.1995220699439449,0.2143555568002259,0.2069388133720854,extra_trees_weather,c489bd75a2ddcf1976b01c7a,archived_forecast,2026-02-11 12:00:00+00:00,2026-02-11 18:00:00+00:00,NOAA_GFS_operational_1p00_nearest_3h_linear_uv,2026-02-11 12:00:00+00:00,2026-02-11 18:00:00+00:00,NOAA_GFS_operational_1p00_nearest_3h_linear_uv
2026-02-13 13:00:00+00:00,2026-02-11T18:00:00+00:00,43,0.2329106393837643,0.2669769698316388,0.2499438046077016,extra_trees_weather,c489bd75a2ddcf1976b01c7a,archived_forecast,2026-02-11 12:00:00+00:00,2026-02-11 18:00:00+00:00,NOAA_GFS_operational_1p00_nearest_3h_linear_uv,2026-02-11 12:00:00+00:00,2026-02-11 18:00:00+00:00,NOAA_GFS_operational_1p00_nearest_3h_linear_uv
2026-02-13 14:00:00+00:00,2026-02-11T18:00:00+00:00,44,0.2435821778453027,0.2752008503955194,0.2593915141204111,extra_trees_weather,c489bd75a2ddcf1976b01c7a,archived_forecast,2026-02-11 12:00:00+00:00,2026-02-11 18:00:00+00:00,NOAA_GFS_operational_1p00_nearest_3h_linear_uv,2026-02-11 12:00:00+00:00,2026-02-11 18:00:00+00:00,NOAA_GFS_operational_1p00_nearest_3h_linear_uv
2026-02-13 15:00:00+00:00,2026-02-11T18:00:00+00:00,45,0.2448002347421096,0.2754170441092132,0.2601086394256614,extra_trees_weather,c489bd75a2ddcf1976b01c7a,archived_forecast,2026-02-11 12:00:00+00:00,2026-02-11 18:00:00+00:00,NOAA_GFS_operational_1p00_nearest_3h_linear_uv,2026-02-11 12:00:00+00:00,2026-02-11 18:00:00+00:00,NOAA_GFS_operational_1p00_nearest_3h_linear_uv
2026-02-13 16:00:00+00:00,2026-02-11T18:00:00+00:00,46,0.2759593648249898,0.283862962010756,0.2799111634178729,extra_trees_weather,c489bd75a2ddcf1976b01c7a,archived_forecast,2026-02-11 12:00:00+00:00,2026-02-11 18:00:00+00:00,NOAA_GFS_operational_1p00_nearest_3h_linear_uv,2026-02-11 12:00:00+00:00,2026-02-11 18:00:00+00:00,NOAA_GFS_operational_1p00_nearest_3h_linear_uv
2026-02-13 17:00:00+00:00,2026-02-11T18:00:00+00:00,47,0.3802091846116845,0.3678613544285235,0.374035269520104,extra_trees_weather,c489bd75a2ddcf1976b01c7a,archived_forecast,2026-02-11 12:00:00+00:00,2026-02-11 18:00:00+00:00,NOAA_GFS_operational_1p00_nearest_3h_linear_uv,2026-02-11 12:00:00+00:00,2026-02-11 18:00:00+00:00,NOAA_GFS_operational_1p00_nearest_3h_linear_uv
2026-02-13 18:00:00+00:00,2026-02-11T18:00:00+00:00,48,0.4876967565305064,0.4576890193439455,0.4726928879372259,extra_trees_weather,c489bd75a2ddcf1976b01c7a,archived_forecast,2026-02-11 12:00:00+00:00,2026-02-11 18:00:00+00:00,NOAA_GFS_operational_1p00_nearest_3h_linear_uv,2026-02-11 12:00:00+00:00,2026-02-11 18:00:00+00:00,NOAA_GFS_operational_1p00_nearest_3h_linear_uv
2026-02-12 19:00:00+00:00,2026-02-12T18:00:00+00:00,1,0.2387350532338032,0.2437747353762794,0.2412548943050413,extra_trees_weather,5085570fe2a16c9098b2218b,archived_forecast,2026-02-12 12:00:00+00:00,2026-02-12 18:00:00+00:00,NOAA_GFS_operational_1p00_nearest_3h_linear_uv,2026-02-12 12:00:00+00:00,2026-02-12 18:00:00+00:00,NOAA_GFS_operational_1p00_nearest_3h_linear_uv
2026-02-12 20:00:00+00:00,2026-02-12T18:00:00+00:00,2,0.2255923848836348,0.2338948436013876,0.2297436142425112,extra_trees_weather,5085570fe2a16c9098b2218b,archived_forecast,2026-02-12 12:00:00+00:00,2026-02-12 18:00:00+00:00,NOAA_GFS_operational_1p00_nearest_3h_linear_uv,2026-02-12 12:00:00+00:00,2026-02-12 18:00:00+00:00,NOAA_GFS_operational_1p00_nearest_3h_linear_uv
2026-02-12 21:00:00+00:00,2026-02-12T18:00:00+00:00,3,0.2310146373302623,0.2501298305588746,0.2405722339445685,extra_trees_weather,5085570fe2a16c9098b2218b,archived_forecast,2026-02-12 12:00:00+00:00,2026-02-12 18:00:00+00:00,NOAA_GFS_operational_1p00_nearest_3h_linear_uv,2026-02-12 12:00:00+00:00,2026-02-12 18:00:00+00:00,NOAA_GFS_operational_1p00_nearest_3h_linear_uv
2026-02-12 22:00:00+00:00,2026-02-12T18:00:00+00:00,4,0.2249640643153143,0.2414991043406483,0.2332315843279813,extra_trees_weather,5085570fe2a16c9098b2218b,archived_forecast,2026-02-12 12:00:00+00:00,2026-02-12 18:00:00+00:00,NOAA_GFS_operational_1p00_nearest_3h_linear_uv,2026-02-12 12:00:00+00:00,2026-02-12 18:00:00+00:00,NOAA_GFS_operational_1p00_nearest_3h_linear_uv
2026-02-12 23:00:00+00:00,2026-02-12T18:00:00+00:00,5,0.2553109640822141,0.2314018636877827,0.2433564138849984,extra_trees_weather,5085570fe2a16c9098b2218b,archived_forecast,2026-02-12 12:00:00+00:00,2026-02-12 18:00:00+00:00,NOAA_GFS_operational_1p00_nearest_3h_linear_uv,2026-02-12 12:00:00+00:00,2026-02-12 18:00:00+00:00,NOAA_GFS_operational_1p00_nearest_3h_linear_uv
2026-02-13 00:00:00+00:00,2026-02-12T18:00:00+00:00,6,0.2731839033189033,0.24338600098567,0.2582849521522867,extra_trees_weather,5085570fe2a16c9098b2218b,archived_forecast,2026-02-12 12:00:00+00:00,2026-02-12 18:00:00+00:00,NOAA_GFS_operational_1p00_nearest_3h_linear_uv,2026-02-12 12:00:00+00:00,2026-02-12 18:00:00+00:00,NOAA_GFS_operational_1p00_nearest_3h_linear_uv
2026-02-13 01:00:00+00:00,2026-02-12T18:00:00+00:00,7,0.2275013485125985,0.2095781643084584,0.2185397564105284,extra_trees_weather,5085570fe2a16c9098b2218b,archived_forecast,2026-02-12 12:00:00+00:00,2026-02-12 18:00:00+00:00,NOAA_GFS_operational_1p00_nearest_3h_linear_uv,2026-02-12 12:00:00+00:00,2026-02-12 18:00:00+00:00,NOAA_GFS_operational_1p00_nearest_3h_linear_uv
2026-02-13 02:00:00+00:00,2026-02-12T18:00:00+00:00,8,0.165308570064195,0.1558312420871611,0.1605699060756781,extra_trees_weather,5085570fe2a16c9098b2218b,archived_forecast,2026-02-12 12:00:00+00:00,2026-02-12 18:00:00+00:00,NOAA_GFS_operational_1p00_nearest_3h_linear_uv,2026-02-12 12:00:00+00:00,2026-02-12 18:00:00+00:00,NOAA_GFS_operational_1p00_nearest_3h_linear_uv
2026-02-13 03:00:00+00:00,2026-02-12T18:00:00+00:00,9,0.1419380130748881,0.1227827008598699,0.132360356967379,extra_trees_weather,5085570fe2a16c9098b2218b,archived_forecast,2026-02-12 12:00:00+00:00,2026-02-12 18:00:00+00:00,NOAA_GFS_operational_1p00_nearest_3h_linear_uv,2026-02-12 12:00:00+00:00,2026-02-12 18:00:00+00:00,NOAA_GFS_operational_1p00_nearest_3h_linear_uv
2026-02-13 04:00:00+00:00,2026-02-12T18:00:00+00:00,10,0.1041256724062974,0.0938750344290785,0.0990003534176879,extra_trees_weather,5085570fe2a16c9098b2218b,archived_forecast,2026-02-12 12:00:00+00:00,2026-02-12 18:00:00+00:00,NOAA_GFS_operational_1p00_nearest_3h_linear_uv,2026-02-12 12:00:00+00:00,2026-02-12 18:00:00+00:00,NOAA_GFS_operational_1p00_nearest_3h_linear_uv
2026-02-13 05:00:00+00:00,2026-02-12T18:00:00+00:00,11,0.1056555323380323,0.0923727334892776,0.0990141329136549,extra_trees_weather,5085570fe2a16c9098b2218b,archived_forecast,2026-02-12 12:00:00+00:00,2026-02-12 18:00:00+00:00,NOAA_GFS_operational_1p00_nearest_3h_linear_uv,2026-02-12 12:00:00+00:00,2026-02-12 18:00:00+00:00,NOAA_GFS_operational_1p00_nearest_3h_linear_uv
2026-02-13 06:00:00+00:00,2026-02-12T18:00:00+00:00,12,0.1082839879564879,0.0955730454920896,0.1019285167242887,extra_trees_weather,5085570fe2a16c9098b2218b,archived_forecast,2026-02-12 12:00:00+00:00,2026-02-12 18:00:00+00:00,NOAA_GFS_operational_1p00_nearest_3h_linear_uv,2026-02-12 12:00:00+00:00,2026-02-12 18:00:00+00:00,NOAA_GFS_operational_1p00_nearest_3h_linear_uv
2026-02-13 07:00:00+00:00,2026-02-12T18:00:00+00:00,13,0.1183240132090132,0.1048400152121843,0.1115820142105987,extra_trees_weather,5085570fe2a16c9098b2218b,archived_forecast,2026-02-12 12:00:00+00:00,2026-02-12 18:00:00+00:00,NOAA_GFS_operational_1p00_nearest_3h_linear_uv,2026-02-12 12:00:00+00:00,2026-02-12 18:00:00+00:00,NOAA_GFS_operational_1p00_nearest_3h_linear_uv
2026-02-13 08:00:00+00:00,2026-02-12T18:00:00+00:00,14,0.1185042951955451,0.1053721953468645,0.1119382452712048,extra_trees_weather,5085570fe2a16c9098b2218b,archived_forecast,2026-02-12 12:00:00+00:00,2026-02-12 18:00:00+00:00,NOAA_GFS_operational_1p00_nearest_3h_linear_uv,2026-02-12 12:00:00+00:00,2026-02-12 18:00:00+00:00,NOAA_GFS_operational_1p00_nearest_3h_linear_uv
2026-02-13 09:00:00+00:00,2026-02-12T18:00:00+00:00,15,0.1183590342527842,0.1026758593680285,0.1105174468104063,extra_trees_weather,5085570fe2a16c9098b2218b,archived_forecast,2026-02-12 12:00:00+00:00,2026-02-12 18:00:00+00:00,NOAA_GFS_operational_1p00_nearest_3h_linear_uv,2026-02-12 12:00:00+00:00,2026-02-12 18:00:00+00:00,NOAA_GFS_operational_1p00_nearest_3h_linear_uv
2026-02-13 10:00:00+00:00,2026-02-12T18:00:00+00:00,16,0.1227993023180523,0.1129517595326787,0.1178755309253655,extra_trees_weather,5085570fe2a16c9098b2218b,archived_forecast,2026-02-12 12:00:00+00:00,2026-02-12 18:00:00+00:00,NOAA_GFS_operational_1p00_nearest_3h_linear_uv,2026-02-12 12:00:00+00:00,2026-02-12 18:00:00+00:00,NOAA_GFS_operational_1p00_nearest_3h_linear_uv
2026-02-13 11:00:00+00:00,2026-02-12T18:00:00+00:00,17,0.1530391380841381,0.1486199713671405,0.1508295547256393,extra_trees_weather,5085570fe2a16c9098b2218b,archived_forecast,2026-02-12 12:00:00+00:00,2026-02-12 18:00:00+00:00,NOAA_GFS_operational_1p00_nearest_3h_linear_uv,2026-02-12 12:00:00+00:00,2026-02-12 18:00:00+00:00,NOAA_GFS_operational_1p00_nearest_3h_linear_uv
2026-02-13 12:00:00+00:00,2026-02-12T18:00:00+00:00,18,0.1827143119843119,0.2018896837381028,0.1923019978612073,extra_trees_weather,5085570fe2a16c9098b2218b,archived_forecast,2026-02-12 12:00:00+00:00,2026-02-12 18:00:00+00:00,NOAA_GFS_operational_1p00_nearest_3h_linear_uv,2026-02-12 12:00:00+00:00,2026-02-12 18:00:00+00:00,NOAA_GFS_operational_1p00_nearest_3h_linear_uv
2026-02-13 13:00:00+00:00,2026-02-12T18:00:00+00:00,19,0.2213172844285343,0.254561254990924,0.2379392697097292,extra_trees_weather,5085570fe2a16c9098b2218b,archived_forecast,2026-02-12 12:00:00+00:00,2026-02-12 18:00:00+00:00,NOAA_GFS_operational_1p00_nearest_3h_linear_uv,2026-02-12 12:00:00+00:00,2026-02-12 18:00:00+00:00,NOAA_GFS_operational_1p00_nearest_3h_linear_uv
2026-02-13 14:00:00+00:00,2026-02-12T18:00:00+00:00,20,0.2566295324351572,0.2730076351385541,0.2648185837868557,extra_trees_weather,5085570fe2a16c9098b2218b,archived_forecast,2026-02-12 12:00:00+00:00,2026-02-12 18:00:00+00:00,NOAA_GFS_operational_1p00_nearest_3h_linear_uv,2026-02-12 12:00:00+00:00,2026-02-12 18:00:00+00:00,NOAA_GFS_operational_1p00_nearest_3h_linear_uv
2026-02-13 15:00:00+00:00,2026-02-12T18:00:00+00:00,21,0.4215597463647462,0.4143278740662931,0.4179438102155197,extra_trees_weather,5085570fe2a16c9098b2218b,archived_forecast,2026-02-12 12:00:00+00:00,2026-02-12 18:00:00+00:00,NOAA_GFS_operational_1p00_nearest_3h_linear_uv,2026-02-12 12:00:00+00:00,2026-02-12 18:00:00+00:00,NOAA_GFS_operational_1p00_nearest_3h_linear_uv
2026-02-13 16:00:00+00:00,2026-02-12T18:00:00+00:00,22,0.5119957530187675,0.5234467810430306,0.517721267030899,extra_trees_weather,5085570fe2a16c9098b2218b,archived_forecast,2026-02-12 12:00:00+00:00,2026-02-12 18:00:00+00:00,NOAA_GFS_operational_1p00_nearest_3h_linear_uv,2026-02-12 12:00:00+00:00,2026-02-12 18:00:00+00:00,NOAA_GFS_operational_1p00_nearest_3h_linear_uv
2026-02-13 17:00:00+00:00,2026-02-12T18:00:00+00:00,23,0.5273611515322914,0.4981697769197032,0.5127654642259973,extra_trees_weather,5085570fe2a16c9098b2218b,archived_forecast,2026-02-12 12:00:00+00:00,2026-02-12 18:00:00+00:00,NOAA_GFS_operational_1p00_nearest_3h_linear_uv,2026-02-12 12:00:00+00:00,2026-02-12 18:00:00+00:00,NOAA_GFS_operational_1p00_nearest_3h_linear_uv
2026-02-13 18:00:00+00:00,2026-02-12T18:00:00+00:00,24,0.6140023855311358,0.612844529759456,0.6134234576452959,extra_trees_weather,5085570fe2a16c9098b2218b,archived_forecast,2026-02-12 12:00:00+00:00,2026-02-12 18:00:00+00:00,NOAA_GFS_operational_1p00_nearest_3h_linear_uv,2026-02-12 12:00:00+00:00,2026-02-12 18:00:00+00:00,NOAA_GFS_operational_1p00_nearest_3h_linear_uv
2026-02-13 19:00:00+00:00,2026-02-12T18:00:00+00:00,25,0.5953800213675216,0.5824561305891816,0.5889180759783516,extra_trees_weather,5085570fe2a16c9098b2218b,archived_forecast,2026-02-12 12:00:00+00:00,2026-02-12 18:00:00+00:00,NOAA_GFS_operational_1p00_nearest_3h_linear_uv,2026-02-12 12:00:00+00:00,2026-02-12 18:00:00+00:00,NOAA_GFS_operational_1p00_nearest_3h_linear_uv
2026-02-13 20:00:00+00:00,2026-02-12T18:00:00+00:00,26,0.5958930414492917,0.5643330216148227,0.5801130315320572,extra_trees_weather,5085570fe2a16c9098b2218b,archived_forecast,2026-02-12 12:00:00+00:00,2026-02-12 18:00:00+00:00,NOAA_GFS_operational_1p00_nearest_3h_linear_uv,2026-02-12 12:00:00+00:00,2026-02-12 18:00:00+00:00,NOAA_GFS_operational_1p00_nearest_3h_linear_uv
2026-02-13 21:00:00+00:00,2026-02-12T18:00:00+00:00,27,0.6033509713434716,0.5643330216148227,0.5838419964791473,extra_trees_weather,5085570fe2a16c9098b2218b,archived_forecast,2026-02-12 12:00:00+00:00,2026-02-12 18:00:00+00:00,NOAA_GFS_operational_1p00_nearest_3h_linear_uv,2026-02-12 12:00:00+00:00,2026-02-12 18:00:00+00:00,NOAA_GFS_operational_1p00_nearest_3h_linear_uv
2026-02-13 22:00:00+00:00,2026-02-12T18:00:00+00:00,28,0.5525498191854443,0.4667058433995198,0.509627831292482,extra_trees_weather,5085570fe2a16c9098b2218b,archived_forecast,2026-02-12 12:00:00+00:00,2026-02-12 18:00:00+00:00,NOAA_GFS_operational_1p00_nearest_3h_linear_uv,2026-02-12 12:00:00+00:00,2026-02-12 18:00:00+00:00,NOAA_GFS_operational_1p00_nearest_3h_linear_uv
2026-02-13 23:00:00+00:00,2026-02-12T18:00:00+00:00,29,0.4964221730815479,0.4352954424347438,0.4658588077581459,extra_trees_weather,5085570fe2a16c9098b2218b,archived_forecast,2026-02-12 12:00:00+00:00,2026-02-12 18:00:00+00:00,NOAA_GFS_operational_1p00_nearest_3h_linear_uv,2026-02-12 12:00:00+00:00,2026-02-12 18:00:00+00:00,NOAA_GFS_operational_1p00_nearest_3h_linear_uv
2026-02-14 00:00:00+00:00,2026-02-12T18:00:00+00:00,30,0.4248804002478999,0.3735621498939512,0.3992212750709255,extra_trees_weather,5085570fe2a16c9098b2218b,archived_forecast,2026-02-12 12:00:00+00:00,2026-02-12 18:00:00+00:00,NOAA_GFS_operational_1p00_nearest_3h_linear_uv,2026-02-12 12:00:00+00:00,2026-02-12 18:00:00+00:00,NOAA_GFS_operational_1p00_nearest_3h_linear_uv
2026-02-14 01:00:00+00:00,2026-02-12T18:00:00+00:00,31,0.40997269022644,0.3625693760011772,0.3862710331138086,extra_trees_weather,5085570fe2a16c9098b2218b,archived_forecast,2026-02-12 12:00:00+00:00,2026-02-12 18:00:00+00:00,NOAA_GFS_operational_1p00_nearest_3h_linear_uv,2026-02-12 12:00:00+00:00,2026-02-12 18:00:00+00:00,NOAA_GFS_operational_1p00_nearest_3h_linear_uv
2026-02-14 02:00:00+00:00,2026-02-12T18:00:00+00:00,32,0.4060789315776814,0.3399117104423353,0.3729953210100083,extra_trees_weather,5085570fe2a16c9098b2218b,archived_forecast,2026-02-12 12:00:00+00:00,2026-02-12 18:00:00+00:00,NOAA_GFS_operational_1p00_nearest_3h_linear_uv,2026-02-12 12:00:00+00:00,2026-02-12 18:00:00+00:00,NOAA_GFS_operational_1p00_nearest_3h_linear_uv
2026-02-14 03:00:00+00:00,2026-02-12T18:00:00+00:00,33,0.3849929797979797,0.316327346102971,0.3506601629504754,extra_trees_weather,5085570fe2a16c9098b2218b,archived_forecast,2026-02-12 12:00:00+00:00,2026-02-12 18:00:00+00:00,NOAA_GFS_operational_1p00_nearest_3h_linear_uv,2026-02-12 12:00:00+00:00,2026-02-12 18:00:00+00:00,NOAA_GFS_operational_1p00_nearest_3h_linear_uv
2026-02-14 04:00:00+00:00,2026-02-12T18:00:00+00:00,34,0.4703195422401671,0.3683425833956348,0.419331062817901,extra_trees_weather,5085570fe2a16c9098b2218b,archived_forecast,2026-02-12 12:00:00+00:00,2026-02-12 18:00:00+00:00,NOAA_GFS_operational_1p00_nearest_3h_linear_uv,2026-02-12 12:00:00+00:00,2026-02-12 18:00:00+00:00,NOAA_GFS_operational_1p00_nearest_3h_linear_uv
2026-02-14 05:00:00+00:00,2026-02-12T18:00:00+00:00,35,0.4868724409618158,0.4297684501215015,0.4583204455416586,extra_trees_weather,5085570fe2a16c9098b2218b,archived_forecast,2026-02-12 12:00:00+00:00,2026-02-12 18:00:00+00:00,NOAA_GFS_operational_1p00_nearest_3h_linear_uv,2026-02-12 12:00:00+00:00,2026-02-12 18:00:00+00:00,NOAA_GFS_operational_1p00_nearest_3h_linear_uv
2026-02-14 06:00:00+00:00,2026-02-12T18:00:00+00:00,36,0.5296105734774486,0.4850143104417367,0.5073124419595926,extra_trees_weather,5085570fe2a16c9098b2218b,archived_forecast,2026-02-12 12:00:00+00:00,2026-02-12 18:00:00+00:00,NOAA_GFS_operational_1p00_nearest_3h_linear_uv,2026-02-12 12:00:00+00:00,2026-02-12 18:00:00+00:00,NOAA_GFS_operational_1p00_nearest_3h_linear_uv
2026-02-14 07:00:00+00:00,2026-02-12T18:00:00+00:00,37,0.5037149292143042,0.4411488995332008,0.4724319143737525,extra_trees_weather,5085570fe2a16c9098b2218b,archived_forecast,2026-02-12 12:00:00+00:00,2026-02-12 18:00:00+00:00,NOAA_GFS_operational_1p00_nearest_3h_linear_uv,2026-02-12 12:00:00+00:00,2026-02-12 18:00:00+00:00,NOAA_GFS_operational_1p00_nearest_3h_linear_uv
2026-02-14 08:00:00+00:00,2026-02-12T18:00:00+00:00,38,0.5243759819116068,0.4599108591707855,0.4921434205411962,extra_trees_weather,5085570fe2a16c9098b2218b,archived_forecast,2026-02-12 12:00:00+00:00,2026-02-12 18:00:00+00:00,NOAA_GFS_operational_1p00_nearest_3h_linear_uv,2026-02-12 12:00:00+00:00,2026-02-12 18:00:00+00:00,NOAA_GFS_operational_1p00_nearest_3h_linear_uv
2026-02-14 09:00:00+00:00,2026-02-12T18:00:00+00:00,39,0.5137197913184309,0.470720282848959,0.4922200370836949,extra_trees_weather,5085570fe2a16c9098b2218b,archived_forecast,2026-02-12 12:00:00+00:00,2026-02-12 18:00:00+00:00,NOAA_GFS_operational_1p00_nearest_3h_linear_uv,2026-02-12 12:00:00+00:00,2026-02-12 18:00:00+00:00,NOAA_GFS_operational_1p00_nearest_3h_linear_uv
2026-02-14 10:00:00+00:00,2026-02-12T18:00:00+00:00,40,0.523755638434278,0.5166032448869208,0.5201794416605994,extra_trees_weather,5085570fe2a16c9098b2218b,archived_forecast,2026-02-12 12:00:00+00:00,2026-02-12 18:00:00+00:00,NOAA_GFS_operational_1p00_nearest_3h_linear_uv,2026-02-12 12:00:00+00:00,2026-02-12 18:00:00+00:00,NOAA_GFS_operational_1p00_nearest_3h_linear_uv
2026-02-14 11:00:00+00:00,2026-02-12T18:00:00+00:00,41,0.5243402901945546,0.5306745568783064,0.5275074235364305,extra_trees_weather,5085570fe2a16c9098b2218b,archived_forecast,2026-02-12 12:00:00+00:00,2026-02-12 18:00:00+00:00,NOAA_GFS_operational_1p00_nearest_3h_linear_uv,2026-02-12 12:00:00+00:00,2026-02-12 18:00:00+00:00,NOAA_GFS_operational_1p00_nearest_3h_linear_uv
2026-02-14 12:00:00+00:00,2026-02-12T18:00:00+00:00,42,0.5245649751854897,0.5464110826210822,0.535488028903286,extra_trees_weather,5085570fe2a16c9098b2218b,archived_forecast,2026-02-12 12:00:00+00:00,2026-02-12 18:00:00+00:00,NOAA_GFS_operational_1p00_nearest_3h_linear_uv,2026-02-12 12:00:00+00:00,2026-02-12 18:00:00+00:00,NOAA_GFS_operational_1p00_nearest_3h_linear_uv
2026-02-14 13:00:00+00:00,2026-02-12T18:00:00+00:00,43,0.344926362156362,0.3397959758528508,0.3423611690046064,extra_trees_weather,5085570fe2a16c9098b2218b,archived_forecast,2026-02-12 12:00:00+00:00,2026-02-12 18:00:00+00:00,NOAA_GFS_operational_1p00_nearest_3h_linear_uv,2026-02-12 12:00:00+00:00,2026-02-12 18:00:00+00:00,NOAA_GFS_operational_1p00_nearest_3h_linear_uv
2026-02-14 14:00:00+00:00,2026-02-12T18:00:00+00:00,44,0.2665538439800939,0.2874091324647574,0.2769814882224256,extra_trees_weather,5085570fe2a16c9098b2218b,archived_forecast,2026-02-12 12:00:00+00:00,2026-02-12 18:00:00+00:00,NOAA_GFS_operational_1p00_nearest_3h_linear_uv,2026-02-12 12:00:00+00:00,2026-02-12 18:00:00+00:00,NOAA_GFS_operational_1p00_nearest_3h_linear_uv
2026-02-14 15:00:00+00:00,2026-02-12T18:00:00+00:00,45,0.2491096186452436,0.2747085312141561,0.2619090749296998,extra_trees_weather,5085570fe2a16c9098b2218b,archived_forecast,2026-02-12 12:00:00+00:00,2026-02-12 18:00:00+00:00,NOAA_GFS_operational_1p00_nearest_3h_linear_uv,2026-02-12 12:00:00+00:00,2026-02-12 18:00:00+00:00,NOAA_GFS_operational_1p00_nearest_3h_linear_uv
2026-02-14 16:00:00+00:00,2026-02-12T18:00:00+00:00,46,0.2312032338032337,0.2671717456154955,0.2491874897093646,extra_trees_weather,5085570fe2a16c9098b2218b,archived_forecast,2026-02-12 12:00:00+00:00,2026-02-12 18:00:00+00:00,NOAA_GFS_operational_1p00_nearest_3h_linear_uv,2026-02-12 12:00:00+00:00,2026-02-12 18:00:00+00:00,NOAA_GFS_operational_1p00_nearest_3h_linear_uv
2026-02-14 17:00:00+00:00,2026-02-12T18:00:00+00:00,47,0.2423717076673326,0.2702465340677839,0.2563091208675583,extra_trees_weather,5085570fe2a16c9098b2218b,archived_forecast,2026-02-12 12:00:00+00:00,2026-02-12 18:00:00+00:00,NOAA_GFS_operational_1p00_nearest_3h_linear_uv,2026-02-12 12:00:00+00:00,2026-02-12 18:00:00+00:00,NOAA_GFS_operational_1p00_nearest_3h_linear_uv
2026-02-14 18:00:00+00:00,2026-02-12T18:00:00+00:00,48,0.3305907697163947,0.3282512412356161,0.3294210054760054,extra_trees_weather,5085570fe2a16c9098b2218b,archived_forecast,2026-02-12 12:00:00+00:00,2026-02-12 18:00:00+00:00,NOAA_GFS_operational_1p00_nearest_3h_linear_uv,2026-02-12 12:00:00+00:00,2026-02-12 18:00:00+00:00,NOAA_GFS_operational_1p00_nearest_3h_linear_uv
2026-02-13 19:00:00+00:00,2026-02-13T18:00:00+00:00,1,0.5604700868807122,0.4935706344880608,0.5270203606843865,extra_trees_weather,f239a31e6ee9dcd24169c1c6,archived_forecast,2026-02-13 12:00:00+00:00,2026-02-13 18:00:00+00:00,NOAA_GFS_operational_1p00_nearest_3h_linear_uv,2026-02-13 12:00:00+00:00,2026-02-13 18:00:00+00:00,NOAA_GFS_operational_1p00_nearest_3h_linear_uv
2026-02-13 20:00:00+00:00,2026-02-13T18:00:00+00:00,2,0.5714491765873019,0.5019192405116669,0.5366842085494845,extra_trees_weather,f239a31e6ee9dcd24169c1c6,archived_forecast,2026-02-13 12:00:00+00:00,2026-02-13 18:00:00+00:00,NOAA_GFS_operational_1p00_nearest_3h_linear_uv,2026-02-13 12:00:00+00:00,2026-02-13 18:00:00+00:00,NOAA_GFS_operational_1p00_nearest_3h_linear_uv
2026-02-13 21:00:00+00:00,2026-02-13T18:00:00+00:00,3,0.5839482870370373,0.5301344164237178,0.5570413517303776,extra_trees_weather,f239a31e6ee9dcd24169c1c6,archived_forecast,2026-02-13 12:00:00+00:00,2026-02-13 18:00:00+00:00,NOAA_GFS_operational_1p00_nearest_3h_linear_uv,2026-02-13 12:00:00+00:00,2026-02-13 18:00:00+00:00,NOAA_GFS_operational_1p00_nearest_3h_linear_uv
2026-02-13 22:00:00+00:00,2026-02-13T18:00:00+00:00,4,0.4981506456275208,0.4597414410657425,0.4789460433466317,extra_trees_weather,f239a31e6ee9dcd24169c1c6,archived_forecast,2026-02-13 12:00:00+00:00,2026-02-13 18:00:00+00:00,NOAA_GFS_operational_1p00_nearest_3h_linear_uv,2026-02-13 12:00:00+00:00,2026-02-13 18:00:00+00:00,NOAA_GFS_operational_1p00_nearest_3h_linear_uv
2026-02-13 23:00:00+00:00,2026-02-13T18:00:00+00:00,5,0.4357147464341213,0.3759360310590823,0.4058253887466019,extra_trees_weather,f239a31e6ee9dcd24169c1c6,archived_forecast,2026-02-13 12:00:00+00:00,2026-02-13 18:00:00+00:00,NOAA_GFS_operational_1p00_nearest_3h_linear_uv,2026-02-13 12:00:00+00:00,2026-02-13 18:00:00+00:00,NOAA_GFS_operational_1p00_nearest_3h_linear_uv
2026-02-14 00:00:00+00:00,2026-02-13T18:00:00+00:00,6,0.3776971106902357,0.330385499061124,0.3540413048756798,extra_trees_weather,f239a31e6ee9dcd24169c1c6,archived_forecast,2026-02-13 12:00:00+00:00,2026-02-13 18:00:00+00:00,NOAA_GFS_operational_1p00_nearest_3h_linear_uv,2026-02-13 12:00:00+00:00,2026-02-13 18:00:00+00:00,NOAA_GFS_operational_1p00_nearest_3h_linear_uv
2026-02-14 01:00:00+00:00,2026-02-13T18:00:00+00:00,7,0.3432345104201354,0.2943257756364006,0.318780143028268,extra_trees_weather,f239a31e6ee9dcd24169c1c6,archived_forecast,2026-02-13 12:00:00+00:00,2026-02-13 18:00:00+00:00,NOAA_GFS_operational_1p00_nearest_3h_linear_uv,2026-02-13 12:00:00+00:00,2026-02-13 18:00:00+00:00,NOAA_GFS_operational_1p00_nearest_3h_linear_uv
2026-02-14 02:00:00+00:00,2026-02-13T18:00:00+00:00,8,0.2974024853387353,0.2670165768259519,0.2822095310823435,extra_trees_weather,f239a31e6ee9dcd24169c1c6,archived_forecast,2026-02-13 12:00:00+00:00,2026-02-13 18:00:00+00:00,NOAA_GFS_operational_1p00_nearest_3h_linear_uv,2026-02-13 12:00:00+00:00,2026-02-13 18:00:00+00:00,NOAA_GFS_operational_1p00_nearest_3h_linear_uv
2026-02-14 03:00:00+00:00,2026-02-13T18:00:00+00:00,9,0.2663645237632736,0.2305696687571687,0.2484670962602212,extra_trees_weather,f239a31e6ee9dcd24169c1c6,archived_forecast,2026-02-13 12:00:00+00:00,2026-02-13 18:00:00+00:00,NOAA_GFS_operational_1p00_nearest_3h_linear_uv,2026-02-13 12:00:00+00:00,2026-02-13 18:00:00+00:00,NOAA_GFS_operational_1p00_nearest_3h_linear_uv
2026-02-14 04:00:00+00:00,2026-02-13T18:00:00+00:00,10,0.3829749678330927,0.3230121756715506,0.3529935717523217,extra_trees_weather,f239a31e6ee9dcd24169c1c6,archived_forecast,2026-02-13 12:00:00+00:00,2026-02-13 18:00:00+00:00,NOAA_GFS_operational_1p00_nearest_3h_linear_uv,2026-02-13 12:00:00+00:00,2026-02-13 18:00:00+00:00,NOAA_GFS_operational_1p00_nearest_3h_linear_uv
2026-02-14 05:00:00+00:00,2026-02-13T18:00:00+00:00,11,0.4601893402662152,0.3894819131862145,0.4248356267262148,extra_trees_weather,f239a31e6ee9dcd24169c1c6,archived_forecast,2026-02-13 12:00:00+00:00,2026-02-13 18:00:00+00:00,NOAA_GFS_operational_1p00_nearest_3h_linear_uv,2026-02-13 12:00:00+00:00,2026-02-13 18:00:00+00:00,NOAA_GFS_operational_1p00_nearest_3h_linear_uv
2026-02-14 06:00:00+00:00,2026-02-13T18:00:00+00:00,12,0.483107348045473,0.4218513031943546,0.4524793256199138,extra_trees_weather,f239a31e6ee9dcd24169c1c6,archived_forecast,2026-02-13 12:00:00+00:00,2026-02-13 18:00:00+00:00,NOAA_GFS_operational_1p00_nearest_3h_linear_uv,2026-02-13 12:00:00+00:00,2026-02-13 18:00:00+00:00,NOAA_GFS_operational_1p00_nearest_3h_linear_uv
2026-02-14 07:00:00+00:00,2026-02-13T18:00:00+00:00,13,0.4251867763949011,0.3892749377542391,0.4072308570745701,extra_trees_weather,f239a31e6ee9dcd24169c1c6,archived_forecast,2026-02-13 12:00:00+00:00,2026-02-13 18:00:00+00:00,NOAA_GFS_operational_1p00_nearest_3h_linear_uv,2026-02-13 12:00:00+00:00,2026-02-13 18:00:00+00:00,NOAA_GFS_operational_1p00_nearest_3h_linear_uv
2026-02-14 08:00:00+00:00,2026-02-13T18:00:00+00:00,14,0.402848002229252,0.3751279256391757,0.3889879639342138,extra_trees_weather,f239a31e6ee9dcd24169c1c6,archived_forecast,2026-02-13 12:00:00+00:00,2026-02-13 18:00:00+00:00,NOAA_GFS_operational_1p00_nearest_3h_linear_uv,2026-02-13 12:00:00+00:00,2026-02-13 18:00:00+00:00,NOAA_GFS_operational_1p00_nearest_3h_linear_uv
2026-02-14 09:00:00+00:00,2026-02-13T18:00:00+00:00,15,0.3193559296028045,0.301413362008362,0.3103846458055833,extra_trees_weather,f239a31e6ee9dcd24169c1c6,archived_forecast,2026-02-13 12:00:00+00:00,2026-02-13 18:00:00+00:00,NOAA_GFS_operational_1p00_nearest_3h_linear_uv,2026-02-13 12:00:00+00:00,2026-02-13 18:00:00+00:00,NOAA_GFS_operational_1p00_nearest_3h_linear_uv
2026-02-14 10:00:00+00:00,2026-02-13T18:00:00+00:00,16,0.2865795713314463,0.2555822652810153,0.2710809183062308,extra_trees_weather,f239a31e6ee9dcd24169c1c6,archived_forecast,2026-02-13 12:00:00+00:00,2026-02-13 18:00:00+00:00,NOAA_GFS_operational_1p00_nearest_3h_linear_uv,2026-02-13 12:00:00+00:00,2026-02-13 18:00:00+00:00,NOAA_GFS_operational_1p00_nearest_3h_linear_uv
2026-02-14 11:00:00+00:00,2026-02-13T18:00:00+00:00,17,0.3016282616226365,0.2690911956099456,0.2853597286162911,extra_trees_weather,f239a31e6ee9dcd24169c1c6,archived_forecast,2026-02-13 12:00:00+00:00,2026-02-13 18:00:00+00:00,NOAA_GFS_operational_1p00_nearest_3h_linear_uv,2026-02-13 12:00:00+00:00,2026-02-13 18:00:00+00:00,NOAA_GFS_operational_1p00_nearest_3h_linear_uv
2026-02-14 12:00:00+00:00,2026-02-13T18:00:00+00:00,18,0.2952581536981537,0.2851345708920708,0.2901963622951123,extra_trees_weather,f239a31e6ee9dcd24169c1c6,archived_forecast,2026-02-13 12:00:00+00:00,2026-02-13 18:00:00+00:00,NOAA_GFS_operational_1p00_nearest_3h_linear_uv,2026-02-13 12:00:00+00:00,2026-02-13 18:00:00+00:00,NOAA_GFS_operational_1p00_nearest_3h_linear_uv
2026-02-14 13:00:00+00:00,2026-02-13T18:00:00+00:00,19,0.2719943648249898,0.2761790444509194,0.2740867046379545,extra_trees_weather,f239a31e6ee9dcd24169c1c6,archived_forecast,2026-02-13 12:00:00+00:00,2026-02-13 18:00:00+00:00,NOAA_GFS_operational_1p00_nearest_3h_linear_uv,2026-02-13 12:00:00+00:00,2026-02-13 18:00:00+00:00,NOAA_GFS_operational_1p00_nearest_3h_linear_uv
2026-02-14 14:00:00+00:00,2026-02-13T18:00:00+00:00,20,0.2686824423261922,0.2816001341482591,0.2751412882372257,extra_trees_weather,f239a31e6ee9dcd24169c1c6,archived_forecast,2026-02-13 12:00:00+00:00,2026-02-13 18:00:00+00:00,NOAA_GFS_operational_1p00_nearest_3h_linear_uv,2026-02-13 12:00:00+00:00,2026-02-13 18:00:00+00:00,NOAA_GFS_operational_1p00_nearest_3h_linear_uv
2026-02-14 15:00:00+00:00,2026-02-13T18:00:00+00:00,21,0.2523237552493802,0.2766833460289709,0.2645035506391756,extra_trees_weather,f239a31e6ee9dcd24169c1c6,archived_forecast,2026-02-13 12:00:00+00:00,2026-02-13 18:00:00+00:00,NOAA_GFS_operational_1p00_nearest_3h_linear_uv,2026-02-13 12:00:00+00:00,2026-02-13 18:00:00+00:00,NOAA_GFS_operational_1p00_nearest_3h_linear_uv
2026-02-14 16:00:00+00:00,2026-02-13T18:00:00+00:00,22,0.2531036393467643,0.2845759635734634,0.2688398014601138,extra_trees_weather,f239a31e6ee9dcd24169c1c6,archived_forecast,2026-02-13 12:00:00+00:00,2026-02-13 18:00:00+00:00,NOAA_GFS_operational_1p00_nearest_3h_linear_uv,2026-02-13 12:00:00+00:00,2026-02-13 18:00:00+00:00,NOAA_GFS_operational_1p00_nearest_3h_linear_uv
2026-02-14 17:00:00+00:00,2026-02-13T18:00:00+00:00,23,0.2527776473757723,0.2824272019647019,0.2676024246702371,extra_trees_weather,f239a31e6ee9dcd24169c1c6,archived_forecast,2026-02-13 12:00:00+00:00,2026-02-13 18:00:00+00:00,NOAA_GFS_operational_1p00_nearest_3h_linear_uv,2026-02-13 12:00:00+00:00,2026-02-13 18:00:00+00:00,NOAA_GFS_operational_1p00_nearest_3h_linear_uv
2026-02-14 18:00:00+00:00,2026-02-13T18:00:00+00:00,24,0.2593058685989936,0.274673574018574,0.2669897213087838,extra_trees_weather,f239a31e6ee9dcd24169c1c6,archived_forecast,2026-02-13 12:00:00+00:00,2026-02-13 18:00:00+00:00,NOAA_GFS_operational_1p00_nearest_3h_linear_uv,2026-02-13 12:00:00+00:00,2026-02-13 18:00:00+00:00,NOAA_GFS_operational_1p00_nearest_3h_linear_uv
2026-02-14 19:00:00+00:00,2026-02-13T18:00:00+00:00,25,0.2604431707875458,0.2830805298867798,0.2717618503371628,extra_trees_weather,f239a31e6ee9dcd24169c1c6,archived_forecast,2026-02-13 12:00:00+00:00,2026-02-13 18:00:00+00:00,NOAA_GFS_operational_1p00_nearest_3h_linear_uv,2026-02-13 12:00:00+00:00,2026-02-13 18:00:00+00:00,NOAA_GFS_operational_1p00_nearest_3h_linear_uv
2026-02-14 20:00:00+00:00,2026-02-13T18:00:00+00:00,26,0.2398845326201577,0.2680058275058274,0.2539451800629926,extra_trees_weather,f239a31e6ee9dcd24169c1c6,archived_forecast,2026-02-13 12:00:00+00:00,2026-02-13 18:00:00+00:00,NOAA_GFS_operational_1p00_nearest_3h_linear_uv,2026-02-13 12:00:00+00:00,2026-02-13 18:00:00+00:00,NOAA_GFS_operational_1p00_nearest_3h_linear_uv
2026-02-14 21:00:00+00:00,2026-02-13T18:00:00+00:00,27,0.2148096992590742,0.25521727004477,0.2350134846519221,extra_trees_weather,f239a31e6ee9dcd24169c1c6,archived_forecast,2026-02-13 12:00:00+00:00,2026-02-13 18:00:00+00:00,NOAA_GFS_operational_1p00_nearest_3h_linear_uv,2026-02-13 12:00:00+00:00,2026-02-13 18:00:00+00:00,NOAA_GFS_operational_1p00_nearest_3h_linear_uv
2026-02-14 22:00:00+00:00,2026-02-13T18:00:00+00:00,28,0.2173084392459393,0.2550578760128758,0.2361831576294076,extra_trees_weather,f239a31e6ee9dcd24169c1c6,archived_forecast,2026-02-13 12:00:00+00:00,2026-02-13 18:00:00+00:00,NOAA_GFS_operational_1p00_nearest_3h_linear_uv,2026-02-13 12:00:00+00:00,2026-02-13 18:00:00+00:00,NOAA_GFS_operational_1p00_nearest_3h_linear_uv
2026-02-14 23:00:00+00:00,2026-02-13T18:00:00+00:00,29,0.2176886066248566,0.2308652213527213,0.2242769139887889,extra_trees_weather,f239a31e6ee9dcd24169c1c6,archived_forecast,2026-02-13 12:00:00+00:00,2026-02-13 18:00:00+00:00,NOAA_GFS_operational_1p00_nearest_3h_linear_uv,2026-02-13 12:00:00+00:00,2026-02-13 18:00:00+00:00,NOAA_GFS_operational_1p00_nearest_3h_linear_uv
2026-02-15 00:00:00+00:00,2026-02-13T18:00:00+00:00,30,0.2357763149119399,0.2234743555518555,0.2296253352318977,extra_trees_weather,f239a31e6ee9dcd24169c1c6,archived_forecast,2026-02-13 12:00:00+00:00,2026-02-13 18:00:00+00:00,NOAA_GFS_operational_1p00_nearest_3h_linear_uv,2026-02-13 12:00:00+00:00,2026-02-13 18:00:00+00:00,NOAA_GFS_operational_1p00_nearest_3h_linear_uv
2026-02-15 01:00:00+00:00,2026-02-13T18:00:00+00:00,31,0.2431735955017204,0.2277691492535242,0.2354713723776223,extra_trees_weather,f239a31e6ee9dcd24169c1c6,archived_forecast,2026-02-13 12:00:00+00:00,2026-02-13 18:00:00+00:00,NOAA_GFS_operational_1p00_nearest_3h_linear_uv,2026-02-13 12:00:00+00:00,2026-02-13 18:00:00+00:00,NOAA_GFS_operational_1p00_nearest_3h_linear_uv
2026-02-15 02:00:00+00:00,2026-02-13T18:00:00+00:00,32,0.2173435005966255,0.2198343525687276,0.2185889265826765,extra_trees_weather,f239a31e6ee9dcd24169c1c6,archived_forecast,2026-02-13 12:00:00+00:00,2026-02-13 18:00:00+00:00,NOAA_GFS_operational_1p00_nearest_3h_linear_uv,2026-02-13 12:00:00+00:00,2026-02-13 18:00:00+00:00,NOAA_GFS_operational_1p00_nearest_3h_linear_uv
2026-02-15 03:00:00+00:00,2026-02-13T18:00:00+00:00,33,0.2521195327820327,0.2104310914548414,0.231275312118437,extra_trees_weather,f239a31e6ee9dcd24169c1c6,archived_forecast,2026-02-13 12:00:00+00:00,2026-02-13 18:00:00+00:00,NOAA_GFS_operational_1p00_nearest_3h_linear_uv,2026-02-13 12:00:00+00:00,2026-02-13 18:00:00+00:00,NOAA_GFS_operational_1p00_nearest_3h_linear_uv
2026-02-15 04:00:00+00:00,2026-02-13T18:00:00+00:00,34,0.3474334154965406,0.2807785954785955,0.314106005487568,extra_trees_weather,f239a31e6ee9dcd24169c1c6,archived_forecast,2026-02-13 12:00:00+00:00,2026-02-13 18:00:00+00:00,NOAA_GFS_operational_1p00_nearest_3h_linear_uv,2026-02-13 12:00:00+00:00,2026-02-13 18:00:00+00:00,NOAA_GFS_operational_1p00_nearest_3h_linear_uv
2026-02-15 05:00:00+00:00,2026-02-13T18:00:00+00:00,35,0.4783334055990304,0.4072168168473681,0.4427751112231993,extra_trees_weather,f239a31e6ee9dcd24169c1c6,archived_forecast,2026-02-13 12:00:00+00:00,2026-02-13 18:00:00+00:00,NOAA_GFS_operational_1p00_nearest_3h_linear_uv,2026-02-13 12:00:00+00:00,2026-02-13 18:00:00+00:00,NOAA_GFS_operational_1p00_nearest_3h_linear_uv
2026-02-15 06:00:00+00:00,2026-02-13T18:00:00+00:00,36,0.5202716110509861,0.4549307767994531,0.4876011939252196,extra_trees_weather,f239a31e6ee9dcd24169c1c6,archived_forecast,2026-02-13 12:00:00+00:00,2026-02-13 18:00:00+00:00,NOAA_GFS_operational_1p00_nearest_3h_linear_uv,2026-02-13 12:00:00+00:00,2026-02-13 18:00:00+00:00,NOAA_GFS_operational_1p00_nearest_3h_linear_uv
2026-02-15 07:00:00+00:00,2026-02-13T18:00:00+00:00,37,0.5513522931697932,0.5627517680304442,0.5570520306001187,extra_trees_weather,f239a31e6ee9dcd24169c1c6,archived_forecast,2026-02-13 12:00:00+00:00,2026-02-13 18:00:00+00:00,NOAA_GFS_operational_1p00_nearest_3h_linear_uv,2026-02-13 12:00:00+00:00,2026-02-13 18:00:00+00:00,NOAA_GFS_operational_1p00_nearest_3h_linear_uv
2026-02-15 08:00:00+00:00,2026-02-13T18:00:00+00:00,38,0.6654789904308654,0.6836683976508242,0.6745736940408448,extra_trees_weather,f239a31e6ee9dcd24169c1c6,archived_forecast,2026-02-13 12:00:00+00:00,2026-02-13 18:00:00+00:00,NOAA_GFS_operational_1p00_nearest_3h_linear_uv,2026-02-13 12:00:00+00:00,2026-02-13 18:00:00+00:00,NOAA_GFS_operational_1p00_nearest_3h_linear_uv
2026-02-15 09:00:00+00:00,2026-02-13T18:00:00+00:00,39,0.7858377840065711,0.68525452356195,0.7355461537842605,extra_trees_weather,f239a31e6ee9dcd24169c1c6,archived_forecast,2026-02-13 12:00:00+00:00,2026-02-13 18:00:00+00:00,NOAA_GFS_operational_1p00_nearest_3h_linear_uv,2026-02-13 12:00:00+00:00,2026-02-13 18:00:00+00:00,NOAA_GFS_operational_1p00_nearest_3h_linear_uv
2026-02-15 10:00:00+00:00,2026-02-13T18:00:00+00:00,40,0.7826615845116213,0.6878932861882125,0.7352774353499169,extra_trees_weather,f239a31e6ee9dcd24169c1c6,archived_forecast,2026-02-13 12:00:00+00:00,2026-02-13 18:00:00+00:00,NOAA_GFS_operational_1p00_nearest_3h_linear_uv,2026-02-13 12:00:00+00:00,2026-02-13 18:00:00+00:00,NOAA_GFS_operational_1p00_nearest_3h_linear_uv
2026-02-15 11:00:00+00:00,2026-02-13T18:00:00+00:00,41,0.782409501178288,0.6883942121141385,0.7354018566462132,extra_trees_weather,f239a31e6ee9dcd24169c1c6,archived_forecast,2026-02-13 12:00:00+00:00,2026-02-13 18:00:00+00:00,NOAA_GFS_operational_1p00_nearest_3h_linear_uv,2026-02-13 12:00:00+00:00,2026-02-13 18:00:00+00:00,NOAA_GFS_operational_1p00_nearest_3h_linear_uv
2026-02-15 12:00:00+00:00,2026-02-13T18:00:00+00:00,42,0.7804177047802416,0.6818763193587456,0.7311470120694936,extra_trees_weather,f239a31e6ee9dcd24169c1c6,archived_forecast,2026-02-13 12:00:00+00:00,2026-02-13 18:00:00+00:00,NOAA_GFS_operational_1p00_nearest_3h_linear_uv,2026-02-13 12:00:00+00:00,2026-02-13 18:00:00+00:00,NOAA_GFS_operational_1p00_nearest_3h_linear_uv
2026-02-15 13:00:00+00:00,2026-02-13T18:00:00+00:00,43,0.7176713459457208,0.7223529025903289,0.7200121242680247,extra_trees_weather,f239a31e6ee9dcd24169c1c6,archived_forecast,2026-02-13 12:00:00+00:00,2026-02-13 18:00:00+00:00,NOAA_GFS_operational_1p00_nearest_3h_linear_uv,2026-02-13 12:00:00+00:00,2026-02-13 18:00:00+00:00,NOAA_GFS_operational_1p00_nearest_3h_linear_uv
2026-02-15 14:00:00+00:00,2026-02-13T18:00:00+00:00,44,0.6783789999352499,0.667212356654783,0.6727956782950165,extra_trees_weather,f239a31e6ee9dcd24169c1c6,archived_forecast,2026-02-13 12:00:00+00:00,2026-02-13 18:00:00+00:00,NOAA_GFS_operational_1p00_nearest_3h_linear_uv,2026-02-13 12:00:00+00:00,2026-02-13 18:00:00+00:00,NOAA_GFS_operational_1p00_nearest_3h_linear_uv
2026-02-15 15:00:00+00:00,2026-02-13T18:00:00+00:00,45,0.665237528952529,0.671221599495276,0.6682295642239025,extra_trees_weather,f239a31e6ee9dcd24169c1c6,archived_forecast,2026-02-13 12:00:00+00:00,2026-02-13 18:00:00+00:00,NOAA_GFS_operational_1p00_nearest_3h_linear_uv,2026-02-13 12:00:00+00:00,2026-02-13 18:00:00+00:00,NOAA_GFS_operational_1p00_nearest_3h_linear_uv
2026-02-15 16:00:00+00:00,2026-02-13T18:00:00+00:00,46,0.6589167482748735,0.6687959865434131,0.6638563674091433,extra_trees_weather,f239a31e6ee9dcd24169c1c6,archived_forecast,2026-02-13 12:00:00+00:00,2026-02-13 18:00:00+00:00,NOAA_GFS_operational_1p00_nearest_3h_linear_uv,2026-02-13 12:00:00+00:00,2026-02-13 18:00:00+00:00,NOAA_GFS_operational_1p00_nearest_3h_linear_uv
2026-02-15 17:00:00+00:00,2026-02-13T18:00:00+00:00,47,0.6630411843018095,0.6553021223289237,0.6591716533153666,extra_trees_weather,f239a31e6ee9dcd24169c1c6,archived_forecast,2026-02-13 12:00:00+00:00,2026-02-13 18:00:00+00:00,NOAA_GFS_operational_1p00_nearest_3h_linear_uv,2026-02-13 12:00:00+00:00,2026-02-13 18:00:00+00:00,NOAA_GFS_operational_1p00_nearest_3h_linear_uv
2026-02-15 18:00:00+00:00,2026-02-13T18:00:00+00:00,48,0.6818951803520555,0.6492520792701306,0.665573629811093,extra_trees_weather,f239a31e6ee9dcd24169c1c6,archived_forecast,2026-02-13 12:00:00+00:00,2026-02-13 18:00:00+00:00,NOAA_GFS_operational_1p00_nearest_3h_linear_uv,2026-02-13 12:00:00+00:00,2026-02-13 18:00:00+00:00,NOAA_GFS_operational_1p00_nearest_3h_linear_uv
2026-02-14 19:00:00+00:00,2026-02-14T18:00:00+00:00,1,0.2578896932928183,0.2745160179635179,0.2662028556281681,extra_trees_weather,406d3df492f9cdba275ecf0e,archived_forecast,2026-02-14 12:00:00+00:00,2026-02-14 18:00:00+00:00,NOAA_GFS_operational_1p00_nearest_3h_linear_uv,2026-02-14 12:00:00+00:00,2026-02-14 18:00:00+00:00,NOAA_GFS_operational_1p00_nearest_3h_linear_uv
2026-02-14 20:00:00+00:00,2026-02-14T18:00:00+00:00,2,0.2380368653106153,0.2519192214267213,0.2449780433686683,extra_trees_weather,406d3df492f9cdba275ecf0e,archived_forecast,2026-02-14 12:00:00+00:00,2026-02-14 18:00:00+00:00,NOAA_GFS_operational_1p00_nearest_3h_linear_uv,2026-02-14 12:00:00+00:00,2026-02-14 18:00:00+00:00,NOAA_GFS_operational_1p00_nearest_3h_linear_uv
2026-02-14 21:00:00+00:00,2026-02-14T18:00:00+00:00,3,0.2289641751073,0.255244697062197,0.2421044360847485,extra_trees_weather,406d3df492f9cdba275ecf0e,archived_forecast,2026-02-14 12:00:00+00:00,2026-02-14 18:00:00+00:00,NOAA_GFS_operational_1p00_nearest_3h_linear_uv,2026-02-14 12:00:00+00:00,2026-02-14 18:00:00+00:00,NOAA_GFS_operational_1p00_nearest_3h_linear_uv
2026-02-14 22:00:00+00:00,2026-02-14T18:00:00+00:00,4,0.201671938963814,0.2369249133274133,0.2192984261456136,extra_trees_weather,406d3df492f9cdba275ecf0e,archived_forecast,2026-02-14 12:00:00+00:00,2026-02-14 18:00:00+00:00,NOAA_GFS_operational_1p00_nearest_3h_linear_uv,2026-02-14 12:00:00+00:00,2026-02-14 18:00:00+00:00,NOAA_GFS_operational_1p00_nearest_3h_linear_uv
2026-02-14 23:00:00+00:00,2026-02-14T18:00:00+00:00,5,0.2113046953509453,0.2371269187294187,0.224215807040182,extra_trees_weather,406d3df492f9cdba275ecf0e,archived_forecast,2026-02-14 12:00:00+00:00,2026-02-14 18:00:00+00:00,NOAA_GFS_operational_1p00_nearest_3h_linear_uv,2026-02-14 12:00:00+00:00,2026-02-14 18:00:00+00:00,NOAA_GFS_operational_1p00_nearest_3h_linear_uv
2026-02-15 00:00:00+00:00,2026-02-14T18:00:00+00:00,6,0.2794882088744588,0.2597929059597809,0.2696405574171199,extra_trees_weather,406d3df492f9cdba275ecf0e,archived_forecast,2026-02-14 12:00:00+00:00,2026-02-14 18:00:00+00:00,NOAA_GFS_operational_1p00_nearest_3h_linear_uv,2026-02-14 12:00:00+00:00,2026-02-14 18:00:00+00:00,NOAA_GFS_operational_1p00_nearest_3h_linear_uv
2026-02-15 01:00:00+00:00,2026-02-14T18:00:00+00:00,7,0.2889173718873718,0.2586358298414548,0.2737766008644133,extra_trees_weather,406d3df492f9cdba275ecf0e,archived_forecast,2026-02-14 12:00:00+00:00,2026-02-14 18:00:00+00:00,NOAA_GFS_operational_1p00_nearest_3h_linear_uv,2026-02-14 12:00:00+00:00,2026-02-14 18:00:00+00:00,NOAA_GFS_operational_1p00_nearest_3h_linear_uv
2026-02-15 02:00:00+00:00,2026-02-14T18:00:00+00:00,8,0.3379755542374293,0.3090294319338069,0.3235024930856181,extra_trees_weather,406d3df492f9cdba275ecf0e,archived_forecast,2026-02-14 12:00:00+00:00,2026-02-14 18:00:00+00:00,NOAA_GFS_operational_1p00_nearest_3h_linear_uv,2026-02-14 12:00:00+00:00,2026-02-14 18:00:00+00:00,NOAA_GFS_operational_1p00_nearest_3h_linear_uv
2026-02-15 03:00:00+00:00,2026-02-14T18:00:00+00:00,9,0.441068993159618,0.3658719888512901,0.4034704910054541,extra_trees_weather,406d3df492f9cdba275ecf0e,archived_forecast,2026-02-14 12:00:00+00:00,2026-02-14 18:00:00+00:00,NOAA_GFS_operational_1p00_nearest_3h_linear_uv,2026-02-14 12:00:00+00:00,2026-02-14 18:00:00+00:00,NOAA_GFS_operational_1p00_nearest_3h_linear_uv
2026-02-15 04:00:00+00:00,2026-02-14T18:00:00+00:00,10,0.5257784381359382,0.5020585979828994,0.5139185180594187,extra_trees_weather,406d3df492f9cdba275ecf0e,archived_forecast,2026-02-14 12:00:00+00:00,2026-02-14 18:00:00+00:00,NOAA_GFS_operational_1p00_nearest_3h_linear_uv,2026-02-14 12:00:00+00:00,2026-02-14 18:00:00+00:00,NOAA_GFS_operational_1p00_nearest_3h_linear_uv
2026-02-15 05:00:00+00:00,2026-02-14T18:00:00+00:00,11,0.6437760363016612,0.629266090837267,0.6365210635694643,extra_trees_weather,406d3df492f9cdba275ecf0e,archived_forecast,2026-02-14 12:00:00+00:00,2026-02-14 18:00:00+00:00,NOAA_GFS_operational_1p00_nearest_3h_linear_uv,2026-02-14 12:00:00+00:00,2026-02-14 18:00:00+00:00,NOAA_GFS_operational_1p00_nearest_3h_linear_uv
2026-02-15 06:00:00+00:00,2026-02-14T18:00:00+00:00,12,0.7981282651226772,0.71210226364594,0.7551152643843086,extra_trees_weather,406d3df492f9cdba275ecf0e,archived_forecast,2026-02-14 12:00:00+00:00,2026-02-14 18:00:00+00:00,NOAA_GFS_operational_1p00_nearest_3h_linear_uv,2026-02-14 12:00:00+00:00,2026-02-14 18:00:00+00:00,NOAA_GFS_operational_1p00_nearest_3h_linear_uv
2026-02-15 07:00:00+00:00,2026-02-14T18:00:00+00:00,13,0.8119160006741625,0.7191113511951011,0.7655136759346319,extra_trees_weather,406d3df492f9cdba275ecf0e,archived_forecast,2026-02-14 12:00:00+00:00,2026-02-14 18:00:00+00:00,NOAA_GFS_operational_1p00_nearest_3h_linear_uv,2026-02-14 12:00:00+00:00,2026-02-14 18:00:00+00:00,NOAA_GFS_operational_1p00_nearest_3h_linear_uv
2026-02-15 08:00:00+00:00,2026-02-14T18:00:00+00:00,14,0.8109544308088427,0.7254921058571057,0.7682232683329742,extra_trees_weather,406d3df492f9cdba275ecf0e,archived_forecast,2026-02-14 12:00:00+00:00,2026-02-14 18:00:00+00:00,NOAA_GFS_operational_1p00_nearest_3h_linear_uv,2026-02-14 12:00:00+00:00,2026-02-14 18:00:00+00:00,NOAA_GFS_operational_1p00_nearest_3h_linear_uv
2026-02-15 09:00:00+00:00,2026-02-14T18:00:00+00:00,15,0.8068479488186107,0.7743539314389318,0.7906009401287712,extra_trees_weather,406d3df492f9cdba275ecf0e,archived_forecast,2026-02-14 12:00:00+00:00,2026-02-14 18:00:00+00:00,NOAA_GFS_operational_1p00_nearest_3h_linear_uv,2026-02-14 12:00:00+00:00,2026-02-14 18:00:00+00:00,NOAA_GFS_operational_1p00_nearest_3h_linear_uv
2026-02-15 10:00:00+00:00,2026-02-14T18:00:00+00:00,16,0.8010918491775111,0.7122979707166472,0.7566949099470792,extra_trees_weather,406d3df492f9cdba275ecf0e,archived_forecast,2026-02-14 12:00:00+00:00,2026-02-14 18:00:00+00:00,NOAA_GFS_operational_1p00_nearest_3h_linear_uv,2026-02-14 12:00:00+00:00,2026-02-14 18:00:00+00:00,NOAA_GFS_operational_1p00_nearest_3h_linear_uv
2026-02-15 11:00:00+00:00,2026-02-14T18:00:00+00:00,17,0.7852830207143077,0.6891140563902327,0.7371985385522702,extra_trees_weather,406d3df492f9cdba275ecf0e,archived_forecast,2026-02-14 12:00:00+00:00,2026-02-14 18:00:00+00:00,NOAA_GFS_operational_1p00_nearest_3h_linear_uv,2026-02-14 12:00:00+00:00,2026-02-14 18:00:00+00:00,NOAA_GFS_operational_1p00_nearest_3h_linear_uv
2026-02-15 12:00:00+00:00,2026-02-14T18:00:00+00:00,18,0.7281931415656782,0.6885330039704302,0.7083630727680543,extra_trees_weather,406d3df492f9cdba275ecf0e,archived_forecast,2026-02-14 12:00:00+00:00,2026-02-14 18:00:00+00:00,NOAA_GFS_operational_1p00_nearest_3h_linear_uv,2026-02-14 12:00:00+00:00,2026-02-14 18:00:00+00:00,NOAA_GFS_operational_1p00_nearest_3h_linear_uv
2026-02-15 13:00:00+00:00,2026-02-14T18:00:00+00:00,19,0.6553672316109815,0.6380176398438161,0.6466924357273988,extra_trees_weather,406d3df492f9cdba275ecf0e,archived_forecast,2026-02-14 12:00:00+00:00,2026-02-14 18:00:00+00:00,NOAA_GFS_operational_1p00_nearest_3h_linear_uv,2026-02-14 12:00:00+00:00,2026-02-14 18:00:00+00:00,NOAA_GFS_operational_1p00_nearest_3h_linear_uv
2026-02-15 14:00:00+00:00,2026-02-14T18:00:00+00:00,20,0.6478980142773892,0.6606263753906769,0.6542621948340331,extra_trees_weather,406d3df492f9cdba275ecf0e,archived_forecast,2026-02-14 12:00:00+00:00,2026-02-14 18:00:00+00:00,NOAA_GFS_operational_1p00_nearest_3h_linear_uv,2026-02-14 12:00:00+00:00,2026-02-14 18:00:00+00:00,NOAA_GFS_operational_1p00_nearest_3h_linear_uv
2026-02-15 15:00:00+00:00,2026-02-14T18:00:00+00:00,21,0.5989814793308543,0.5972334161045924,0.5981074477177232,extra_trees_weather,406d3df492f9cdba275ecf0e,archived_forecast,2026-02-14 12:00:00+00:00,2026-02-14 18:00:00+00:00,NOAA_GFS_operational_1p00_nearest_3h_linear_uv,2026-02-14 12:00:00+00:00,2026-02-14 18:00:00+00:00,NOAA_GFS_operational_1p00_nearest_3h_linear_uv
2026-02-15 16:00:00+00:00,2026-02-14T18:00:00+00:00,22,0.5834043087454486,0.5575436600273364,0.5704739843863925,extra_trees_weather,406d3df492f9cdba275ecf0e,archived_forecast,2026-02-14 12:00:00+00:00,2026-02-14 18:00:00+00:00,NOAA_GFS_operational_1p00_nearest_3h_linear_uv,2026-02-14 12:00:00+00:00,2026-02-14 18:00:00+00:00,NOAA_GFS_operational_1p00_nearest_3h_linear_uv
2026-02-15 17:00:00+00:00,2026-02-14T18:00:00+00:00,23,0.5360218094854494,0.4896646939471202,0.5128432517162848,extra_trees_weather,406d3df492f9cdba275ecf0e,archived_forecast,2026-02-14 12:00:00+00:00,2026-02-14 18:00:00+00:00,NOAA_GFS_operational_1p00_nearest_3h_linear_uv,2026-02-14 12:00:00+00:00,2026-02-14 18:00:00+00:00,NOAA_GFS_operational_1p00_nearest_3h_linear_uv
2026-02-15 18:00:00+00:00,2026-02-14T18:00:00+00:00,24,0.5001079580373329,0.4572983926095689,0.4787031753234509,extra_trees_weather,406d3df492f9cdba275ecf0e,archived_forecast,2026-02-14 12:00:00+00:00,2026-02-14 18:00:00+00:00,NOAA_GFS_operational_1p00_nearest_3h_linear_uv,2026-02-14 12:00:00+00:00,2026-02-14 18:00:00+00:00,NOAA_GFS_operational_1p00_nearest_3h_linear_uv
2026-02-15 19:00:00+00:00,2026-02-14T18:00:00+00:00,25,0.4890380529655529,0.4513295979088992,0.4701838254372261,extra_trees_weather,406d3df492f9cdba275ecf0e,archived_forecast,2026-02-14 12:00:00+00:00,2026-02-14 18:00:00+00:00,NOAA_GFS_operational_1p00_nearest_3h_linear_uv,2026-02-14 12:00:00+00:00,2026-02-14 18:00:00+00:00,NOAA_GFS_operational_1p00_nearest_3h_linear_uv
2026-02-15 20:00:00+00:00,2026-02-14T18:00:00+00:00,26,0.496626286075036,0.4519893519974033,0.4743078190362196,extra_trees_weather,406d3df492f9cdba275ecf0e,archived_forecast,2026-02-14 12:00:00+00:00,2026-02-14 18:00:00+00:00,NOAA_GFS_operational_1p00_nearest_3h_linear_uv,2026-02-14 12:00:00+00:00,2026-02-14 18:00:00+00:00,NOAA_GFS_operational_1p00_nearest_3h_linear_uv
2026-02-15 21:00:00+00:00,2026-02-14T18:00:00+00:00,27,0.507215336099086,0.4689530953373967,0.4880842157182414,extra_trees_weather,406d3df492f9cdba275ecf0e,archived_forecast,2026-02-14 12:00:00+00:00,2026-02-14 18:00:00+00:00,NOAA_GFS_operational_1p00_nearest_3h_linear_uv,2026-02-14 12:00:00+00:00,2026-02-14 18:00:00+00:00,NOAA_GFS_operational_1p00_nearest_3h_linear_uv
2026-02-15 22:00:00+00:00,2026-02-14T18:00:00+00:00,28,0.4837559119121619,0.4581595169713185,0.4709577144417402,extra_trees_weather,406d3df492f9cdba275ecf0e,archived_forecast,2026-02-14 12:00:00+00:00,2026-02-14 18:00:00+00:00,NOAA_GFS_operational_1p00_nearest_3h_linear_uv,2026-02-14 12:00:00+00:00,2026-02-14 18:00:00+00:00,NOAA_GFS_operational_1p00_nearest_3h_linear_uv
2026-02-15 23:00:00+00:00,2026-02-14T18:00:00+00:00,29,0.4850411419136418,0.4508853786559302,0.467963260284786,extra_trees_weather,406d3df492f9cdba275ecf0e,archived_forecast,2026-02-14 12:00:00+00:00,2026-02-14 18:00:00+00:00,NOAA_GFS_operational_1p00_nearest_3h_linear_uv,2026-02-14 12:00:00+00:00,2026-02-14 18:00:00+00:00,NOAA_GFS_operational_1p00_nearest_3h_linear_uv
2026-02-16 00:00:00+00:00,2026-02-14T18:00:00+00:00,30,0.4545103146159394,0.4056659071552086,0.430088110885574,extra_trees_weather,406d3df492f9cdba275ecf0e,archived_forecast,2026-02-14 12:00:00+00:00,2026-02-14 18:00:00+00:00,NOAA_GFS_operational_1p00_nearest_3h_linear_uv,2026-02-14 12:00:00+00:00,2026-02-14 18:00:00+00:00,NOAA_GFS_operational_1p00_nearest_3h_linear_uv
2026-02-16 01:00:00+00:00,2026-02-14T18:00:00+00:00,31,0.3290744065656566,0.3142276714720463,0.3216510390188515,extra_trees_weather,406d3df492f9cdba275ecf0e,archived_forecast,2026-02-14 12:00:00+00:00,2026-02-14 18:00:00+00:00,NOAA_GFS_operational_1p00_nearest_3h_linear_uv,2026-02-14 12:00:00+00:00,2026-02-14 18:00:00+00:00,NOAA_GFS_operational_1p00_nearest_3h_linear_uv
2026-02-16 02:00:00+00:00,2026-02-14T18:00:00+00:00,32,0.2119881708800459,0.2031713470094719,0.2075797589447589,extra_trees_weather,406d3df492f9cdba275ecf0e,archived_forecast,2026-02-14 12:00:00+00:00,2026-02-14 18:00:00+00:00,NOAA_GFS_operational_1p00_nearest_3h_linear_uv,2026-02-14 12:00:00+00:00,2026-02-14 18:00:00+00:00,NOAA_GFS_operational_1p00_nearest_3h_linear_uv
2026-02-16 03:00:00+00:00,2026-02-14T18:00:00+00:00,33,0.1394702721815221,0.1210813618326117,0.1302758170070669,extra_trees_weather,406d3df492f9cdba275ecf0e,archived_forecast,2026-02-14 12:00:00+00:00,2026-02-14 18:00:00+00:00,NOAA_GFS_operational_1p00_nearest_3h_linear_uv,2026-02-14 12:00:00+00:00,2026-02-14 18:00:00+00:00,NOAA_GFS_operational_1p00_nearest_3h_linear_uv
2026-02-16 04:00:00+00:00,2026-02-14T18:00:00+00:00,34,0.1145221868871868,0.1059375381562881,0.1102298625217375,extra_trees_weather,406d3df492f9cdba275ecf0e,archived_forecast,2026-02-14 12:00:00+00:00,2026-02-14 18:00:00+00:00,NOAA_GFS_operational_1p00_nearest_3h_linear_uv,2026-02-14 12:00:00+00:00,2026-02-14 18:00:00+00:00,NOAA_GFS_operational_1p00_nearest_3h_linear_uv
2026-02-16 05:00:00+00:00,2026-02-14T18:00:00+00:00,35,0.1057379529267029,0.113139233081733,0.109438593004218,extra_trees_weather,406d3df492f9cdba275ecf0e,archived_forecast,2026-02-14 12:00:00+00:00,2026-02-14 18:00:00+00:00,NOAA_GFS_operational_1p00_nearest_3h_linear_uv,2026-02-14 12:00:00+00:00,2026-02-14 18:00:00+00:00,NOAA_GFS_operational_1p00_nearest_3h_linear_uv
2026-02-16 06:00:00+00:00,2026-02-14T18:00:00+00:00,36,0.1152912211862211,0.1229408224183224,0.1191160218022717,extra_trees_weather,406d3df492f9cdba275ecf0e,archived_forecast,2026-02-14 12:00:00+00:00,2026-02-14 18:00:00+00:00,NOAA_GFS_operational_1p00_nearest_3h_linear_uv,2026-02-14 12:00:00+00:00,2026-02-14 18:00:00+00:00,NOAA_GFS_operational_1p00_nearest_3h_linear_uv
2026-02-16 07:00:00+00:00,2026-02-14T18:00:00+00:00,37,0.3875026992683241,0.3366325950438449,0.3620676471560845,extra_trees_weather,406d3df492f9cdba275ecf0e,archived_forecast,2026-02-14 12:00:00+00:00,2026-02-14 18:00:00+00:00,NOAA_GFS_operational_1p00_nearest_3h_linear_uv,2026-02-14 12:00:00+00:00,2026-02-14 18:00:00+00:00,NOAA_GFS_operational_1p00_nearest_3h_linear_uv
2026-02-16 08:00:00+00:00,2026-02-14T18:00:00+00:00,38,0.532203158947534,0.5171714517726282,0.5246873053600811,extra_trees_weather,406d3df492f9cdba275ecf0e,archived_forecast,2026-02-14 12:00:00+00:00,2026-02-14 18:00:00+00:00,NOAA_GFS_operational_1p00_nearest_3h_linear_uv,2026-02-14 12:00:00+00:00,2026-02-14 18:00:00+00:00,NOAA_GFS_operational_1p00_nearest_3h_linear_uv
2026-02-16 09:00:00+00:00,2026-02-14T18:00:00+00:00,39,0.6233512309912311,0.6716466412590679,0.6474989361251495,extra_trees_weather,406d3df492f9cdba275ecf0e,archived_forecast,2026-02-14 12:00:00+00:00,2026-02-14 18:00:00+00:00,NOAA_GFS_operational_1p00_nearest_3h_linear_uv,2026-02-14 12:00:00+00:00,2026-02-14 18:00:00+00:00,NOAA_GFS_operational_1p00_nearest_3h_linear_uv
2026-02-16 10:00:00+00:00,2026-02-14T18:00:00+00:00,40,0.6740446047239796,0.6822359798371563,0.678140292280568,extra_trees_weather,406d3df492f9cdba275ecf0e,archived_forecast,2026-02-14 12:00:00+00:00,2026-02-14 18:00:00+00:00,NOAA_GFS_operational_1p00_nearest_3h_linear_uv,2026-02-14 12:00:00+00:00,2026-02-14 18:00:00+00:00,NOAA_GFS_operational_1p00_nearest_3h_linear_uv
2026-02-16 11:00:00+00:00,2026-02-14T18:00:00+00:00,41,0.69659548500111,0.7039737102086367,0.7002845976048733,extra_trees_weather,406d3df492f9cdba275ecf0e,archived_forecast,2026-02-14 12:00:00+00:00,2026-02-14 18:00:00+00:00,NOAA_GFS_operational_1p00_nearest_3h_linear_uv,2026-02-14 12:00:00+00:00,2026-02-14 18:00:00+00:00,NOAA_GFS_operational_1p00_nearest_3h_linear_uv
2026-02-16 12:00:00+00:00,2026-02-14T18:00:00+00:00,42,0.7124680488261739,0.7259754272416038,0.7192217380338888,extra_trees_weather,406d3df492f9cdba275ecf0e,archived_forecast,2026-02-14 12:00:00+00:00,2026-02-14 18:00:00+00:00,NOAA_GFS_operational_1p00_nearest_3h_linear_uv,2026-02-14 12:00:00+00:00,2026-02-14 18:00:00+00:00,NOAA_GFS_operational_1p00_nearest_3h_linear_uv
2026-02-16 13:00:00+00:00,2026-02-14T18:00:00+00:00,43,0.7865063591963594,0.7930549744074008,0.78978066680188,extra_trees_weather,406d3df492f9cdba275ecf0e,archived_forecast,2026-02-14 12:00:00+00:00,2026-02-14 18:00:00+00:00,NOAA_GFS_operational_1p00_nearest_3h_linear_uv,2026-02-14 12:00:00+00:00,2026-02-14 18:00:00+00:00,NOAA_GFS_operational_1p00_nearest_3h_linear_uv
2026-02-16 14:00:00+00:00,2026-02-14T18:00:00+00:00,44,0.8294568787312903,0.8079416222502989,0.8186992504907946,extra_trees_weather,406d3df492f9cdba275ecf0e,archived_forecast,2026-02-14 12:00:00+00:00,2026-02-14 18:00:00+00:00,NOAA_GFS_operational_1p00_nearest_3h_linear_uv,2026-02-14 12:00:00+00:00,2026-02-14 18:00:00+00:00,NOAA_GFS_operational_1p00_nearest_3h_linear_uv
2026-02-16 15:00:00+00:00,2026-02-14T18:00:00+00:00,45,0.8417702962397077,0.8049691576778341,0.8233697269587709,extra_trees_weather,406d3df492f9cdba275ecf0e,archived_forecast,2026-02-14 12:00:00+00:00,2026-02-14 18:00:00+00:00,NOAA_GFS_operational_1p00_nearest_3h_linear_uv,2026-02-14 12:00:00+00:00,2026-02-14 18:00:00+00:00,NOAA_GFS_operational_1p00_nearest_3h_linear_uv
2026-02-16 16:00:00+00:00,2026-02-14T18:00:00+00:00,46,0.7655290823990825,0.7855028129577393,0.775515947678411,extra_trees_weather,406d3df492f9cdba275ecf0e,archived_forecast,2026-02-14 12:00:00+00:00,2026-02-14 18:00:00+00:00,NOAA_GFS_operational_1p00_nearest_3h_linear_uv,2026-02-14 12:00:00+00:00,2026-02-14 18:00:00+00:00,NOAA_GFS_operational_1p00_nearest_3h_linear_uv
2026-02-16 17:00:00+00:00,2026-02-14T18:00:00+00:00,47,0.7062902921615424,0.7543217597748112,0.7303060259681768,extra_trees_weather,406d3df492f9cdba275ecf0e,archived_forecast,2026-02-14 12:00:00+00:00,2026-02-14 18:00:00+00:00,NOAA_GFS_operational_1p00_nearest_3h_linear_uv,2026-02-14 12:00:00+00:00,2026-02-14 18:00:00+00:00,NOAA_GFS_operational_1p00_nearest_3h_linear_uv
2026-02-16 18:00:00+00:00,2026-02-14T18:00:00+00:00,48,0.6497291042522292,0.693641799711726,0.6716854519819777,extra_trees_weather,406d3df492f9cdba275ecf0e,archived_forecast,2026-02-14 12:00:00+00:00,2026-02-14 18:00:00+00:00,NOAA_GFS_operational_1p00_nearest_3h_linear_uv,2026-02-14 12:00:00+00:00,2026-02-14 18:00:00+00:00,NOAA_GFS_operational_1p00_nearest_3h_linear_uv
2026-02-15 19:00:00+00:00,2026-02-15T18:00:00+00:00,1,0.3047500746013246,0.3127218188061937,0.3087359467037592,extra_trees_weather,7aa2e8cbdf3386a14af80303,archived_forecast,2026-02-15 12:00:00+00:00,2026-02-15 18:00:00+00:00,NOAA_GFS_operational_1p00_nearest_3h_linear_uv,2026-02-15 12:00:00+00:00,2026-02-15 18:00:00+00:00,NOAA_GFS_operational_1p00_nearest_3h_linear_uv
2026-02-15 20:00:00+00:00,2026-02-15T18:00:00+00:00,2,0.3447890268065267,0.3577475043012542,0.3512682655538904,extra_trees_weather,7aa2e8cbdf3386a14af80303,archived_forecast,2026-02-15 12:00:00+00:00,2026-02-15 18:00:00+00:00,NOAA_GFS_operational_1p00_nearest_3h_linear_uv,2026-02-15 12:00:00+00:00,2026-02-15 18:00:00+00:00,NOAA_GFS_operational_1p00_nearest_3h_linear_uv
2026-02-15 21:00:00+00:00,2026-02-15T18:00:00+00:00,3,0.3781224186924187,0.371680728068228,0.3749015733803233,extra_trees_weather,7aa2e8cbdf3386a14af80303,archived_forecast,2026-02-15 12:00:00+00:00,2026-02-15 18:00:00+00:00,NOAA_GFS_operational_1p00_nearest_3h_linear_uv,2026-02-15 12:00:00+00:00,2026-02-15 18:00:00+00:00,NOAA_GFS_operational_1p00_nearest_3h_linear_uv
2026-02-15 22:00:00+00:00,2026-02-15T18:00:00+00:00,4,0.3113046219521219,0.3249835962417211,0.3181441090969215,extra_trees_weather,7aa2e8cbdf3386a14af80303,archived_forecast,2026-02-15 12:00:00+00:00,2026-02-15 18:00:00+00:00,NOAA_GFS_operational_1p00_nearest_3h_linear_uv,2026-02-15 12:00:00+00:00,2026-02-15 18:00:00+00:00,NOAA_GFS_operational_1p00_nearest_3h_linear_uv
2026-02-15 23:00:00+00:00,2026-02-15T18:00:00+00:00,5,0.262286096958597,0.260210314084064,0.2612482055213305,extra_trees_weather,7aa2e8cbdf3386a14af80303,archived_forecast,2026-02-15 12:00:00+00:00,2026-02-15 18:00:00+00:00,NOAA_GFS_operational_1p00_nearest_3h_linear_uv,2026-02-15 12:00:00+00:00,2026-02-15 18:00:00+00:00,NOAA_GFS_operational_1p00_nearest_3h_linear_uv
2026-02-16 00:00:00+00:00,2026-02-15T18:00:00+00:00,6,0.2364808578458578,0.2079678954378954,0.2222243766418766,extra_trees_weather,7aa2e8cbdf3386a14af80303,archived_forecast,2026-02-15 12:00:00+00:00,2026-02-15 18:00:00+00:00,NOAA_GFS_operational_1p00_nearest_3h_linear_uv,2026-02-15 12:00:00+00:00,2026-02-15 18:00:00+00:00,NOAA_GFS_operational_1p00_nearest_3h_linear_uv
2026-02-16 01:00:00+00:00,2026-02-15T18:00:00+00:00,7,0.18433136997262,0.1971014765789766,0.1907164232757983,extra_trees_weather,7aa2e8cbdf3386a14af80303,archived_forecast,2026-02-15 12:00:00+00:00,2026-02-15 18:00:00+00:00,NOAA_GFS_operational_1p00_nearest_3h_linear_uv,2026-02-15 12:00:00+00:00,2026-02-15 18:00:00+00:00,NOAA_GFS_operational_1p00_nearest_3h_linear_uv
2026-02-16 02:00:00+00:00,2026-02-15T18:00:00+00:00,8,0.1491896183908684,0.1497336553261552,0.1494616368585118,extra_trees_weather,7aa2e8cbdf3386a14af80303,archived_forecast,2026-02-15 12:00:00+00:00,2026-02-15 18:00:00+00:00,NOAA_GFS_operational_1p00_nearest_3h_linear_uv,2026-02-15 12:00:00+00:00,2026-02-15 18:00:00+00:00,NOAA_GFS_operational_1p00_nearest_3h_linear_uv
2026-02-16 03:00:00+00:00,2026-02-15T18:00:00+00:00,9,0.1312531833906834,0.123826507057757,0.1275398452242202,extra_trees_weather,7aa2e8cbdf3386a14af80303,archived_forecast,2026-02-15 12:00:00+00:00,2026-02-15 18:00:00+00:00,NOAA_GFS_operational_1p00_nearest_3h_linear_uv,2026-02-15 12:00:00+00:00,2026-02-15 18:00:00+00:00,NOAA_GFS_operational_1p00_nearest_3h_linear_uv
2026-02-16 04:00:00+00:00,2026-02-15T18:00:00+00:00,10,0.0976883865208865,0.1027144785307285,0.1002014325258075,extra_trees_weather,7aa2e8cbdf3386a14af80303,archived_forecast,2026-02-15 12:00:00+00:00,2026-02-15 18:00:00+00:00,NOAA_GFS_operational_1p00_nearest_3h_linear_uv,2026-02-15 12:00:00+00:00,2026-02-15 18:00:00+00:00,NOAA_GFS_operational_1p00_nearest_3h_linear_uv
2026-02-16 05:00:00+00:00,2026-02-15T18:00:00+00:00,11,0.0958746407527657,0.0972998224923224,0.0965872316225441,extra_trees_weather,7aa2e8cbdf3386a14af80303,archived_forecast,2026-02-15 12:00:00+00:00,2026-02-15 18:00:00+00:00,NOAA_GFS_operational_1p00_nearest_3h_linear_uv,2026-02-15 12:00:00+00:00,2026-02-15 18:00:00+00:00,NOAA_GFS_operational_1p00_nearest_3h_linear_uv
2026-02-16 06:00:00+00:00,2026-02-15T18:00:00+00:00,12,0.0949463433557183,0.0962110592648092,0.0955787013102638,extra_trees_weather,7aa2e8cbdf3386a14af80303,archived_forecast,2026-02-15 12:00:00+00:00,2026-02-15 18:00:00+00:00,NOAA_GFS_operational_1p00_nearest_3h_linear_uv,2026-02-15 12:00:00+00:00,2026-02-15 18:00:00+00:00,NOAA_GFS_operational_1p00_nearest_3h_linear_uv
2026-02-16 07:00:00+00:00,2026-02-15T18:00:00+00:00,13,0.0912640852897102,0.0964898345404595,0.0938769599150849,extra_trees_weather,7aa2e8cbdf3386a14af80303,archived_forecast,2026-02-15 12:00:00+00:00,2026-02-15 18:00:00+00:00,NOAA_GFS_operational_1p00_nearest_3h_linear_uv,2026-02-15 12:00:00+00:00,2026-02-15 18:00:00+00:00,NOAA_GFS_operational_1p00_nearest_3h_linear_uv
2026-02-16 08:00:00+00:00,2026-02-15T18:00:00+00:00,14,0.1009422778147778,0.1030265645003145,0.1019844211575461,extra_trees_weather,7aa2e8cbdf3386a14af80303,archived_forecast,2026-02-15 12:00:00+00:00,2026-02-15 18:00:00+00:00,NOAA_GFS_operational_1p00_nearest_3h_linear_uv,2026-02-15 12:00:00+00:00,2026-02-15 18:00:00+00:00,NOAA_GFS_operational_1p00_nearest_3h_linear_uv
2026-02-16 09:00:00+00:00,2026-02-15T18:00:00+00:00,15,0.2743833388602138,0.3145348743386243,0.2944591065994191,extra_trees_weather,7aa2e8cbdf3386a14af80303,archived_forecast,2026-02-15 12:00:00+00:00,2026-02-15 18:00:00+00:00,NOAA_GFS_operational_1p00_nearest_3h_linear_uv,2026-02-15 12:00:00+00:00,2026-02-15 18:00:00+00:00,NOAA_GFS_operational_1p00_nearest_3h_linear_uv
2026-02-16 10:00:00+00:00,2026-02-15T18:00:00+00:00,16,0.4967043188742086,0.4813725597387358,0.4890384393064722,extra_trees_weather,7aa2e8cbdf3386a14af80303,archived_forecast,2026-02-15 12:00:00+00:00,2026-02-15 18:00:00+00:00,NOAA_GFS_operational_1p00_nearest_3h_linear_uv,2026-02-15 12:00:00+00:00,2026-02-15 18:00:00+00:00,NOAA_GFS_operational_1p00_nearest_3h_linear_uv
2026-02-16 11:00:00+00:00,2026-02-15T18:00:00+00:00,17,0.6015224775456024,0.6035764249013511,0.6025494512234768,extra_trees_weather,7aa2e8cbdf3386a14af80303,archived_forecast,2026-02-15 12:00:00+00:00,2026-02-15 18:00:00+00:00,NOAA_GFS_operational_1p00_nearest_3h_linear_uv,2026-02-15 12:00:00+00:00,2026-02-15 18:00:00+00:00,NOAA_GFS_operational_1p00_nearest_3h_linear_uv
2026-02-16 12:00:00+00:00,2026-02-15T18:00:00+00:00,18,0.6730798332454582,0.7031798284191298,0.688129830832294,extra_trees_weather,7aa2e8cbdf3386a14af80303,archived_forecast,2026-02-15 12:00:00+00:00,2026-02-15 18:00:00+00:00,NOAA_GFS_operational_1p00_nearest_3h_linear_uv,2026-02-15 12:00:00+00:00,2026-02-15 18:00:00+00:00,NOAA_GFS_operational_1p00_nearest_3h_linear_uv
2026-02-16 13:00:00+00:00,2026-02-15T18:00:00+00:00,19,0.6816278100603101,0.7197687470930483,0.7006982785766793,extra_trees_weather,7aa2e8cbdf3386a14af80303,archived_forecast,2026-02-15 12:00:00+00:00,2026-02-15 18:00:00+00:00,NOAA_GFS_operational_1p00_nearest_3h_linear_uv,2026-02-15 12:00:00+00:00,2026-02-15 18:00:00+00:00,NOAA_GFS_operational_1p00_nearest_3h_linear_uv
2026-02-16 14:00:00+00:00,2026-02-15T18:00:00+00:00,20,0.6688067175648424,0.6769156116174126,0.6728611645911275,extra_trees_weather,7aa2e8cbdf3386a14af80303,archived_forecast,2026-02-15 12:00:00+00:00,2026-02-15 18:00:00+00:00,NOAA_GFS_operational_1p00_nearest_3h_linear_uv,2026-02-15 12:00:00+00:00,2026-02-15 18:00:00+00:00,NOAA_GFS_operational_1p00_nearest_3h_linear_uv
2026-02-16 15:00:00+00:00,2026-02-15T18:00:00+00:00,21,0.6220122716635215,0.6569651247894259,0.6394886982264738,extra_trees_weather,7aa2e8cbdf3386a14af80303,archived_forecast,2026-02-15 12:00:00+00:00,2026-02-15 18:00:00+00:00,NOAA_GFS_operational_1p00_nearest_3h_linear_uv,2026-02-15 12:00:00+00:00,2026-02-15 18:00:00+00:00,NOAA_GFS_operational_1p00_nearest_3h_linear_uv
2026-02-16 16:00:00+00:00,2026-02-15T18:00:00+00:00,22,0.6544027155252156,0.6648154980735492,0.6596091067993824,extra_trees_weather,7aa2e8cbdf3386a14af80303,archived_forecast,2026-02-15 12:00:00+00:00,2026-02-15 18:00:00+00:00,NOAA_GFS_operational_1p00_nearest_3h_linear_uv,2026-02-15 12:00:00+00:00,2026-02-15 18:00:00+00:00,NOAA_GFS_operational_1p00_nearest_3h_linear_uv
2026-02-16 17:00:00+00:00,2026-02-15T18:00:00+00:00,23,0.6570431961325712,0.6721986639354652,0.6646209300340182,extra_trees_weather,7aa2e8cbdf3386a14af80303,archived_forecast,2026-02-15 12:00:00+00:00,2026-02-15 18:00:00+00:00,NOAA_GFS_operational_1p00_nearest_3h_linear_uv,2026-02-15 12:00:00+00:00,2026-02-15 18:00:00+00:00,NOAA_GFS_operational_1p00_nearest_3h_linear_uv
2026-02-16 18:00:00+00:00,2026-02-15T18:00:00+00:00,24,0.6477779076710327,0.6922160962485225,0.6699970019597776,extra_trees_weather,7aa2e8cbdf3386a14af80303,archived_forecast,2026-02-15 12:00:00+00:00,2026-02-15 18:00:00+00:00,NOAA_GFS_operational_1p00_nearest_3h_linear_uv,2026-02-15 12:00:00+00:00,2026-02-15 18:00:00+00:00,NOAA_GFS_operational_1p00_nearest_3h_linear_uv
2026-02-16 19:00:00+00:00,2026-02-15T18:00:00+00:00,25,0.6228390045602546,0.6297977218682733,0.626318363214264,extra_trees_weather,7aa2e8cbdf3386a14af80303,archived_forecast,2026-02-15 12:00:00+00:00,2026-02-15 18:00:00+00:00,NOAA_GFS_operational_1p00_nearest_3h_linear_uv,2026-02-15 12:00:00+00:00,2026-02-15 18:00:00+00:00,NOAA_GFS_operational_1p00_nearest_3h_linear_uv
2026-02-16 20:00:00+00:00,2026-02-15T18:00:00+00:00,26,0.5746811576386577,0.5648173053634818,0.5697492315010699,extra_trees_weather,7aa2e8cbdf3386a14af80303,archived_forecast,2026-02-15 12:00:00+00:00,2026-02-15 18:00:00+00:00,NOAA_GFS_operational_1p00_nearest_3h_linear_uv,2026-02-15 12:00:00+00:00,2026-02-15 18:00:00+00:00,NOAA_GFS_operational_1p00_nearest_3h_linear_uv
2026-02-16 21:00:00+00:00,2026-02-15T18:00:00+00:00,27,0.558642873006623,0.5397523663904179,0.5491976196985204,extra_trees_weather,7aa2e8cbdf3386a14af80303,archived_forecast,2026-02-15 12:00:00+00:00,2026-02-15 18:00:00+00:00,NOAA_GFS_operational_1p00_nearest_3h_linear_uv,2026-02-15 12:00:00+00:00,2026-02-15 18:00:00+00:00,NOAA_GFS_operational_1p00_nearest_3h_linear_uv
2026-02-16 22:00:00+00:00,2026-02-15T18:00:00+00:00,28,0.5317719540644539,0.5022439066557081,0.517007930360081,extra_trees_weather,7aa2e8cbdf3386a14af80303,archived_forecast,2026-02-15 12:00:00+00:00,2026-02-15 18:00:00+00:00,NOAA_GFS_operational_1p00_nearest_3h_linear_uv,2026-02-15 12:00:00+00:00,2026-02-15 18:00:00+00:00,NOAA_GFS_operational_1p00_nearest_3h_linear_uv
2026-02-16 23:00:00+00:00,2026-02-15T18:00:00+00:00,29,0.4945760781810781,0.4234588335343849,0.4590174558577315,extra_trees_weather,7aa2e8cbdf3386a14af80303,archived_forecast,2026-02-15 12:00:00+00:00,2026-02-15 18:00:00+00:00,NOAA_GFS_operational_1p00_nearest_3h_linear_uv,2026-02-15 12:00:00+00:00,2026-02-15 18:00:00+00:00,NOAA_GFS_operational_1p00_nearest_3h_linear_uv
2026-02-17 00:00:00+00:00,2026-02-15T18:00:00+00:00,30,0.4141818885975133,0.3949993621724135,0.4045906253849634,extra_trees_weather,7aa2e8cbdf3386a14af80303,archived_forecast,2026-02-15 12:00:00+00:00,2026-02-15 18:00:00+00:00,NOAA_GFS_operational_1p00_nearest_3h_linear_uv,2026-02-15 12:00:00+00:00,2026-02-15 18:00:00+00:00,NOAA_GFS_operational_1p00_nearest_3h_linear_uv
2026-02-17 01:00:00+00:00,2026-02-15T18:00:00+00:00,31,0.2877853265947015,0.2803144907638656,0.2840499086792835,extra_trees_weather,7aa2e8cbdf3386a14af80303,archived_forecast,2026-02-15 12:00:00+00:00,2026-02-15 18:00:00+00:00,NOAA_GFS_operational_1p00_nearest_3h_linear_uv,2026-02-15 12:00:00+00:00,2026-02-15 18:00:00+00:00,NOAA_GFS_operational_1p00_nearest_3h_linear_uv
2026-02-17 02:00:00+00:00,2026-02-15T18:00:00+00:00,32,0.2057551972333223,0.2037052847384096,0.2047302409858659,extra_trees_weather,7aa2e8cbdf3386a14af80303,archived_forecast,2026-02-15 12:00:00+00:00,2026-02-15 18:00:00+00:00,NOAA_GFS_operational_1p00_nearest_3h_linear_uv,2026-02-15 12:00:00+00:00,2026-02-15 18:00:00+00:00,NOAA_GFS_operational_1p00_nearest_3h_linear_uv
2026-02-17 03:00:00+00:00,2026-02-15T18:00:00+00:00,33,0.1381744362581862,0.1256173214285714,0.1318958788433788,extra_trees_weather,7aa2e8cbdf3386a14af80303,archived_forecast,2026-02-15 12:00:00+00:00,2026-02-15 18:00:00+00:00,NOAA_GFS_operational_1p00_nearest_3h_linear_uv,2026-02-15 12:00:00+00:00,2026-02-15 18:00:00+00:00,NOAA_GFS_operational_1p00_nearest_3h_linear_uv
2026-02-17 04:00:00+00:00,2026-02-15T18:00:00+00:00,34,0.0992787395474895,0.0966573746161246,0.097968057081807,extra_trees_weather,7aa2e8cbdf3386a14af80303,archived_forecast,2026-02-15 12:00:00+00:00,2026-02-15 18:00:00+00:00,NOAA_GFS_operational_1p00_nearest_3h_linear_uv,2026-02-15 12:00:00+00:00,2026-02-15 18:00:00+00:00,NOAA_GFS_operational_1p00_nearest_3h_linear_uv
2026-02-17 05:00:00+00:00,2026-02-15T18:00:00+00:00,35,0.1018034149184149,0.0959134742109742,0.0988584445646945,extra_trees_weather,7aa2e8cbdf3386a14af80303,archived_forecast,2026-02-15 12:00:00+00:00,2026-02-15 18:00:00+00:00,NOAA_GFS_operational_1p00_nearest_3h_linear_uv,2026-02-15 12:00:00+00:00,2026-02-15 18:00:00+00:00,NOAA_GFS_operational_1p00_nearest_3h_linear_uv
2026-02-17 06:00:00+00:00,2026-02-15T18:00:00+00:00,36,0.1541669395419395,0.138147741008991,0.1461573402754652,extra_trees_weather,7aa2e8cbdf3386a14af80303,archived_forecast,2026-02-15 12:00:00+00:00,2026-02-15 18:00:00+00:00,NOAA_GFS_operational_1p00_nearest_3h_linear_uv,2026-02-15 12:00:00+00:00,2026-02-15 18:00:00+00:00,NOAA_GFS_operational_1p00_nearest_3h_linear_uv
2026-02-17 07:00:00+00:00,2026-02-15T18:00:00+00:00,37,0.2029825836663336,0.1777107936507935,0.1903466886585636,extra_trees_weather,7aa2e8cbdf3386a14af80303,archived_forecast,2026-02-15 12:00:00+00:00,2026-02-15 18:00:00+00:00,NOAA_GFS_operational_1p00_nearest_3h_linear_uv,2026-02-15 12:00:00+00:00,2026-02-15 18:00:00+00:00,NOAA_GFS_operational_1p00_nearest_3h_linear_uv
2026-02-17 08:00:00+00:00,2026-02-15T18:00:00+00:00,38,0.2532454539210789,0.2624723230010729,0.2578588884610759,extra_trees_weather,7aa2e8cbdf3386a14af80303,archived_forecast,2026-02-15 12:00:00+00:00,2026-02-15 18:00:00+00:00,NOAA_GFS_operational_1p00_nearest_3h_linear_uv,2026-02-15 12:00:00+00:00,2026-02-15 18:00:00+00:00,NOAA_GFS_operational_1p00_nearest_3h_linear_uv
2026-02-17 09:00:00+00:00,2026-02-15T18:00:00+00:00,39,0.3660380216297863,0.3720117930217931,0.3690249073257897,extra_trees_weather,7aa2e8cbdf3386a14af80303,archived_forecast,2026-02-15 12:00:00+00:00,2026-02-15 18:00:00+00:00,NOAA_GFS_operational_1p00_nearest_3h_linear_uv,2026-02-15 12:00:00+00:00,2026-02-15 18:00:00+00:00,NOAA_GFS_operational_1p00_nearest_3h_linear_uv
2026-02-17 10:00:00+00:00,2026-02-15T18:00:00+00:00,40,0.3926444556124703,0.420982834156584,0.4068136448845271,extra_trees_weather,7aa2e8cbdf3386a14af80303,archived_forecast,2026-02-15 12:00:00+00:00,2026-02-15 18:00:00+00:00,NOAA_GFS_operational_1p00_nearest_3h_linear_uv,2026-02-15 12:00:00+00:00,2026-02-15 18:00:00+00:00,NOAA_GFS_operational_1p00_nearest_3h_linear_uv
2026-02-17 11:00:00+00:00,2026-02-15T18:00:00+00:00,41,0.4159645423775569,0.4534574825174824,0.4347110124475197,extra_trees_weather,7aa2e8cbdf3386a14af80303,archived_forecast,2026-02-15 12:00:00+00:00,2026-02-15 18:00:00+00:00,NOAA_GFS_operational_1p00_nearest_3h_linear_uv,2026-02-15 12:00:00+00:00,2026-02-15 18:00:00+00:00,NOAA_GFS_operational_1p00_nearest_3h_linear_uv
2026-02-17 12:00:00+00:00,2026-02-15T18:00:00+00:00,42,0.4582395532694429,0.5084018792318789,0.4833207162506609,extra_trees_weather,7aa2e8cbdf3386a14af80303,archived_forecast,2026-02-15 12:00:00+00:00,2026-02-15 18:00:00+00:00,NOAA_GFS_operational_1p00_nearest_3h_linear_uv,2026-02-15 12:00:00+00:00,2026-02-15 18:00:00+00:00,NOAA_GFS_operational_1p00_nearest_3h_linear_uv
2026-02-17 13:00:00+00:00,2026-02-15T18:00:00+00:00,43,0.4990494460618356,0.5316099301923563,0.515329688127096,extra_trees_weather,7aa2e8cbdf3386a14af80303,archived_forecast,2026-02-15 12:00:00+00:00,2026-02-15 18:00:00+00:00,NOAA_GFS_operational_1p00_nearest_3h_linear_uv,2026-02-15 12:00:00+00:00,2026-02-15 18:00:00+00:00,NOAA_GFS_operational_1p00_nearest_3h_linear_uv
2026-02-17 14:00:00+00:00,2026-02-15T18:00:00+00:00,44,0.5598030408929304,0.5641002368764132,0.5619516388846718,extra_trees_weather,7aa2e8cbdf3386a14af80303,archived_forecast,2026-02-15 12:00:00+00:00,2026-02-15 18:00:00+00:00,NOAA_GFS_operational_1p00_nearest_3h_linear_uv,2026-02-15 12:00:00+00:00,2026-02-15 18:00:00+00:00,NOAA_GFS_operational_1p00_nearest_3h_linear_uv
2026-02-17 15:00:00+00:00,2026-02-15T18:00:00+00:00,45,0.6142385563048062,0.6310372109671373,0.6226378836359718,extra_trees_weather,7aa2e8cbdf3386a14af80303,archived_forecast,2026-02-15 12:00:00+00:00,2026-02-15 18:00:00+00:00,NOAA_GFS_operational_1p00_nearest_3h_linear_uv,2026-02-15 12:00:00+00:00,2026-02-15 18:00:00+00:00,NOAA_GFS_operational_1p00_nearest_3h_linear_uv
2026-02-17 16:00:00+00:00,2026-02-15T18:00:00+00:00,46,0.6128339266751767,0.6178034871909136,0.6153187069330452,extra_trees_weather,7aa2e8cbdf3386a14af80303,archived_forecast,2026-02-15 12:00:00+00:00,2026-02-15 18:00:00+00:00,NOAA_GFS_operational_1p00_nearest_3h_linear_uv,2026-02-15 12:00:00+00:00,2026-02-15 18:00:00+00:00,NOAA_GFS_operational_1p00_nearest_3h_linear_uv
2026-02-17 17:00:00+00:00,2026-02-15T18:00:00+00:00,47,0.5791707640725288,0.5455209823809087,0.5623458732267188,extra_trees_weather,7aa2e8cbdf3386a14af80303,archived_forecast,2026-02-15 12:00:00+00:00,2026-02-15 18:00:00+00:00,NOAA_GFS_operational_1p00_nearest_3h_linear_uv,2026-02-15 12:00:00+00:00,2026-02-15 18:00:00+00:00,NOAA_GFS_operational_1p00_nearest_3h_linear_uv
2026-02-17 18:00:00+00:00,2026-02-15T18:00:00+00:00,48,0.559549163012913,0.5087665992640255,0.5341578811384692,extra_trees_weather,7aa2e8cbdf3386a14af80303,archived_forecast,2026-02-15 12:00:00+00:00,2026-02-15 18:00:00+00:00,NOAA_GFS_operational_1p00_nearest_3h_linear_uv,2026-02-15 12:00:00+00:00,2026-02-15 18:00:00+00:00,NOAA_GFS_operational_1p00_nearest_3h_linear_uv
2026-02-16 19:00:00+00:00,2026-02-16T18:00:00+00:00,1,0.3502360765623264,0.370905322015947,0.3605706992891367,extra_trees_weather,1c329e2f445ff7f4a25c672e,archived_forecast,2026-02-16 12:00:00+00:00,2026-02-16 18:00:00+00:00,NOAA_GFS_operational_1p00_nearest_3h_linear_uv,2026-02-16 12:00:00+00:00,2026-02-16 18:00:00+00:00,NOAA_GFS_operational_1p00_nearest_3h_linear_uv
2026-02-16 20:00:00+00:00,2026-02-16T18:00:00+00:00,2,0.2887530519249269,0.2909610853267102,0.2898570686258186,extra_trees_weather,1c329e2f445ff7f4a25c672e,archived_forecast,2026-02-16 12:00:00+00:00,2026-02-16 18:00:00+00:00,NOAA_GFS_operational_1p00_nearest_3h_linear_uv,2026-02-16 12:00:00+00:00,2026-02-16 18:00:00+00:00,NOAA_GFS_operational_1p00_nearest_3h_linear_uv
2026-02-16 21:00:00+00:00,2026-02-16T18:00:00+00:00,3,0.2441846271321271,0.2459439347458096,0.2450642809389684,extra_trees_weather,1c329e2f445ff7f4a25c672e,archived_forecast,2026-02-16 12:00:00+00:00,2026-02-16 18:00:00+00:00,NOAA_GFS_operational_1p00_nearest_3h_linear_uv,2026-02-16 12:00:00+00:00,2026-02-16 18:00:00+00:00,NOAA_GFS_operational_1p00_nearest_3h_linear_uv
2026-02-16 22:00:00+00:00,2026-02-16T18:00:00+00:00,4,0.2010243007918007,0.225286872109372,0.2131555864505863,extra_trees_weather,1c329e2f445ff7f4a25c672e,archived_forecast,2026-02-16 12:00:00+00:00,2026-02-16 18:00:00+00:00,NOAA_GFS_operational_1p00_nearest_3h_linear_uv,2026-02-16 12:00:00+00:00,2026-02-16 18:00:00+00:00,NOAA_GFS_operational_1p00_nearest_3h_linear_uv
2026-02-16 23:00:00+00:00,2026-02-16T18:00:00+00:00,5,0.1934928382728382,0.1987413952713952,0.1961171167721167,extra_trees_weather,1c329e2f445ff7f4a25c672e,archived_forecast,2026-02-16 12:00:00+00:00,2026-02-16 18:00:00+00:00,NOAA_GFS_operational_1p00_nearest_3h_linear_uv,2026-02-16 12:00:00+00:00,2026-02-16 18:00:00+00:00,NOAA_GFS_operational_1p00_nearest_3h_linear_uv
2026-02-17 00:00:00+00:00,2026-02-16T18:00:00+00:00,6,0.1936274545130794,0.1986825742313242,0.1961550143722018,extra_trees_weather,1c329e2f445ff7f4a25c672e,archived_forecast,2026-02-16 12:00:00+00:00,2026-02-16 18:00:00+00:00,NOAA_GFS_operational_1p00_nearest_3h_linear_uv,2026-02-16 12:00:00+00:00,2026-02-16 18:00:00+00:00,NOAA_GFS_operational_1p00_nearest_3h_linear_uv
2026-02-17 01:00:00+00:00,2026-02-16T18:00:00+00:00,7,0.1811743417693417,0.1879761675361675,0.1845752546527546,extra_trees_weather,1c329e2f445ff7f4a25c672e,archived_forecast,2026-02-16 12:00:00+00:00,2026-02-16 18:00:00+00:00,NOAA_GFS_operational_1p00_nearest_3h_linear_uv,2026-02-16 12:00:00+00:00,2026-02-16 18:00:00+00:00,NOAA_GFS_operational_1p00_nearest_3h_linear_uv
2026-02-17 02:00:00+00:00,2026-02-16T18:00:00+00:00,8,0.1442151461038961,0.1464209411421911,0.1453180436230436,extra_trees_weather,1c329e2f445ff7f4a25c672e,archived_forecast,2026-02-16 12:00:00+00:00,2026-02-16 18:00:00+00:00,NOAA_GFS_operational_1p00_nearest_3h_linear_uv,2026-02-16 12:00:00+00:00,2026-02-16 18:00:00+00:00,NOAA_GFS_operational_1p00_nearest_3h_linear_uv
2026-02-17 03:00:00+00:00,2026-02-16T18:00:00+00:00,9,0.1235469201169201,0.1194103206515706,0.1214786203842453,extra_trees_weather,1c329e2f445ff7f4a25c672e,archived_forecast,2026-02-16 12:00:00+00:00,2026-02-16 18:00:00+00:00,NOAA_GFS_operational_1p00_nearest_3h_linear_uv,2026-02-16 12:00:00+00:00,2026-02-16 18:00:00+00:00,NOAA_GFS_operational_1p00_nearest_3h_linear_uv
2026-02-17 04:00:00+00:00,2026-02-16T18:00:00+00:00,10,0.0983868327043327,0.1022482921245421,0.1003175624144374,extra_trees_weather,1c329e2f445ff7f4a25c672e,archived_forecast,2026-02-16 12:00:00+00:00,2026-02-16 18:00:00+00:00,NOAA_GFS_operational_1p00_nearest_3h_linear_uv,2026-02-16 12:00:00+00:00,2026-02-16 18:00:00+00:00,NOAA_GFS_operational_1p00_nearest_3h_linear_uv
2026-02-17 05:00:00+00:00,2026-02-16T18:00:00+00:00,11,0.095138996027121,0.096833636086136,0.0959863160566285,extra_trees_weather,1c329e2f445ff7f4a25c672e,archived_forecast,2026-02-16 12:00:00+00:00,2026-02-16 18:00:00+00:00,NOAA_GFS_operational_1p00_nearest_3h_linear_uv,2026-02-16 12:00:00+00:00,2026-02-16 18:00:00+00:00,NOAA_GFS_operational_1p00_nearest_3h_linear_uv
2026-02-17 06:00:00+00:00,2026-02-16T18:00:00+00:00,12,0.0857038056619306,0.0889520109057609,0.0873279082838457,extra_trees_weather,1c329e2f445ff7f4a25c672e,archived_forecast,2026-02-16 12:00:00+00:00,2026-02-16 18:00:00+00:00,NOAA_GFS_operational_1p00_nearest_3h_linear_uv,2026-02-16 12:00:00+00:00,2026-02-16 18:00:00+00:00,NOAA_GFS_operational_1p00_nearest_3h_linear_uv
2026-02-17 07:00:00+00:00,2026-02-16T18:00:00+00:00,13,0.0833817382848632,0.0862289429089429,0.084805340596903,extra_trees_weather,1c329e2f445ff7f4a25c672e,archived_forecast,2026-02-16 12:00:00+00:00,2026-02-16 18:00:00+00:00,NOAA_GFS_operational_1p00_nearest_3h_linear_uv,2026-02-16 12:00:00+00:00,2026-02-16 18:00:00+00:00,NOAA_GFS_operational_1p00_nearest_3h_linear_uv
2026-02-17 08:00:00+00:00,2026-02-16T18:00:00+00:00,14,0.1159998297073296,0.1129513912938913,0.1144756105006105,extra_trees_weather,1c329e2f445ff7f4a25c672e,archived_forecast,2026-02-16 12:00:00+00:00,2026-02-16 18:00:00+00:00,NOAA_GFS_operational_1p00_nearest_3h_linear_uv,2026-02-16 12:00:00+00:00,2026-02-16 18:00:00+00:00,NOAA_GFS_operational_1p00_nearest_3h_linear_uv
2026-02-17 09:00:00+00:00,2026-02-16T18:00:00+00:00,15,0.2591139607383357,0.2855686913549414,0.2723413260466386,extra_trees_weather,1c329e2f445ff7f4a25c672e,archived_forecast,2026-02-16 12:00:00+00:00,2026-02-16 18:00:00+00:00,NOAA_GFS_operational_1p00_nearest_3h_linear_uv,2026-02-16 12:00:00+00:00,2026-02-16 18:00:00+00:00,NOAA_GFS_operational_1p00_nearest_3h_linear_uv
2026-02-17 10:00:00+00:00,2026-02-16T18:00:00+00:00,16,0.5324073420084817,0.4788345196769458,0.5056209308427136,extra_trees_weather,1c329e2f445ff7f4a25c672e,archived_forecast,2026-02-16 12:00:00+00:00,2026-02-16 18:00:00+00:00,NOAA_GFS_operational_1p00_nearest_3h_linear_uv,2026-02-16 12:00:00+00:00,2026-02-16 18:00:00+00:00,NOAA_GFS_operational_1p00_nearest_3h_linear_uv
2026-02-17 11:00:00+00:00,2026-02-16T18:00:00+00:00,17,0.6317988395632143,0.6450848769816783,0.6384418582724463,extra_trees_weather,1c329e2f445ff7f4a25c672e,archived_forecast,2026-02-16 12:00:00+00:00,2026-02-16 18:00:00+00:00,NOAA_GFS_operational_1p00_nearest_3h_linear_uv,2026-02-16 12:00:00+00:00,2026-02-16 18:00:00+00:00,NOAA_GFS_operational_1p00_nearest_3h_linear_uv
2026-02-17 12:00:00+00:00,2026-02-16T18:00:00+00:00,18,0.6838268358262107,0.731138932532609,0.7074828841794099,extra_trees_weather,1c329e2f445ff7f4a25c672e,archived_forecast,2026-02-16 12:00:00+00:00,2026-02-16 18:00:00+00:00,NOAA_GFS_operational_1p00_nearest_3h_linear_uv,2026-02-16 12:00:00+00:00,2026-02-16 18:00:00+00:00,NOAA_GFS_operational_1p00_nearest_3h_linear_uv
2026-02-17 13:00:00+00:00,2026-02-16T18:00:00+00:00,19,0.7014243462324714,0.742112088450765,0.7217682173416182,extra_trees_weather,1c329e2f445ff7f4a25c672e,archived_forecast,2026-02-16 12:00:00+00:00,2026-02-16 18:00:00+00:00,NOAA_GFS_operational_1p00_nearest_3h_linear_uv,2026-02-16 12:00:00+00:00,2026-02-16 18:00:00+00:00,NOAA_GFS_operational_1p00_nearest_3h_linear_uv
2026-02-17 14:00:00+00:00,2026-02-16T18:00:00+00:00,20,0.7116259237752988,0.7729324037373304,0.7422791637563146,extra_trees_weather,1c329e2f445ff7f4a25c672e,archived_forecast,2026-02-16 12:00:00+00:00,2026-02-16 18:00:00+00:00,NOAA_GFS_operational_1p00_nearest_3h_linear_uv,2026-02-16 12:00:00+00:00,2026-02-16 18:00:00+00:00,NOAA_GFS_operational_1p00_nearest_3h_linear_uv
2026-02-17 15:00:00+00:00,2026-02-16T18:00:00+00:00,21,0.7119745033207535,0.7725047702596968,0.7422396367902252,extra_trees_weather,1c329e2f445ff7f4a25c672e,archived_forecast,2026-02-16 12:00:00+00:00,2026-02-16 18:00:00+00:00,NOAA_GFS_operational_1p00_nearest_3h_linear_uv,2026-02-16 12:00:00+00:00,2026-02-16 18:00:00+00:00,NOAA_GFS_operational_1p00_nearest_3h_linear_uv
2026-02-17 16:00:00+00:00,2026-02-16T18:00:00+00:00,22,0.7202173652736155,0.7633345251807018,0.7417759452271587,extra_trees_weather,1c329e2f445ff7f4a25c672e,archived_forecast,2026-02-16 12:00:00+00:00,2026-02-16 18:00:00+00:00,NOAA_GFS_operational_1p00_nearest_3h_linear_uv,2026-02-16 12:00:00+00:00,2026-02-16 18:00:00+00:00,NOAA_GFS_operational_1p00_nearest_3h_linear_uv
2026-02-17 17:00:00+00:00,2026-02-16T18:00:00+00:00,23,0.7164537096699598,0.7495745156531923,0.7330141126615761,extra_trees_weather,1c329e2f445ff7f4a25c672e,archived_forecast,2026-02-16 12:00:00+00:00,2026-02-16 18:00:00+00:00,NOAA_GFS_operational_1p00_nearest_3h_linear_uv,2026-02-16 12:00:00+00:00,2026-02-16 18:00:00+00:00,NOAA_GFS_operational_1p00_nearest_3h_linear_uv
2026-02-17 18:00:00+00:00,2026-02-16T18:00:00+00:00,24,0.7039151658989159,0.7297933792895559,0.716854272594236,extra_trees_weather,1c329e2f445ff7f4a25c672e,archived_forecast,2026-02-16 12:00:00+00:00,2026-02-16 18:00:00+00:00,NOAA_GFS_operational_1p00_nearest_3h_linear_uv,2026-02-16 12:00:00+00:00,2026-02-16 18:00:00+00:00,NOAA_GFS_operational_1p00_nearest_3h_linear_uv
2026-02-17 19:00:00+00:00,2026-02-16T18:00:00+00:00,25,0.6330153655141156,0.6559822221133988,0.6444987938137571,extra_trees_weather,1c329e2f445ff7f4a25c672e,archived_forecast,2026-02-16 12:00:00+00:00,2026-02-16 18:00:00+00:00,NOAA_GFS_operational_1p00_nearest_3h_linear_uv,2026-02-16 12:00:00+00:00,2026-02-16 18:00:00+00:00,NOAA_GFS_operational_1p00_nearest_3h_linear_uv
2026-02-17 20:00:00+00:00,2026-02-16T18:00:00+00:00,26,0.6059335095691347,0.6414218435567701,0.6236776765629523,extra_trees_weather,1c329e2f445ff7f4a25c672e,archived_forecast,2026-02-16 12:00:00+00:00,2026-02-16 18:00:00+00:00,NOAA_GFS_operational_1p00_nearest_3h_linear_uv,2026-02-16 12:00:00+00:00,2026-02-16 18:00:00+00:00,NOAA_GFS_operational_1p00_nearest_3h_linear_uv
2026-02-17 21:00:00+00:00,2026-02-16T18:00:00+00:00,27,0.5733814576164576,0.5384316240540507,0.5559065408352541,extra_trees_weather,1c329e2f445ff7f4a25c672e,archived_forecast,2026-02-16 12:00:00+00:00,2026-02-16 18:00:00+00:00,NOAA_GFS_operational_1p00_nearest_3h_linear_uv,2026-02-16 12:00:00+00:00,2026-02-16 18:00:00+00:00,NOAA_GFS_operational_1p00_nearest_3h_linear_uv
2026-02-17 22:00:00+00:00,2026-02-16T18:00:00+00:00,28,0.5132022227309728,0.5224887235055251,0.5178454731182489,extra_trees_weather,1c329e2f445ff7f4a25c672e,archived_forecast,2026-02-16 12:00:00+00:00,2026-02-16 18:00:00+00:00,NOAA_GFS_operational_1p00_nearest_3h_linear_uv,2026-02-16 12:00:00+00:00,2026-02-16 18:00:00+00:00,NOAA_GFS_operational_1p00_nearest_3h_linear_uv
2026-02-17 23:00:00+00:00,2026-02-16T18:00:00+00:00,29,0.5006853737003735,0.4694445318638335,0.4850649527821035,extra_trees_weather,1c329e2f445ff7f4a25c672e,archived_forecast,2026-02-16 12:00:00+00:00,2026-02-16 18:00:00+00:00,NOAA_GFS_operational_1p00_nearest_3h_linear_uv,2026-02-16 12:00:00+00:00,2026-02-16 18:00:00+00:00,NOAA_GFS_operational_1p00_nearest_3h_linear_uv
2026-02-18 00:00:00+00:00,2026-02-16T18:00:00+00:00,30,0.4667417726486476,0.4164349928842943,0.441588382766471,extra_trees_weather,1c329e2f445ff7f4a25c672e,archived_forecast,2026-02-16 12:00:00+00:00,2026-02-16 18:00:00+00:00,NOAA_GFS_operational_1p00_nearest_3h_linear_uv,2026-02-16 12:00:00+00:00,2026-02-16 18:00:00+00:00,NOAA_GFS_operational_1p00_nearest_3h_linear_uv
2026-02-18 01:00:00+00:00,2026-02-16T18:00:00+00:00,31,0.4207659214627961,0.3843083193726207,0.4025371204177084,extra_trees_weather,1c329e2f445ff7f4a25c672e,archived_forecast,2026-02-16 12:00:00+00:00,2026-02-16 18:00:00+00:00,NOAA_GFS_operational_1p00_nearest_3h_linear_uv,2026-02-16 12:00:00+00:00,2026-02-16 18:00:00+00:00,NOAA_GFS_operational_1p00_nearest_3h_linear_uv
2026-02-18 02:00:00+00:00,2026-02-16T18:00:00+00:00,32,0.4088890302059049,0.3761031519937032,0.3924960910998041,extra_trees_weather,1c329e2f445ff7f4a25c672e,archived_forecast,2026-02-16 12:00:00+00:00,2026-02-16 18:00:00+00:00,NOAA_GFS_operational_1p00_nearest_3h_linear_uv,2026-02-16 12:00:00+00:00,2026-02-16 18:00:00+00:00,NOAA_GFS_operational_1p00_nearest_3h_linear_uv
2026-02-18 03:00:00+00:00,2026-02-16T18:00:00+00:00,33,0.4175329864811113,0.3734165215870728,0.3954747540340921,extra_trees_weather,1c329e2f445ff7f4a25c672e,archived_forecast,2026-02-16 12:00:00+00:00,2026-02-16 18:00:00+00:00,NOAA_GFS_operational_1p00_nearest_3h_linear_uv,2026-02-16 12:00:00+00:00,2026-02-16 18:00:00+00:00,NOAA_GFS_operational_1p00_nearest_3h_linear_uv
2026-02-18 04:00:00+00:00,2026-02-16T18:00:00+00:00,34,0.5083966471722721,0.5089934569665084,0.5086950520693903,extra_trees_weather,1c329e2f445ff7f4a25c672e,archived_forecast,2026-02-16 12:00:00+00:00,2026-02-16 18:00:00+00:00,NOAA_GFS_operational_1p00_nearest_3h_linear_uv,2026-02-16 12:00:00+00:00,2026-02-16 18:00:00+00:00,NOAA_GFS_operational_1p00_nearest_3h_linear_uv
2026-02-18 05:00:00+00:00,2026-02-16T18:00:00+00:00,35,0.5735464952177451,0.601836411627588,0.5876914534226666,extra_trees_weather,1c329e2f445ff7f4a25c672e,archived_forecast,2026-02-16 12:00:00+00:00,2026-02-16 18:00:00+00:00,NOAA_GFS_operational_1p00_nearest_3h_linear_uv,2026-02-16 12:00:00+00:00,2026-02-16 18:00:00+00:00,NOAA_GFS_operational_1p00_nearest_3h_linear_uv
2026-02-18 06:00:00+00:00,2026-02-16T18:00:00+00:00,36,0.8110796985734853,0.726778092400519,0.768928895487002,extra_trees_weather,1c329e2f445ff7f4a25c672e,archived_forecast,2026-02-16 12:00:00+00:00,2026-02-16 18:00:00+00:00,NOAA_GFS_operational_1p00_nearest_3h_linear_uv,2026-02-16 12:00:00+00:00,2026-02-16 18:00:00+00:00,NOAA_GFS_operational_1p00_nearest_3h_linear_uv
2026-02-18 07:00:00+00:00,2026-02-16T18:00:00+00:00,37,0.8181231873300991,0.7346774763036527,0.776400331816876,extra_trees_weather,1c329e2f445ff7f4a25c672e,archived_forecast,2026-02-16 12:00:00+00:00,2026-02-16 18:00:00+00:00,NOAA_GFS_operational_1p00_nearest_3h_linear_uv,2026-02-16 12:00:00+00:00,2026-02-16 18:00:00+00:00,NOAA_GFS_operational_1p00_nearest_3h_linear_uv
2026-02-18 08:00:00+00:00,2026-02-16T18:00:00+00:00,38,0.8214012377056495,0.7338986072560337,0.7776499224808417,extra_trees_weather,1c329e2f445ff7f4a25c672e,archived_forecast,2026-02-16 12:00:00+00:00,2026-02-16 18:00:00+00:00,NOAA_GFS_operational_1p00_nearest_3h_linear_uv,2026-02-16 12:00:00+00:00,2026-02-16 18:00:00+00:00,NOAA_GFS_operational_1p00_nearest_3h_linear_uv
2026-02-18 09:00:00+00:00,2026-02-16T18:00:00+00:00,39,0.8348632585089204,0.746626132508559,0.7907446955087397,extra_trees_weather,1c329e2f445ff7f4a25c672e,archived_forecast,2026-02-16 12:00:00+00:00,2026-02-16 18:00:00+00:00,NOAA_GFS_operational_1p00_nearest_3h_linear_uv,2026-02-16 12:00:00+00:00,2026-02-16 18:00:00+00:00,NOAA_GFS_operational_1p00_nearest_3h_linear_uv
2026-02-18 10:00:00+00:00,2026-02-16T18:00:00+00:00,40,0.7743518320881189,0.7369066916253681,0.7556292618567436,extra_trees_weather,1c329e2f445ff7f4a25c672e,archived_forecast,2026-02-16 12:00:00+00:00,2026-02-16 18:00:00+00:00,NOAA_GFS_operational_1p00_nearest_3h_linear_uv,2026-02-16 12:00:00+00:00,2026-02-16 18:00:00+00:00,NOAA_GFS_operational_1p00_nearest_3h_linear_uv
2026-02-18 11:00:00+00:00,2026-02-16T18:00:00+00:00,41,0.6417512775419024,0.6695964843095362,0.6556738809257193,extra_trees_weather,1c329e2f445ff7f4a25c672e,archived_forecast,2026-02-16 12:00:00+00:00,2026-02-16 18:00:00+00:00,NOAA_GFS_operational_1p00_nearest_3h_linear_uv,2026-02-16 12:00:00+00:00,2026-02-16 18:00:00+00:00,NOAA_GFS_operational_1p00_nearest_3h_linear_uv
2026-02-18 12:00:00+00:00,2026-02-16T18:00:00+00:00,42,0.5778938549182298,0.6131960986072749,0.5955449767627523,extra_trees_weather,1c329e2f445ff7f4a25c672e,archived_forecast,2026-02-16 12:00:00+00:00,2026-02-16 18:00:00+00:00,NOAA_GFS_operational_1p00_nearest_3h_linear_uv,2026-02-16 12:00:00+00:00,2026-02-16 18:00:00+00:00,NOAA_GFS_operational_1p00_nearest_3h_linear_uv
2026-02-18 13:00:00+00:00,2026-02-16T18:00:00+00:00,43,0.5661798603234997,0.5921494588581351,0.5791646595908175,extra_trees_weather,1c329e2f445ff7f4a25c672e,archived_forecast,2026-02-16 12:00:00+00:00,2026-02-16 18:00:00+00:00,NOAA_GFS_operational_1p00_nearest_3h_linear_uv,2026-02-16 12:00:00+00:00,2026-02-16 18:00:00+00:00,NOAA_GFS_operational_1p00_nearest_3h_linear_uv
2026-02-18 14:00:00+00:00,2026-02-16T18:00:00+00:00,44,0.5653232029530924,0.578432125774552,0.5718776643638221,extra_trees_weather,1c329e2f445ff7f4a25c672e,archived_forecast,2026-02-16 12:00:00+00:00,2026-02-16 18:00:00+00:00,NOAA_GFS_operational_1p00_nearest_3h_linear_uv,2026-02-16 12:00:00+00:00,2026-02-16 18:00:00+00:00,NOAA_GFS_operational_1p00_nearest_3h_linear_uv
2026-02-18 15:00:00+00:00,2026-02-16T18:00:00+00:00,45,0.5388986787504432,0.5600468381917644,0.5494727584711038,extra_trees_weather,1c329e2f445ff7f4a25c672e,archived_forecast,2026-02-16 12:00:00+00:00,2026-02-16 18:00:00+00:00,NOAA_GFS_operational_1p00_nearest_3h_linear_uv,2026-02-16 12:00:00+00:00,2026-02-16 18:00:00+00:00,NOAA_GFS_operational_1p00_nearest_3h_linear_uv
2026-02-18 16:00:00+00:00,2026-02-16T18:00:00+00:00,46,0.5217807705012852,0.5388748628522891,0.5303278166767871,extra_trees_weather,1c329e2f445ff7f4a25c672e,archived_forecast,2026-02-16 12:00:00+00:00,2026-02-16 18:00:00+00:00,NOAA_GFS_operational_1p00_nearest_3h_linear_uv,2026-02-16 12:00:00+00:00,2026-02-16 18:00:00+00:00,NOAA_GFS_operational_1p00_nearest_3h_linear_uv
2026-02-18 17:00:00+00:00,2026-02-16T18:00:00+00:00,47,0.4999941357009005,0.4874579160028423,0.4937260258518714,extra_trees_weather,1c329e2f445ff7f4a25c672e,archived_forecast,2026-02-16 12:00:00+00:00,2026-02-16 18:00:00+00:00,NOAA_GFS_operational_1p00_nearest_3h_linear_uv,2026-02-16 12:00:00+00:00,2026-02-16 18:00:00+00:00,NOAA_GFS_operational_1p00_nearest_3h_linear_uv
2026-02-18 18:00:00+00:00,2026-02-16T18:00:00+00:00,48,0.4938388374125873,0.4638560328859593,0.4788474351492733,extra_trees_weather,1c329e2f445ff7f4a25c672e,archived_forecast,2026-02-16 12:00:00+00:00,2026-02-16 18:00:00+00:00,NOAA_GFS_operational_1p00_nearest_3h_linear_uv,2026-02-16 12:00:00+00:00,2026-02-16 18:00:00+00:00,NOAA_GFS_operational_1p00_nearest_3h_linear_uv
2026-02-17 19:00:00+00:00,2026-02-17T18:00:00+00:00,1,0.538206678830429,0.5353681707480971,0.5367874247892632,extra_trees_weather,17b2ed79437872d7f9102bc7,archived_forecast,2026-02-17 12:00:00+00:00,2026-02-17 18:00:00+00:00,NOAA_GFS_operational_1p00_nearest_3h_linear_uv,2026-02-17 12:00:00+00:00,2026-02-17 18:00:00+00:00,NOAA_GFS_operational_1p00_nearest_3h_linear_uv
2026-02-17 20:00:00+00:00,2026-02-17T18:00:00+00:00,2,0.5282030983830986,0.5257774763036526,0.5269902873433756,extra_trees_weather,17b2ed79437872d7f9102bc7,archived_forecast,2026-02-17 12:00:00+00:00,2026-02-17 18:00:00+00:00,NOAA_GFS_operational_1p00_nearest_3h_linear_uv,2026-02-17 12:00:00+00:00,2026-02-17 18:00:00+00:00,NOAA_GFS_operational_1p00_nearest_3h_linear_uv
2026-02-17 21:00:00+00:00,2026-02-17T18:00:00+00:00,3,0.5262496081233583,0.5249089577851342,0.5255792829542462,extra_trees_weather,17b2ed79437872d7f9102bc7,archived_forecast,2026-02-17 12:00:00+00:00,2026-02-17 18:00:00+00:00,NOAA_GFS_operational_1p00_nearest_3h_linear_uv,2026-02-17 12:00:00+00:00,2026-02-17 18:00:00+00:00,NOAA_GFS_operational_1p00_nearest_3h_linear_uv
2026-02-17 22:00:00+00:00,2026-02-17T18:00:00+00:00,4,0.5017107875457876,0.5130378937334453,0.5073743406396165,extra_trees_weather,17b2ed79437872d7f9102bc7,archived_forecast,2026-02-17 12:00:00+00:00,2026-02-17 18:00:00+00:00,NOAA_GFS_operational_1p00_nearest_3h_linear_uv,2026-02-17 12:00:00+00:00,2026-02-17 18:00:00+00:00,NOAA_GFS_operational_1p00_nearest_3h_linear_uv
2026-02-17 23:00:00+00:00,2026-02-17T18:00:00+00:00,5,0.4790311348373849,0.4621334243139759,0.4705822795756804,extra_trees_weather,17b2ed79437872d7f9102bc7,archived_forecast,2026-02-17 12:00:00+00:00,2026-02-17 18:00:00+00:00,NOAA_GFS_operational_1p00_nearest_3h_linear_uv,2026-02-17 12:00:00+00:00,2026-02-17 18:00:00+00:00,NOAA_GFS_operational_1p00_nearest_3h_linear_uv
2026-02-18 00:00:00+00:00,2026-02-17T18:00:00+00:00,6,0.4395548605792356,0.4085496985952499,0.4240522795872427,extra_trees_weather,17b2ed79437872d7f9102bc7,archived_forecast,2026-02-17 12:00:00+00:00,2026-02-17 18:00:00+00:00,NOAA_GFS_operational_1p00_nearest_3h_linear_uv,2026-02-17 12:00:00+00:00,2026-02-17 18:00:00+00:00,NOAA_GFS_operational_1p00_nearest_3h_linear_uv
2026-02-18 01:00:00+00:00,2026-02-17T18:00:00+00:00,7,0.4659608690152441,0.4526667386847901,0.4593138038500171,extra_trees_weather,17b2ed79437872d7f9102bc7,archived_forecast,2026-02-17 12:00:00+00:00,2026-02-17 18:00:00+00:00,NOAA_GFS_operational_1p00_nearest_3h_linear_uv,2026-02-17 12:00:00+00:00,2026-02-17 18:00:00+00:00,NOAA_GFS_operational_1p00_nearest_3h_linear_uv
2026-02-18 02:00:00+00:00,2026-02-17T18:00:00+00:00,8,0.4656292953111704,0.4621618667049182,0.4638955810080442,extra_trees_weather,17b2ed79437872d7f9102bc7,archived_forecast,2026-02-17 12:00:00+00:00,2026-02-17 18:00:00+00:00,NOAA_GFS_operational_1p00_nearest_3h_linear_uv,2026-02-17 12:00:00+00:00,2026-02-17 18:00:00+00:00,NOAA_GFS_operational_1p00_nearest_3h_linear_uv
2026-02-18 03:00:00+00:00,2026-02-17T18:00:00+00:00,9,0.4890168904937655,0.4673947827240842,0.4782058366089249,extra_trees_weather,17b2ed79437872d7f9102bc7,archived_forecast,2026-02-17 12:00:00+00:00,2026-02-17 18:00:00+00:00,NOAA_GFS_operational_1p00_nearest_3h_linear_uv,2026-02-17 12:00:00+00:00,2026-02-17 18:00:00+00:00,NOAA_GFS_operational_1p00_nearest_3h_linear_uv
2026-02-18 04:00:00+00:00,2026-02-17T18:00:00+00:00,10,0.5350727105070854,0.5226217717073232,0.5288472411072043,extra_trees_weather,17b2ed79437872d7f9102bc7,archived_forecast,2026-02-17 12:00:00+00:00,2026-02-17 18:00:00+00:00,NOAA_GFS_operational_1p00_nearest_3h_linear_uv,2026-02-17 12:00:00+00:00,2026-02-17 18:00:00+00:00,NOAA_GFS_operational_1p00_nearest_3h_linear_uv
2026-02-18 05:00:00+00:00,2026-02-17T18:00:00+00:00,11,0.5697879122266623,0.6152878636015402,0.5925378879141012,extra_trees_weather,17b2ed79437872d7f9102bc7,archived_forecast,2026-02-17 12:00:00+00:00,2026-02-17 18:00:00+00:00,NOAA_GFS_operational_1p00_nearest_3h_linear_uv,2026-02-17 12:00:00+00:00,2026-02-17 18:00:00+00:00,NOAA_GFS_operational_1p00_nearest_3h_linear_uv
2026-02-18 06:00:00+00:00,2026-02-17T18:00:00+00:00,12,0.8106444340232208,0.7372014872464137,0.7739229606348172,extra_trees_weather,17b2ed79437872d7f9102bc7,archived_forecast,2026-02-17 12:00:00+00:00,2026-02-17 18:00:00+00:00,NOAA_GFS_operational_1p00_nearest_3h_linear_uv,2026-02-17 12:00:00+00:00,2026-02-17 18:00:00+00:00,NOAA_GFS_operational_1p00_nearest_3h_linear_uv
2026-02-18 07:00:00+00:00,2026-02-17T18:00:00+00:00,13,0.8108797316422685,0.736647320579747,0.7737635261110078,extra_trees_weather,17b2ed79437872d7f9102bc7,archived_forecast,2026-02-17 12:00:00+00:00,2026-02-17 18:00:00+00:00,NOAA_GFS_operational_1p00_nearest_3h_linear_uv,2026-02-17 12:00:00+00:00,2026-02-17 18:00:00+00:00,NOAA_GFS_operational_1p00_nearest_3h_linear_uv
2026-02-18 08:00:00+00:00,2026-02-17T18:00:00+00:00,14,0.8118956666332034,0.736647320579747,0.7742714936064751,extra_trees_weather,17b2ed79437872d7f9102bc7,archived_forecast,2026-02-17 12:00:00+00:00,2026-02-17 18:00:00+00:00,NOAA_GFS_operational_1p00_nearest_3h_linear_uv,2026-02-17 12:00:00+00:00,2026-02-17 18:00:00+00:00,NOAA_GFS_operational_1p00_nearest_3h_linear_uv
2026-02-18 09:00:00+00:00,2026-02-17T18:00:00+00:00,15,0.8233942918737038,0.7380981539130803,0.7807462228933921,extra_trees_weather,17b2ed79437872d7f9102bc7,archived_forecast,2026-02-17 12:00:00+00:00,2026-02-17 18:00:00+00:00,NOAA_GFS_operational_1p00_nearest_3h_linear_uv,2026-02-17 12:00:00+00:00,2026-02-17 18:00:00+00:00,NOAA_GFS_operational_1p00_nearest_3h_linear_uv
2026-02-18 10:00:00+00:00,2026-02-17T18:00:00+00:00,16,0.678444915894291,0.6915470527919795,0.6849959843431352,extra_trees_weather,17b2ed79437872d7f9102bc7,archived_forecast,2026-02-17 12:00:00+00:00,2026-02-17 18:00:00+00:00,NOAA_GFS_operational_1p00_nearest_3h_linear_uv,2026-02-17 12:00:00+00:00,2026-02-17 18:00:00+00:00,NOAA_GFS_operational_1p00_nearest_3h_linear_uv
2026-02-18 11:00:00+00:00,2026-02-17T18:00:00+00:00,17,0.62934776015651,0.6645807950450966,0.6469642776008033,extra_trees_weather,17b2ed79437872d7f9102bc7,archived_forecast,2026-02-17 12:00:00+00:00,2026-02-17 18:00:00+00:00,NOAA_GFS_operational_1p00_nearest_3h_linear_uv,2026-02-17 12:00:00+00:00,2026-02-17 18:00:00+00:00,NOAA_GFS_operational_1p00_nearest_3h_linear_uv
2026-02-18 12:00:00+00:00,2026-02-17T18:00:00+00:00,18,0.5739470564606957,0.5665903659140423,0.5702687111873689,extra_trees_weather,17b2ed79437872d7f9102bc7,archived_forecast,2026-02-17 12:00:00+00:00,2026-02-17 18:00:00+00:00,NOAA_GFS_operational_1p00_nearest_3h_linear_uv,2026-02-17 12:00:00+00:00,2026-02-17 18:00:00+00:00,NOAA_GFS_operational_1p00_nearest_3h_linear_uv
2026-02-18 13:00:00+00:00,2026-02-17T18:00:00+00:00,19,0.5622564790288684,0.566545955740882,0.5644012173848753,extra_trees_weather,17b2ed79437872d7f9102bc7,archived_forecast,2026-02-17 12:00:00+00:00,2026-02-17 18:00:00+00:00,NOAA_GFS_operational_1p00_nearest_3h_linear_uv,2026-02-17 12:00:00+00:00,2026-02-17 18:00:00+00:00,NOAA_GFS_operational_1p00_nearest_3h_linear_uv
2026-02-18 14:00:00+00:00,2026-02-17T18:00:00+00:00,20,0.5613606748330641,0.5679598740910504,0.5646602744620572,extra_trees_weather,17b2ed79437872d7f9102bc7,archived_forecast,2026-02-17 12:00:00+00:00,2026-02-17 18:00:00+00:00,NOAA_GFS_operational_1p00_nearest_3h_linear_uv,2026-02-17 12:00:00+00:00,2026-02-17 18:00:00+00:00,NOAA_GFS_operational_1p00_nearest_3h_linear_uv
2026-02-18 15:00:00+00:00,2026-02-17T18:00:00+00:00,21,0.5610091453209098,0.569562978764155,0.5652860620425324,extra_trees_weather,17b2ed79437872d7f9102bc7,archived_forecast,2026-02-17 12:00:00+00:00,2026-02-17 18:00:00+00:00,NOAA_GFS_operational_1p00_nearest_3h_linear_uv,2026-02-17 12:00:00+00:00,2026-02-17 18:00:00+00:00,NOAA_GFS_operational_1p00_nearest_3h_linear_uv
2026-02-18 16:00:00+00:00,2026-02-17T18:00:00+00:00,22,0.5629419221736869,0.5852645163931928,0.5741032192834398,extra_trees_weather,17b2ed79437872d7f9102bc7,archived_forecast,2026-02-17 12:00:00+00:00,2026-02-17 18:00:00+00:00,NOAA_GFS_operational_1p00_nearest_3h_linear_uv,2026-02-17 12:00:00+00:00,2026-02-17 18:00:00+00:00,NOAA_GFS_operational_1p00_nearest_3h_linear_uv
2026-02-18 17:00:00+00:00,2026-02-17T18:00:00+00:00,23,0.5462384187109188,0.5692405284367049,0.5577394735738119,extra_trees_weather,17b2ed79437872d7f9102bc7,archived_forecast,2026-02-17 12:00:00+00:00,2026-02-17 18:00:00+00:00,NOAA_GFS_operational_1p00_nearest_3h_linear_uv,2026-02-17 12:00:00+00:00,2026-02-17 18:00:00+00:00,NOAA_GFS_operational_1p00_nearest_3h_linear_uv
2026-02-18 18:00:00+00:00,2026-02-17T18:00:00+00:00,24,0.5547315162152662,0.5560392576935591,0.5553853869544128,extra_trees_weather,17b2ed79437872d7f9102bc7,archived_forecast,2026-02-17 12:00:00+00:00,2026-02-17 18:00:00+00:00,NOAA_GFS_operational_1p00_nearest_3h_linear_uv,2026-02-17 12:00:00+00:00,2026-02-17 18:00:00+00:00,NOAA_GFS_operational_1p00_nearest_3h_linear_uv
2026-02-18 19:00:00+00:00,2026-02-17T18:00:00+00:00,25,0.5424243986337739,0.4986014281851045,0.5205129134094392,extra_trees_weather,17b2ed79437872d7f9102bc7,archived_forecast,2026-02-17 12:00:00+00:00,2026-02-17 18:00:00+00:00,NOAA_GFS_operational_1p00_nearest_3h_linear_uv,2026-02-17 12:00:00+00:00,2026-02-17 18:00:00+00:00,NOAA_GFS_operational_1p00_nearest_3h_linear_uv
2026-02-18 20:00:00+00:00,2026-02-17T18:00:00+00:00,26,0.541105242789618,0.4858588124443637,0.5134820276169909,extra_trees_weather,17b2ed79437872d7f9102bc7,archived_forecast,2026-02-17 12:00:00+00:00,2026-02-17 18:00:00+00:00,NOAA_GFS_operational_1p00_nearest_3h_linear_uv,2026-02-17 12:00:00+00:00,2026-02-17 18:00:00+00:00,NOAA_GFS_operational_1p00_nearest_3h_linear_uv
2026-02-18 21:00:00+00:00,2026-02-17T18:00:00+00:00,27,0.5340948732979985,0.4858588124443637,0.5099768428711811,extra_trees_weather,17b2ed79437872d7f9102bc7,archived_forecast,2026-02-17 12:00:00+00:00,2026-02-17 18:00:00+00:00,NOAA_GFS_operational_1p00_nearest_3h_linear_uv,2026-02-17 12:00:00+00:00,2026-02-17 18:00:00+00:00,NOAA_GFS_operational_1p00_nearest_3h_linear_uv
2026-02-18 22:00:00+00:00,2026-02-17T18:00:00+00:00,28,0.5117193493312245,0.4848470985563999,0.4982832239438122,extra_trees_weather,17b2ed79437872d7f9102bc7,archived_forecast,2026-02-17 12:00:00+00:00,2026-02-17 18:00:00+00:00,NOAA_GFS_operational_1p00_nearest_3h_linear_uv,2026-02-17 12:00:00+00:00,2026-02-17 18:00:00+00:00,NOAA_GFS_operational_1p00_nearest_3h_linear_uv
2026-02-18 23:00:00+00:00,2026-02-17T18:00:00+00:00,29,0.5001626113469863,0.4485141239384254,0.4743383676427058,extra_trees_weather,17b2ed79437872d7f9102bc7,archived_forecast,2026-02-17 12:00:00+00:00,2026-02-17 18:00:00+00:00,NOAA_GFS_operational_1p00_nearest_3h_linear_uv,2026-02-17 12:00:00+00:00,2026-02-17 18:00:00+00:00,NOAA_GFS_operational_1p00_nearest_3h_linear_uv
2026-02-19 00:00:00+00:00,2026-02-17T18:00:00+00:00,30,0.4605109113571613,0.4078315929971443,0.4341712521771528,extra_trees_weather,17b2ed79437872d7f9102bc7,archived_forecast,2026-02-17 12:00:00+00:00,2026-02-17 18:00:00+00:00,NOAA_GFS_operational_1p00_nearest_3h_linear_uv,2026-02-17 12:00:00+00:00,2026-02-17 18:00:00+00:00,NOAA_GFS_operational_1p00_nearest_3h_linear_uv
2026-02-19 01:00:00+00:00,2026-02-17T18:00:00+00:00,31,0.4155689506327003,0.3836978758809271,0.3996334132568137,extra_trees_weather,17b2ed79437872d7f9102bc7,archived_forecast,2026-02-17 12:00:00+00:00,2026-02-17 18:00:00+00:00,NOAA_GFS_operational_1p00_nearest_3h_linear_uv,2026-02-17 12:00:00+00:00,2026-02-17 18:00:00+00:00,NOAA_GFS_operational_1p00_nearest_3h_linear_uv
2026-02-19 02:00:00+00:00,2026-02-17T18:00:00+00:00,32,0.3743666185434934,0.3257724050717799,0.3500695118076366,extra_trees_weather,17b2ed79437872d7f9102bc7,archived_forecast,2026-02-17 12:00:00+00:00,2026-02-17 18:00:00+00:00,NOAA_GFS_operational_1p00_nearest_3h_linear_uv,2026-02-17 12:00:00+00:00,2026-02-17 18:00:00+00:00,NOAA_GFS_operational_1p00_nearest_3h_linear_uv
2026-02-19 03:00:00+00:00,2026-02-17T18:00:00+00:00,33,0.3075217286186036,0.2775777963702963,0.29254976249445,extra_trees_weather,17b2ed79437872d7f9102bc7,archived_forecast,2026-02-17 12:00:00+00:00,2026-02-17 18:00:00+00:00,NOAA_GFS_operational_1p00_nearest_3h_linear_uv,2026-02-17 12:00:00+00:00,2026-02-17 18:00:00+00:00,NOAA_GFS_operational_1p00_nearest_3h_linear_uv
2026-02-19 04:00:00+00:00,2026-02-17T18:00:00+00:00,34,0.4230704666860915,0.358826820593622,0.3909486436398568,extra_trees_weather,17b2ed79437872d7f9102bc7,archived_forecast,2026-02-17 12:00:00+00:00,2026-02-17 18:00:00+00:00,NOAA_GFS_operational_1p00_nearest_3h_linear_uv,2026-02-17 12:00:00+00:00,2026-02-17 18:00:00+00:00,NOAA_GFS_operational_1p00_nearest_3h_linear_uv
2026-02-19 05:00:00+00:00,2026-02-17T18:00:00+00:00,35,0.4853847726116475,0.4517049414542428,0.4685448570329452,extra_trees_weather,17b2ed79437872d7f9102bc7,archived_forecast,2026-02-17 12:00:00+00:00,2026-02-17 18:00:00+00:00,NOAA_GFS_operational_1p00_nearest_3h_linear_uv,2026-02-17 12:00:00+00:00,2026-02-17 18:00:00+00:00,NOAA_GFS_operational_1p00_nearest_3h_linear_uv
2026-02-19 06:00:00+00:00,2026-02-17T18:00:00+00:00,36,0.5235432541301293,0.5414299330136093,0.5324865935718692,extra_trees_weather,17b2ed79437872d7f9102bc7,archived_forecast,2026-02-17 12:00:00+00:00,2026-02-17 18:00:00+00:00,NOAA_GFS_operational_1p00_nearest_3h_linear_uv,2026-02-17 12:00:00+00:00,2026-02-17 18:00:00+00:00,NOAA_GFS_operational_1p00_nearest_3h_linear_uv
2026-02-19 07:00:00+00:00,2026-02-17T18:00:00+00:00,37,0.5296550239343991,0.4952889491826256,0.5124719865585123,extra_trees_weather,17b2ed79437872d7f9102bc7,archived_forecast,2026-02-17 12:00:00+00:00,2026-02-17 18:00:00+00:00,NOAA_GFS_operational_1p00_nearest_3h_linear_uv,2026-02-17 12:00:00+00:00,2026-02-17 18:00:00+00:00,NOAA_GFS_operational_1p00_nearest_3h_linear_uv
2026-02-19 08:00:00+00:00,2026-02-17T18:00:00+00:00,38,0.5509095655501907,0.5079139591957605,0.5294117623729757,extra_trees_weather,17b2ed79437872d7f9102bc7,archived_forecast,2026-02-17 12:00:00+00:00,2026-02-17 18:00:00+00:00,NOAA_GFS_operational_1p00_nearest_3h_linear_uv,2026-02-17 12:00:00+00:00,2026-02-17 18:00:00+00:00,NOAA_GFS_operational_1p00_nearest_3h_linear_uv
2026-02-19 09:00:00+00:00,2026-02-17T18:00:00+00:00,39,0.5407091214109965,0.5271729109153372,0.533941016163167,extra_trees_weather,17b2ed79437872d7f9102bc7,archived_forecast,2026-02-17 12:00:00+00:00,2026-02-17 18:00:00+00:00,NOAA_GFS_operational_1p00_nearest_3h_linear_uv,2026-02-17 12:00:00+00:00,2026-02-17 18:00:00+00:00,NOAA_GFS_operational_1p00_nearest_3h_linear_uv
2026-02-19 10:00:00+00:00,2026-02-17T18:00:00+00:00,40,0.5504028678715076,0.5314560157271919,0.5409294417993497,extra_trees_weather,17b2ed79437872d7f9102bc7,archived_forecast,2026-02-17 12:00:00+00:00,2026-02-17 18:00:00+00:00,NOAA_GFS_operational_1p00_nearest_3h_linear_uv,2026-02-17 12:00:00+00:00,2026-02-17 18:00:00+00:00,NOAA_GFS_operational_1p00_nearest_3h_linear_uv
2026-02-19 11:00:00+00:00,2026-02-17T18:00:00+00:00,41,0.4978046960664606,0.5396973051948049,0.5187510006306327,extra_trees_weather,17b2ed79437872d7f9102bc7,archived_forecast,2026-02-17 12:00:00+00:00,2026-02-17 18:00:00+00:00,NOAA_GFS_operational_1p00_nearest_3h_linear_uv,2026-02-17 12:00:00+00:00,2026-02-17 18:00:00+00:00,NOAA_GFS_operational_1p00_nearest_3h_linear_uv
2026-02-19 12:00:00+00:00,2026-02-17T18:00:00+00:00,42,0.3709698097966847,0.3869714112467053,0.378970610521695,extra_trees_weather,17b2ed79437872d7f9102bc7,archived_forecast,2026-02-17 12:00:00+00:00,2026-02-17 18:00:00+00:00,NOAA_GFS_operational_1p00_nearest_3h_linear_uv,2026-02-17 12:00:00+00:00,2026-02-17 18:00:00+00:00,NOAA_GFS_operational_1p00_nearest_3h_linear_uv
2026-02-19 13:00:00+00:00,2026-02-17T18:00:00+00:00,43,0.3364477407314906,0.3707644024221964,0.3536060715768435,extra_trees_weather,17b2ed79437872d7f9102bc7,archived_forecast,2026-02-17 12:00:00+00:00,2026-02-17 18:00:00+00:00,NOAA_GFS_operational_1p00_nearest_3h_linear_uv,2026-02-17 12:00:00+00:00,2026-02-17 18:00:00+00:00,NOAA_GFS_operational_1p00_nearest_3h_linear_uv
2026-02-19 14:00:00+00:00,2026-02-17T18:00:00+00:00,44,0.2896647495097494,0.3144605983790175,0.3020626739443834,extra_trees_weather,17b2ed79437872d7f9102bc7,archived_forecast,2026-02-17 12:00:00+00:00,2026-02-17 18:00:00+00:00,NOAA_GFS_operational_1p00_nearest_3h_linear_uv,2026-02-17 12:00:00+00:00,2026-02-17 18:00:00+00:00,NOAA_GFS_operational_1p00_nearest_3h_linear_uv
2026-02-19 15:00:00+00:00,2026-02-17T18:00:00+00:00,45,0.2798917905011654,0.299938847930392,0.2899153192157787,extra_trees_weather,17b2ed79437872d7f9102bc7,archived_forecast,2026-02-17 12:00:00+00:00,2026-02-17 18:00:00+00:00,NOAA_GFS_operational_1p00_nearest_3h_linear_uv,2026-02-17 12:00:00+00:00,2026-02-17 18:00:00+00:00,NOAA_GFS_operational_1p00_nearest_3h_linear_uv
2026-02-19 16:00:00+00:00,2026-02-17T18:00:00+00:00,46,0.2293294327663076,0.2654340594318533,0.2473817460990805,extra_trees_weather,17b2ed79437872d7f9102bc7,archived_forecast,2026-02-17 12:00:00+00:00,2026-02-17 18:00:00+00:00,NOAA_GFS_operational_1p00_nearest_3h_linear_uv,2026-02-17 12:00:00+00:00,2026-02-17 18:00:00+00:00,NOAA_GFS_operational_1p00_nearest_3h_linear_uv
2026-02-19 17:00:00+00:00,2026-02-17T18:00:00+00:00,47,0.2354543833250082,0.2496987881753322,0.2425765857501702,extra_trees_weather,17b2ed79437872d7f9102bc7,archived_forecast,2026-02-17 12:00:00+00:00,2026-02-17 18:00:00+00:00,NOAA_GFS_operational_1p00_nearest_3h_linear_uv,2026-02-17 12:00:00+00:00,2026-02-17 18:00:00+00:00,NOAA_GFS_operational_1p00_nearest_3h_linear_uv
2026-02-19 18:00:00+00:00,2026-02-17T18:00:00+00:00,48,0.2328760922179671,0.2394686172814113,0.2361723547496892,extra_trees_weather,17b2ed79437872d7f9102bc7,archived_forecast,2026-02-17 12:00:00+00:00,2026-02-17 18:00:00+00:00,NOAA_GFS_operational_1p00_nearest_3h_linear_uv,2026-02-17 12:00:00+00:00,2026-02-17 18:00:00+00:00,NOAA_GFS_operational_1p00_nearest_3h_linear_uv
2026-02-18 19:00:00+00:00,2026-02-18T18:00:00+00:00,1,0.4609926670320422,0.4461908152101166,0.4535917411210794,extra_trees_weather,cb5edb694c53593a0407e12c,archived_forecast,2026-02-18 12:00:00+00:00,2026-02-18 18:00:00+00:00,NOAA_GFS_operational_1p00_nearest_3h_linear_uv,2026-02-18 12:00:00+00:00,2026-02-18 18:00:00+00:00,NOAA_GFS_operational_1p00_nearest_3h_linear_uv
2026-02-18 20:00:00+00:00,2026-02-18T18:00:00+00:00,2,0.4510223925380176,0.4268690837933851,0.4389457381657013,extra_trees_weather,cb5edb694c53593a0407e12c,archived_forecast,2026-02-18 12:00:00+00:00,2026-02-18 18:00:00+00:00,NOAA_GFS_operational_1p00_nearest_3h_linear_uv,2026-02-18 12:00:00+00:00,2026-02-18 18:00:00+00:00,NOAA_GFS_operational_1p00_nearest_3h_linear_uv
2026-02-18 21:00:00+00:00,2026-02-18T18:00:00+00:00,3,0.4411331052049801,0.4134569980550493,0.4272950516300148,extra_trees_weather,cb5edb694c53593a0407e12c,archived_forecast,2026-02-18 12:00:00+00:00,2026-02-18 18:00:00+00:00,NOAA_GFS_operational_1p00_nearest_3h_linear_uv,2026-02-18 12:00:00+00:00,2026-02-18 18:00:00+00:00,NOAA_GFS_operational_1p00_nearest_3h_linear_uv
2026-02-18 22:00:00+00:00,2026-02-18T18:00:00+00:00,4,0.410908811096311,0.3782140479033491,0.39456142949983,extra_trees_weather,cb5edb694c53593a0407e12c,archived_forecast,2026-02-18 12:00:00+00:00,2026-02-18 18:00:00+00:00,NOAA_GFS_operational_1p00_nearest_3h_linear_uv,2026-02-18 12:00:00+00:00,2026-02-18 18:00:00+00:00,NOAA_GFS_operational_1p00_nearest_3h_linear_uv
2026-02-18 23:00:00+00:00,2026-02-18T18:00:00+00:00,5,0.4051686626336625,0.3898032882463395,0.397485975440001,extra_trees_weather,cb5edb694c53593a0407e12c,archived_forecast,2026-02-18 12:00:00+00:00,2026-02-18 18:00:00+00:00,NOAA_GFS_operational_1p00_nearest_3h_linear_uv,2026-02-18 12:00:00+00:00,2026-02-18 18:00:00+00:00,NOAA_GFS_operational_1p00_nearest_3h_linear_uv
2026-02-19 00:00:00+00:00,2026-02-18T18:00:00+00:00,6,0.402302737123987,0.3870055477923491,0.3946541424581681,extra_trees_weather,cb5edb694c53593a0407e12c,archived_forecast,2026-02-18 12:00:00+00:00,2026-02-18 18:00:00+00:00,NOAA_GFS_operational_1p00_nearest_3h_linear_uv,2026-02-18 12:00:00+00:00,2026-02-18 18:00:00+00:00,NOAA_GFS_operational_1p00_nearest_3h_linear_uv
2026-02-19 01:00:00+00:00,2026-02-18T18:00:00+00:00,7,0.3974790035427535,0.3823163053681066,0.38989765445543,extra_trees_weather,cb5edb694c53593a0407e12c,archived_forecast,2026-02-18 12:00:00+00:00,2026-02-18 18:00:00+00:00,NOAA_GFS_operational_1p00_nearest_3h_linear_uv,2026-02-18 12:00:00+00:00,2026-02-18 18:00:00+00:00,NOAA_GFS_operational_1p00_nearest_3h_linear_uv
2026-02-19 02:00:00+00:00,2026-02-18T18:00:00+00:00,8,0.4096680060680061,0.3795392568148081,0.3946036314414071,extra_trees_weather,cb5edb694c53593a0407e12c,archived_forecast,2026-02-18 12:00:00+00:00,2026-02-18 18:00:00+00:00,NOAA_GFS_operational_1p00_nearest_3h_linear_uv,2026-02-18 12:00:00+00:00,2026-02-18 18:00:00+00:00,NOAA_GFS_operational_1p00_nearest_3h_linear_uv
2026-02-19 03:00:00+00:00,2026-02-18T18:00:00+00:00,9,0.4414434442178192,0.3764438493981506,0.408943646807985,extra_trees_weather,cb5edb694c53593a0407e12c,archived_forecast,2026-02-18 12:00:00+00:00,2026-02-18 18:00:00+00:00,NOAA_GFS_operational_1p00_nearest_3h_linear_uv,2026-02-18 12:00:00+00:00,2026-02-18 18:00:00+00:00,NOAA_GFS_operational_1p00_nearest_3h_linear_uv
2026-02-19 04:00:00+00:00,2026-02-18T18:00:00+00:00,10,0.4614263916407667,0.3880986540379554,0.424762522839361,extra_trees_weather,cb5edb694c53593a0407e12c,archived_forecast,2026-02-18 12:00:00+00:00,2026-02-18 18:00:00+00:00,NOAA_GFS_operational_1p00_nearest_3h_linear_uv,2026-02-18 12:00:00+00:00,2026-02-18 18:00:00+00:00,NOAA_GFS_operational_1p00_nearest_3h_linear_uv
2026-02-19 05:00:00+00:00,2026-02-18T18:00:00+00:00,11,0.4764869566313316,0.4368901826944841,0.4566885696629078,extra_trees_weather,cb5edb694c53593a0407e12c,archived_forecast,2026-02-18 12:00:00+00:00,2026-02-18 18:00:00+00:00,NOAA_GFS_operational_1p00_nearest_3h_linear_uv,2026-02-18 12:00:00+00:00,2026-02-18 18:00:00+00:00,NOAA_GFS_operational_1p00_nearest_3h_linear_uv
2026-02-19 06:00:00+00:00,2026-02-18T18:00:00+00:00,12,0.5161309017602768,0.485332347636024,0.5007316246981504,extra_trees_weather,cb5edb694c53593a0407e12c,archived_forecast,2026-02-18 12:00:00+00:00,2026-02-18 18:00:00+00:00,NOAA_GFS_operational_1p00_nearest_3h_linear_uv,2026-02-18 12:00:00+00:00,2026-02-18 18:00:00+00:00,NOAA_GFS_operational_1p00_nearest_3h_linear_uv
2026-02-19 07:00:00+00:00,2026-02-18T18:00:00+00:00,13,0.4922045384014135,0.4598073749929262,0.4760059566971699,extra_trees_weather,cb5edb694c53593a0407e12c,archived_forecast,2026-02-18 12:00:00+00:00,2026-02-18 18:00:00+00:00,NOAA_GFS_operational_1p00_nearest_3h_linear_uv,2026-02-18 12:00:00+00:00,2026-02-18 18:00:00+00:00,NOAA_GFS_operational_1p00_nearest_3h_linear_uv
2026-02-19 08:00:00+00:00,2026-02-18T18:00:00+00:00,14,0.5050424427193178,0.4804493493380258,0.4927458960286718,extra_trees_weather,cb5edb694c53593a0407e12c,archived_forecast,2026-02-18 12:00:00+00:00,2026-02-18 18:00:00+00:00,NOAA_GFS_operational_1p00_nearest_3h_linear_uv,2026-02-18 12:00:00+00:00,2026-02-18 18:00:00+00:00,NOAA_GFS_operational_1p00_nearest_3h_linear_uv
2026-02-19 09:00:00+00:00,2026-02-18T18:00:00+00:00,15,0.4987594145193041,0.4748208960320722,0.4867901552756882,extra_trees_weather,cb5edb694c53593a0407e12c,archived_forecast,2026-02-18 12:00:00+00:00,2026-02-18 18:00:00+00:00,NOAA_GFS_operational_1p00_nearest_3h_linear_uv,2026-02-18 12:00:00+00:00,2026-02-18 18:00:00+00:00,NOAA_GFS_operational_1p00_nearest_3h_linear_uv
2026-02-19 10:00:00+00:00,2026-02-18T18:00:00+00:00,16,0.4785633826345222,0.5041169426869422,0.4913401626607322,extra_trees_weather,cb5edb694c53593a0407e12c,archived_forecast,2026-02-18 12:00:00+00:00,2026-02-18 18:00:00+00:00,NOAA_GFS_operational_1p00_nearest_3h_linear_uv,2026-02-18 12:00:00+00:00,2026-02-18 18:00:00+00:00,NOAA_GFS_operational_1p00_nearest_3h_linear_uv
2026-02-19 11:00:00+00:00,2026-02-18T18:00:00+00:00,17,0.3831027163345912,0.4442378915066415,0.4136703039206163,extra_trees_weather,cb5edb694c53593a0407e12c,archived_forecast,2026-02-18 12:00:00+00:00,2026-02-18 18:00:00+00:00,NOAA_GFS_operational_1p00_nearest_3h_linear_uv,2026-02-18 12:00:00+00:00,2026-02-18 18:00:00+00:00,NOAA_GFS_operational_1p00_nearest_3h_linear_uv
2026-02-19 12:00:00+00:00,2026-02-18T18:00:00+00:00,18,0.3429849424880673,0.3505303614169056,0.3467576519524865,extra_trees_weather,cb5edb694c53593a0407e12c,archived_forecast,2026-02-18 12:00:00+00:00,2026-02-18 18:00:00+00:00,NOAA_GFS_operational_1p00_nearest_3h_linear_uv,2026-02-18 12:00:00+00:00,2026-02-18 18:00:00+00:00,NOAA_GFS_operational_1p00_nearest_3h_linear_uv
2026-02-19 13:00:00+00:00,2026-02-18T18:00:00+00:00,19,0.284425253149628,0.2685786760420951,0.2765019645958616,extra_trees_weather,cb5edb694c53593a0407e12c,archived_forecast,2026-02-18 12:00:00+00:00,2026-02-18 18:00:00+00:00,NOAA_GFS_operational_1p00_nearest_3h_linear_uv,2026-02-18 12:00:00+00:00,2026-02-18 18:00:00+00:00,NOAA_GFS_operational_1p00_nearest_3h_linear_uv
2026-02-19 14:00:00+00:00,2026-02-18T18:00:00+00:00,20,0.2379313629888629,0.2834613252447443,0.2606963441168036,extra_trees_weather,cb5edb694c53593a0407e12c,archived_forecast,2026-02-18 12:00:00+00:00,2026-02-18 18:00:00+00:00,NOAA_GFS_operational_1p00_nearest_3h_linear_uv,2026-02-18 12:00:00+00:00,2026-02-18 18:00:00+00:00,NOAA_GFS_operational_1p00_nearest_3h_linear_uv
2026-02-19 15:00:00+00:00,2026-02-18T18:00:00+00:00,21,0.2379892555823804,0.2751024618858809,0.2565458587341307,extra_trees_weather,cb5edb694c53593a0407e12c,archived_forecast,2026-02-18 12:00:00+00:00,2026-02-18 18:00:00+00:00,NOAA_GFS_operational_1p00_nearest_3h_linear_uv,2026-02-18 12:00:00+00:00,2026-02-18 18:00:00+00:00,NOAA_GFS_operational_1p00_nearest_3h_linear_uv
2026-02-19 16:00:00+00:00,2026-02-18T18:00:00+00:00,22,0.2227892154142152,0.2604031014083954,0.2415961584113053,extra_trees_weather,cb5edb694c53593a0407e12c,archived_forecast,2026-02-18 12:00:00+00:00,2026-02-18 18:00:00+00:00,NOAA_GFS_operational_1p00_nearest_3h_linear_uv,2026-02-18 12:00:00+00:00,2026-02-18 18:00:00+00:00,NOAA_GFS_operational_1p00_nearest_3h_linear_uv
2026-02-19 17:00:00+00:00,2026-02-18T18:00:00+00:00,23,0.2259126416638915,0.245918858984153,0.2359157503240222,extra_trees_weather,cb5edb694c53593a0407e12c,archived_forecast,2026-02-18 12:00:00+00:00,2026-02-18 18:00:00+00:00,NOAA_GFS_operational_1p00_nearest_3h_linear_uv,2026-02-18 12:00:00+00:00,2026-02-18 18:00:00+00:00,NOAA_GFS_operational_1p00_nearest_3h_linear_uv
2026-02-19 18:00:00+00:00,2026-02-18T18:00:00+00:00,24,0.2274495016095015,0.236201156963951,0.2318253292867262,extra_trees_weather,cb5edb694c53593a0407e12c,archived_forecast,2026-02-18 12:00:00+00:00,2026-02-18 18:00:00+00:00,NOAA_GFS_operational_1p00_nearest_3h_linear_uv,2026-02-18 12:00:00+00:00,2026-02-18 18:00:00+00:00,NOAA_GFS_operational_1p00_nearest_3h_linear_uv
2026-02-19 19:00:00+00:00,2026-02-18T18:00:00+00:00,25,0.2501668523606023,0.244008671070215,0.2470877617154086,extra_trees_weather,cb5edb694c53593a0407e12c,archived_forecast,2026-02-18 12:00:00+00:00,2026-02-18 18:00:00+00:00,NOAA_GFS_operational_1p00_nearest_3h_linear_uv,2026-02-18 12:00:00+00:00,2026-02-18 18:00:00+00:00,NOAA_GFS_operational_1p00_nearest_3h_linear_uv
2026-02-19 20:00:00+00:00,2026-02-18T18:00:00+00:00,26,0.237024184010434,0.2341287792953233,0.2355764816528786,extra_trees_weather,cb5edb694c53593a0407e12c,archived_forecast,2026-02-18 12:00:00+00:00,2026-02-18 18:00:00+00:00,NOAA_GFS_operational_1p00_nearest_3h_linear_uv,2026-02-18 12:00:00+00:00,2026-02-18 18:00:00+00:00,NOAA_GFS_operational_1p00_nearest_3h_linear_uv
2026-02-19 21:00:00+00:00,2026-02-18T18:00:00+00:00,27,0.2218121188071187,0.2266490631318572,0.224230590969488,extra_trees_weather,cb5edb694c53593a0407e12c,archived_forecast,2026-02-18 12:00:00+00:00,2026-02-18 18:00:00+00:00,NOAA_GFS_operational_1p00_nearest_3h_linear_uv,2026-02-18 12:00:00+00:00,2026-02-18 18:00:00+00:00,NOAA_GFS_operational_1p00_nearest_3h_linear_uv
2026-02-19 22:00:00+00:00,2026-02-18T18:00:00+00:00,28,0.2038947018490768,0.221525694000988,0.2127101979250324,extra_trees_weather,cb5edb694c53593a0407e12c,archived_forecast,2026-02-18 12:00:00+00:00,2026-02-18 18:00:00+00:00,NOAA_GFS_operational_1p00_nearest_3h_linear_uv,2026-02-18 12:00:00+00:00,2026-02-18 18:00:00+00:00,NOAA_GFS_operational_1p00_nearest_3h_linear_uv
2026-02-19 23:00:00+00:00,2026-02-18T18:00:00+00:00,29,0.2016088108881858,0.2092116535506976,0.2054102322194417,extra_trees_weather,cb5edb694c53593a0407e12c,archived_forecast,2026-02-18 12:00:00+00:00,2026-02-18 18:00:00+00:00,NOAA_GFS_operational_1p00_nearest_3h_linear_uv,2026-02-18 12:00:00+00:00,2026-02-18 18:00:00+00:00,NOAA_GFS_operational_1p00_nearest_3h_linear_uv
2026-02-20 00:00:00+00:00,2026-02-18T18:00:00+00:00,30,0.2055686635817885,0.2046625291565733,0.2051155963691809,extra_trees_weather,cb5edb694c53593a0407e12c,archived_forecast,2026-02-18 12:00:00+00:00,2026-02-18 18:00:00+00:00,NOAA_GFS_operational_1p00_nearest_3h_linear_uv,2026-02-18 12:00:00+00:00,2026-02-18 18:00:00+00:00,NOAA_GFS_operational_1p00_nearest_3h_linear_uv
2026-02-20 01:00:00+00:00,2026-02-18T18:00:00+00:00,31,0.1949042458467458,0.1973839902880344,0.1961441180673901,extra_trees_weather,cb5edb694c53593a0407e12c,archived_forecast,2026-02-18 12:00:00+00:00,2026-02-18 18:00:00+00:00,NOAA_GFS_operational_1p00_nearest_3h_linear_uv,2026-02-18 12:00:00+00:00,2026-02-18 18:00:00+00:00,NOAA_GFS_operational_1p00_nearest_3h_linear_uv
2026-02-20 02:00:00+00:00,2026-02-18T18:00:00+00:00,32,0.1631793525918525,0.1580542936420877,0.1606168231169701,extra_trees_weather,cb5edb694c53593a0407e12c,archived_forecast,2026-02-18 12:00:00+00:00,2026-02-18 18:00:00+00:00,NOAA_GFS_operational_1p00_nearest_3h_linear_uv,2026-02-18 12:00:00+00:00,2026-02-18 18:00:00+00:00,NOAA_GFS_operational_1p00_nearest_3h_linear_uv
2026-02-20 03:00:00+00:00,2026-02-18T18:00:00+00:00,33,0.1414931203981204,0.1267386631152072,0.1341158917566638,extra_trees_weather,cb5edb694c53593a0407e12c,archived_forecast,2026-02-18 12:00:00+00:00,2026-02-18 18:00:00+00:00,NOAA_GFS_operational_1p00_nearest_3h_linear_uv,2026-02-18 12:00:00+00:00,2026-02-18 18:00:00+00:00,NOAA_GFS_operational_1p00_nearest_3h_linear_uv
2026-02-20 04:00:00+00:00,2026-02-18T18:00:00+00:00,34,0.1121321084933585,0.0957825553803494,0.1039573319368539,extra_trees_weather,cb5edb694c53593a0407e12c,archived_forecast,2026-02-18 12:00:00+00:00,2026-02-18 18:00:00+00:00,NOAA_GFS_operational_1p00_nearest_3h_linear_uv,2026-02-18 12:00:00+00:00,2026-02-18 18:00:00+00:00,NOAA_GFS_operational_1p00_nearest_3h_linear_uv
2026-02-20 05:00:00+00:00,2026-02-18T18:00:00+00:00,35,0.1205669523532023,0.091531537971832,0.1060492451625172,extra_trees_weather,cb5edb694c53593a0407e12c,archived_forecast,2026-02-18 12:00:00+00:00,2026-02-18 18:00:00+00:00,NOAA_GFS_operational_1p00_nearest_3h_linear_uv,2026-02-18 12:00:00+00:00,2026-02-18 18:00:00+00:00,NOAA_GFS_operational_1p00_nearest_3h_linear_uv
2026-02-20 06:00:00+00:00,2026-02-18T18:00:00+00:00,36,0.1294433828671328,0.106076514985559,0.1177599489263459,extra_trees_weather,cb5edb694c53593a0407e12c,archived_forecast,2026-02-18 12:00:00+00:00,2026-02-18 18:00:00+00:00,NOAA_GFS_operational_1p00_nearest_3h_linear_uv,2026-02-18 12:00:00+00:00,2026-02-18 18:00:00+00:00,NOAA_GFS_operational_1p00_nearest_3h_linear_uv
2026-02-20 07:00:00+00:00,2026-02-18T18:00:00+00:00,37,0.131681901061901,0.1066018753427944,0.1191418882023477,extra_trees_weather,cb5edb694c53593a0407e12c,archived_forecast,2026-02-18 12:00:00+00:00,2026-02-18 18:00:00+00:00,NOAA_GFS_operational_1p00_nearest_3h_linear_uv,2026-02-18 12:00:00+00:00,2026-02-18 18:00:00+00:00,NOAA_GFS_operational_1p00_nearest_3h_linear_uv
2026-02-20 08:00:00+00:00,2026-02-18T18:00:00+00:00,38,0.1267839612239612,0.1032273394620085,0.1150056503429849,extra_trees_weather,cb5edb694c53593a0407e12c,archived_forecast,2026-02-18 12:00:00+00:00,2026-02-18 18:00:00+00:00,NOAA_GFS_operational_1p00_nearest_3h_linear_uv,2026-02-18 12:00:00+00:00,2026-02-18 18:00:00+00:00,NOAA_GFS_operational_1p00_nearest_3h_linear_uv
2026-02-20 09:00:00+00:00,2026-02-18T18:00:00+00:00,39,0.12980675995301,0.1033802424386615,0.1165935011958357,extra_trees_weather,cb5edb694c53593a0407e12c,archived_forecast,2026-02-18 12:00:00+00:00,2026-02-18 18:00:00+00:00,NOAA_GFS_operational_1p00_nearest_3h_linear_uv,2026-02-18 12:00:00+00:00,2026-02-18 18:00:00+00:00,NOAA_GFS_operational_1p00_nearest_3h_linear_uv
2026-02-20 10:00:00+00:00,2026-02-18T18:00:00+00:00,40,0.1336926472370222,0.1188669915691607,0.1262798194030915,extra_trees_weather,cb5edb694c53593a0407e12c,archived_forecast,2026-02-18 12:00:00+00:00,2026-02-18 18:00:00+00:00,NOAA_GFS_operational_1p00_nearest_3h_linear_uv,2026-02-18 12:00:00+00:00,2026-02-18 18:00:00+00:00,NOAA_GFS_operational_1p00_nearest_3h_linear_uv
2026-02-20 11:00:00+00:00,2026-02-18T18:00:00+00:00,41,0.3398810132228881,0.2966904131244572,0.3182857131736727,extra_trees_weather,cb5edb694c53593a0407e12c,archived_forecast,2026-02-18 12:00:00+00:00,2026-02-18 18:00:00+00:00,NOAA_GFS_operational_1p00_nearest_3h_linear_uv,2026-02-18 12:00:00+00:00,2026-02-18 18:00:00+00:00,NOAA_GFS_operational_1p00_nearest_3h_linear_uv
2026-02-20 12:00:00+00:00,2026-02-18T18:00:00+00:00,42,0.7559802754965622,0.7088786112797878,0.732429443388175,extra_trees_weather,cb5edb694c53593a0407e12c,archived_forecast,2026-02-18 12:00:00+00:00,2026-02-18 18:00:00+00:00,NOAA_GFS_operational_1p00_nearest_3h_linear_uv,2026-02-18 12:00:00+00:00,2026-02-18 18:00:00+00:00,NOAA_GFS_operational_1p00_nearest_3h_linear_uv
2026-02-20 13:00:00+00:00,2026-02-18T18:00:00+00:00,43,0.7189256897500645,0.722920780776957,0.7209232352635108,extra_trees_weather,cb5edb694c53593a0407e12c,archived_forecast,2026-02-18 12:00:00+00:00,2026-02-18 18:00:00+00:00,NOAA_GFS_operational_1p00_nearest_3h_linear_uv,2026-02-18 12:00:00+00:00,2026-02-18 18:00:00+00:00,NOAA_GFS_operational_1p00_nearest_3h_linear_uv
2026-02-20 14:00:00+00:00,2026-02-18T18:00:00+00:00,44,0.7358133633727382,0.7298686801461066,0.7328410217594225,extra_trees_weather,cb5edb694c53593a0407e12c,archived_forecast,2026-02-18 12:00:00+00:00,2026-02-18 18:00:00+00:00,NOAA_GFS_operational_1p00_nearest_3h_linear_uv,2026-02-18 12:00:00+00:00,2026-02-18 18:00:00+00:00,NOAA_GFS_operational_1p00_nearest_3h_linear_uv
2026-02-20 15:00:00+00:00,2026-02-18T18:00:00+00:00,45,0.7550319653032151,0.7351702853927119,0.7451011253479635,extra_trees_weather,cb5edb694c53593a0407e12c,archived_forecast,2026-02-18 12:00:00+00:00,2026-02-18 18:00:00+00:00,NOAA_GFS_operational_1p00_nearest_3h_linear_uv,2026-02-18 12:00:00+00:00,2026-02-18 18:00:00+00:00,NOAA_GFS_operational_1p00_nearest_3h_linear_uv
2026-02-20 16:00:00+00:00,2026-02-18T18:00:00+00:00,46,0.7231199284280535,0.6804517190978955,0.7017858237629746,extra_trees_weather,cb5edb694c53593a0407e12c,archived_forecast,2026-02-18 12:00:00+00:00,2026-02-18 18:00:00+00:00,NOAA_GFS_operational_1p00_nearest_3h_linear_uv,2026-02-18 12:00:00+00:00,2026-02-18 18:00:00+00:00,NOAA_GFS_operational_1p00_nearest_3h_linear_uv
2026-02-20 17:00:00+00:00,2026-02-18T18:00:00+00:00,47,0.6511263617169866,0.6447734615221378,0.6479499116195622,extra_trees_weather,cb5edb694c53593a0407e12c,archived_forecast,2026-02-18 12:00:00+00:00,2026-02-18 18:00:00+00:00,NOAA_GFS_operational_1p00_nearest_3h_linear_uv,2026-02-18 12:00:00+00:00,2026-02-18 18:00:00+00:00,NOAA_GFS_operational_1p00_nearest_3h_linear_uv
2026-02-20 18:00:00+00:00,2026-02-18T18:00:00+00:00,48,0.647533398754024,0.62322750386868,0.6353804513113521,extra_trees_weather,cb5edb694c53593a0407e12c,archived_forecast,2026-02-18 12:00:00+00:00,2026-02-18 18:00:00+00:00,NOAA_GFS_operational_1p00_nearest_3h_linear_uv,2026-02-18 12:00:00+00:00,2026-02-18 18:00:00+00:00,NOAA_GFS_operational_1p00_nearest_3h_linear_uv
2026-02-19 19:00:00+00:00,2026-02-19T18:00:00+00:00,1,0.3982111414280163,0.4122142264217263,0.4052126839248713,extra_trees_weather,61cf87d51ab8e5fdedf24a8b,archived_forecast,2026-02-19 12:00:00+00:00,2026-02-19 18:00:00+00:00,NOAA_GFS_operational_1p00_nearest_3h_linear_uv,2026-02-19 12:00:00+00:00,2026-02-19 18:00:00+00:00,NOAA_GFS_operational_1p00_nearest_3h_linear_uv
2026-02-19 20:00:00+00:00,2026-02-19T18:00:00+00:00,2,0.4436303915297665,0.4204292372510387,0.4320298143904026,extra_trees_weather,61cf87d51ab8e5fdedf24a8b,archived_forecast,2026-02-19 12:00:00+00:00,2026-02-19 18:00:00+00:00,NOAA_GFS_operational_1p00_nearest_3h_linear_uv,2026-02-19 12:00:00+00:00,2026-02-19 18:00:00+00:00,NOAA_GFS_operational_1p00_nearest_3h_linear_uv
2026-02-19 21:00:00+00:00,2026-02-19T18:00:00+00:00,3,0.5746639913789917,0.5346753229939993,0.5546696571864955,extra_trees_weather,61cf87d51ab8e5fdedf24a8b,archived_forecast,2026-02-19 12:00:00+00:00,2026-02-19 18:00:00+00:00,NOAA_GFS_operational_1p00_nearest_3h_linear_uv,2026-02-19 12:00:00+00:00,2026-02-19 18:00:00+00:00,NOAA_GFS_operational_1p00_nearest_3h_linear_uv
2026-02-19 22:00:00+00:00,2026-02-19T18:00:00+00:00,4,0.5547035972592226,0.4856712174930189,0.5201874073761207,extra_trees_weather,61cf87d51ab8e5fdedf24a8b,archived_forecast,2026-02-19 12:00:00+00:00,2026-02-19 18:00:00+00:00,NOAA_GFS_operational_1p00_nearest_3h_linear_uv,2026-02-19 12:00:00+00:00,2026-02-19 18:00:00+00:00,NOAA_GFS_operational_1p00_nearest_3h_linear_uv
2026-02-19 23:00:00+00:00,2026-02-19T18:00:00+00:00,5,0.5272715633671887,0.4710470571857334,0.4991593102764611,extra_trees_weather,61cf87d51ab8e5fdedf24a8b,archived_forecast,2026-02-19 12:00:00+00:00,2026-02-19 18:00:00+00:00,NOAA_GFS_operational_1p00_nearest_3h_linear_uv,2026-02-19 12:00:00+00:00,2026-02-19 18:00:00+00:00,NOAA_GFS_operational_1p00_nearest_3h_linear_uv
2026-02-20 00:00:00+00:00,2026-02-19T18:00:00+00:00,6,0.5196860529748031,0.4836403271333785,0.5016631900540908,extra_trees_weather,61cf87d51ab8e5fdedf24a8b,archived_forecast,2026-02-19 12:00:00+00:00,2026-02-19 18:00:00+00:00,NOAA_GFS_operational_1p00_nearest_3h_linear_uv,2026-02-19 12:00:00+00:00,2026-02-19 18:00:00+00:00,NOAA_GFS_operational_1p00_nearest_3h_linear_uv
2026-02-20 01:00:00+00:00,2026-02-19T18:00:00+00:00,7,0.487453961963962,0.464465183665735,0.4759595728148485,extra_trees_weather,61cf87d51ab8e5fdedf24a8b,archived_forecast,2026-02-19 12:00:00+00:00,2026-02-19 18:00:00+00:00,NOAA_GFS_operational_1p00_nearest_3h_linear_uv,2026-02-19 12:00:00+00:00,2026-02-19 18:00:00+00:00,NOAA_GFS_operational_1p00_nearest_3h_linear_uv
2026-02-20 02:00:00+00:00,2026-02-19T18:00:00+00:00,8,0.4844459926184926,0.4640160159353172,0.4742310042769049,extra_trees_weather,61cf87d51ab8e5fdedf24a8b,archived_forecast,2026-02-19 12:00:00+00:00,2026-02-19 18:00:00+00:00,NOAA_GFS_operational_1p00_nearest_3h_linear_uv,2026-02-19 12:00:00+00:00,2026-02-19 18:00:00+00:00,NOAA_GFS_operational_1p00_nearest_3h_linear_uv
2026-02-20 03:00:00+00:00,2026-02-19T18:00:00+00:00,9,0.4818779139147889,0.4276155839136353,0.4547467489142121,extra_trees_weather,61cf87d51ab8e5fdedf24a8b,archived_forecast,2026-02-19 12:00:00+00:00,2026-02-19 18:00:00+00:00,NOAA_GFS_operational_1p00_nearest_3h_linear_uv,2026-02-19 12:00:00+00:00,2026-02-19 18:00:00+00:00,NOAA_GFS_operational_1p00_nearest_3h_linear_uv
2026-02-20 04:00:00+00:00,2026-02-19T18:00:00+00:00,10,0.4834801022819773,0.4470909417964932,0.4652855220392353,extra_trees_weather,61cf87d51ab8e5fdedf24a8b,archived_forecast,2026-02-19 12:00:00+00:00,2026-02-19 18:00:00+00:00,NOAA_GFS_operational_1p00_nearest_3h_linear_uv,2026-02-19 12:00:00+00:00,2026-02-19 18:00:00+00:00,NOAA_GFS_operational_1p00_nearest_3h_linear_uv
2026-02-20 05:00:00+00:00,2026-02-19T18:00:00+00:00,11,0.4840400584831835,0.4502353389271401,0.4671376987051618,extra_trees_weather,61cf87d51ab8e5fdedf24a8b,archived_forecast,2026-02-19 12:00:00+00:00,2026-02-19 18:00:00+00:00,NOAA_GFS_operational_1p00_nearest_3h_linear_uv,2026-02-19 12:00:00+00:00,2026-02-19 18:00:00+00:00,NOAA_GFS_operational_1p00_nearest_3h_linear_uv
2026-02-20 06:00:00+00:00,2026-02-19T18:00:00+00:00,12,0.513492799908425,0.4985330874980139,0.5060129437032194,extra_trees_weather,61cf87d51ab8e5fdedf24a8b,archived_forecast,2026-02-19 12:00:00+00:00,2026-02-19 18:00:00+00:00,NOAA_GFS_operational_1p00_nearest_3h_linear_uv,2026-02-19 12:00:00+00:00,2026-02-19 18:00:00+00:00,NOAA_GFS_operational_1p00_nearest_3h_linear_uv
2026-02-20 07:00:00+00:00,2026-02-19T18:00:00+00:00,13,0.4989863266594518,0.473795664781841,0.4863909957206464,extra_trees_weather,61cf87d51ab8e5fdedf24a8b,archived_forecast,2026-02-19 12:00:00+00:00,2026-02-19 18:00:00+00:00,NOAA_GFS_operational_1p00_nearest_3h_linear_uv,2026-02-19 12:00:00+00:00,2026-02-19 18:00:00+00:00,NOAA_GFS_operational_1p00_nearest_3h_linear_uv
2026-02-20 08:00:00+00:00,2026-02-19T18:00:00+00:00,14,0.5168526730907981,0.49197464376582,0.5044136584283091,extra_trees_weather,61cf87d51ab8e5fdedf24a8b,archived_forecast,2026-02-19 12:00:00+00:00,2026-02-19 18:00:00+00:00,NOAA_GFS_operational_1p00_nearest_3h_linear_uv,2026-02-19 12:00:00+00:00,2026-02-19 18:00:00+00:00,NOAA_GFS_operational_1p00_nearest_3h_linear_uv
2026-02-20 09:00:00+00:00,2026-02-19T18:00:00+00:00,15,0.5159739610838507,0.5076723835260598,0.5118231723049553,extra_trees_weather,61cf87d51ab8e5fdedf24a8b,archived_forecast,2026-02-19 12:00:00+00:00,2026-02-19 18:00:00+00:00,NOAA_GFS_operational_1p00_nearest_3h_linear_uv,2026-02-19 12:00:00+00:00,2026-02-19 18:00:00+00:00,NOAA_GFS_operational_1p00_nearest_3h_linear_uv
2026-02-20 10:00:00+00:00,2026-02-19T18:00:00+00:00,16,0.1284922409303659,0.1116607970229662,0.120076518976666,extra_trees_weather,61cf87d51ab8e5fdedf24a8b,archived_forecast,2026-02-19 12:00:00+00:00,2026-02-19 18:00:00+00:00,NOAA_GFS_operational_1p00_nearest_3h_linear_uv,2026-02-19 12:00:00+00:00,2026-02-19 18:00:00+00:00,NOAA_GFS_operational_1p00_nearest_3h_linear_uv
2026-02-20 11:00:00+00:00,2026-02-19T18:00:00+00:00,17,0.1759690952797201,0.1569966421500613,0.1664828687148907,extra_trees_weather,61cf87d51ab8e5fdedf24a8b,archived_forecast,2026-02-19 12:00:00+00:00,2026-02-19 18:00:00+00:00,NOAA_GFS_operational_1p00_nearest_3h_linear_uv,2026-02-19 12:00:00+00:00,2026-02-19 18:00:00+00:00,NOAA_GFS_operational_1p00_nearest_3h_linear_uv
2026-02-20 12:00:00+00:00,2026-02-19T18:00:00+00:00,18,0.463384043248418,0.4900501146076146,0.4767170789280163,extra_trees_weather,61cf87d51ab8e5fdedf24a8b,archived_forecast,2026-02-19 12:00:00+00:00,2026-02-19 18:00:00+00:00,NOAA_GFS_operational_1p00_nearest_3h_linear_uv,2026-02-19 12:00:00+00:00,2026-02-19 18:00:00+00:00,NOAA_GFS_operational_1p00_nearest_3h_linear_uv
2026-02-20 13:00:00+00:00,2026-02-19T18:00:00+00:00,19,0.5309190933821077,0.5357328254452515,0.5333259594136796,extra_trees_weather,61cf87d51ab8e5fdedf24a8b,archived_forecast,2026-02-19 12:00:00+00:00,2026-02-19 18:00:00+00:00,NOAA_GFS_operational_1p00_nearest_3h_linear_uv,2026-02-19 12:00:00+00:00,2026-02-19 18:00:00+00:00,NOAA_GFS_operational_1p00_nearest_3h_linear_uv
2026-02-20 14:00:00+00:00,2026-02-19T18:00:00+00:00,20,0.5869776385188886,0.6247782409094171,0.6058779397141529,extra_trees_weather,61cf87d51ab8e5fdedf24a8b,archived_forecast,2026-02-19 12:00:00+00:00,2026-02-19 18:00:00+00:00,NOAA_GFS_operational_1p00_nearest_3h_linear_uv,2026-02-19 12:00:00+00:00,2026-02-19 18:00:00+00:00,NOAA_GFS_operational_1p00_nearest_3h_linear_uv
2026-02-20 15:00:00+00:00,2026-02-19T18:00:00+00:00,21,0.6640229498510749,0.6572691871853636,0.6606460685182192,extra_trees_weather,61cf87d51ab8e5fdedf24a8b,archived_forecast,2026-02-19 12:00:00+00:00,2026-02-19 18:00:00+00:00,NOAA_GFS_operational_1p00_nearest_3h_linear_uv,2026-02-19 12:00:00+00:00,2026-02-19 18:00:00+00:00,NOAA_GFS_operational_1p00_nearest_3h_linear_uv
2026-02-20 16:00:00+00:00,2026-02-19T18:00:00+00:00,22,0.651806502039627,0.6495507935882201,0.6506786478139235,extra_trees_weather,61cf87d51ab8e5fdedf24a8b,archived_forecast,2026-02-19 12:00:00+00:00,2026-02-19 18:00:00+00:00,NOAA_GFS_operational_1p00_nearest_3h_linear_uv,2026-02-19 12:00:00+00:00,2026-02-19 18:00:00+00:00,NOAA_GFS_operational_1p00_nearest_3h_linear_uv
2026-02-20 17:00:00+00:00,2026-02-19T18:00:00+00:00,23,0.626041927632553,0.635517939752241,0.6307799336923969,extra_trees_weather,61cf87d51ab8e5fdedf24a8b,archived_forecast,2026-02-19 12:00:00+00:00,2026-02-19 18:00:00+00:00,NOAA_GFS_operational_1p00_nearest_3h_linear_uv,2026-02-19 12:00:00+00:00,2026-02-19 18:00:00+00:00,NOAA_GFS_operational_1p00_nearest_3h_linear_uv
2026-02-20 18:00:00+00:00,2026-02-19T18:00:00+00:00,24,0.6139266304297558,0.603766576763378,0.608846603596567,extra_trees_weather,61cf87d51ab8e5fdedf24a8b,archived_forecast,2026-02-19 12:00:00+00:00,2026-02-19 18:00:00+00:00,NOAA_GFS_operational_1p00_nearest_3h_linear_uv,2026-02-19 12:00:00+00:00,2026-02-19 18:00:00+00:00,NOAA_GFS_operational_1p00_nearest_3h_linear_uv
2026-02-20 19:00:00+00:00,2026-02-19T18:00:00+00:00,25,0.593316190707441,0.5771911291323054,0.5852536599198732,extra_trees_weather,61cf87d51ab8e5fdedf24a8b,archived_forecast,2026-02-19 12:00:00+00:00,2026-02-19 18:00:00+00:00,NOAA_GFS_operational_1p00_nearest_3h_linear_uv,2026-02-19 12:00:00+00:00,2026-02-19 18:00:00+00:00,NOAA_GFS_operational_1p00_nearest_3h_linear_uv
2026-02-20 20:00:00+00:00,2026-02-19T18:00:00+00:00,26,0.5823928483553485,0.554983409629586,0.5686881289924673,extra_trees_weather,61cf87d51ab8e5fdedf24a8b,archived_forecast,2026-02-19 12:00:00+00:00,2026-02-19 18:00:00+00:00,NOAA_GFS_operational_1p00_nearest_3h_linear_uv,2026-02-19 12:00:00+00:00,2026-02-19 18:00:00+00:00,NOAA_GFS_operational_1p00_nearest_3h_linear_uv
2026-02-20 21:00:00+00:00,2026-02-19T18:00:00+00:00,27,0.5839386249861253,0.5103343116904882,0.5471364683383066,extra_trees_weather,61cf87d51ab8e5fdedf24a8b,archived_forecast,2026-02-19 12:00:00+00:00,2026-02-19 18:00:00+00:00,NOAA_GFS_operational_1p00_nearest_3h_linear_uv,2026-02-19 12:00:00+00:00,2026-02-19 18:00:00+00:00,NOAA_GFS_operational_1p00_nearest_3h_linear_uv
2026-02-20 22:00:00+00:00,2026-02-19T18:00:00+00:00,28,0.4962264751683501,0.4436726748782263,0.4699495750232882,extra_trees_weather,61cf87d51ab8e5fdedf24a8b,archived_forecast,2026-02-19 12:00:00+00:00,2026-02-19 18:00:00+00:00,NOAA_GFS_operational_1p00_nearest_3h_linear_uv,2026-02-19 12:00:00+00:00,2026-02-19 18:00:00+00:00,NOAA_GFS_operational_1p00_nearest_3h_linear_uv
2026-02-20 23:00:00+00:00,2026-02-19T18:00:00+00:00,29,0.42248907028157,0.3714087413580425,0.3969489058198063,extra_trees_weather,61cf87d51ab8e5fdedf24a8b,archived_forecast,2026-02-19 12:00:00+00:00,2026-02-19 18:00:00+00:00,NOAA_GFS_operational_1p00_nearest_3h_linear_uv,2026-02-19 12:00:00+00:00,2026-02-19 18:00:00+00:00,NOAA_GFS_operational_1p00_nearest_3h_linear_uv
2026-02-21 00:00:00+00:00,2026-02-19T18:00:00+00:00,30,0.3431071766890517,0.3037076149082398,0.3234073957986458,extra_trees_weather,61cf87d51ab8e5fdedf24a8b,archived_forecast,2026-02-19 12:00:00+00:00,2026-02-19 18:00:00+00:00,NOAA_GFS_operational_1p00_nearest_3h_linear_uv,2026-02-19 12:00:00+00:00,2026-02-19 18:00:00+00:00,NOAA_GFS_operational_1p00_nearest_3h_linear_uv
2026-02-21 01:00:00+00:00,2026-02-19T18:00:00+00:00,31,0.2395649925306175,0.2214623291292041,0.2305136608299108,extra_trees_weather,61cf87d51ab8e5fdedf24a8b,archived_forecast,2026-02-19 12:00:00+00:00,2026-02-19 18:00:00+00:00,NOAA_GFS_operational_1p00_nearest_3h_linear_uv,2026-02-19 12:00:00+00:00,2026-02-19 18:00:00+00:00,NOAA_GFS_operational_1p00_nearest_3h_linear_uv
2026-02-21 02:00:00+00:00,2026-02-19T18:00:00+00:00,32,0.1765703702778702,0.1693323378473378,0.172951354062604,extra_trees_weather,61cf87d51ab8e5fdedf24a8b,archived_forecast,2026-02-19 12:00:00+00:00,2026-02-19 18:00:00+00:00,NOAA_GFS_operational_1p00_nearest_3h_linear_uv,2026-02-19 12:00:00+00:00,2026-02-19 18:00:00+00:00,NOAA_GFS_operational_1p00_nearest_3h_linear_uv
2026-02-21 03:00:00+00:00,2026-02-19T18:00:00+00:00,33,0.145114024956525,0.1372033997483997,0.1411587123524624,extra_trees_weather,61cf87d51ab8e5fdedf24a8b,archived_forecast,2026-02-19 12:00:00+00:00,2026-02-19 18:00:00+00:00,NOAA_GFS_operational_1p00_nearest_3h_linear_uv,2026-02-19 12:00:00+00:00,2026-02-19 18:00:00+00:00,NOAA_GFS_operational_1p00_nearest_3h_linear_uv
2026-02-21 04:00:00+00:00,2026-02-19T18:00:00+00:00,34,0.1170699975024975,0.1052232392144892,0.1111466183584934,extra_trees_weather,61cf87d51ab8e5fdedf24a8b,archived_forecast,2026-02-19 12:00:00+00:00,2026-02-19 18:00:00+00:00,NOAA_GFS_operational_1p00_nearest_3h_linear_uv,2026-02-19 12:00:00+00:00,2026-02-19 18:00:00+00:00,NOAA_GFS_operational_1p00_nearest_3h_linear_uv
2026-02-21 05:00:00+00:00,2026-02-19T18:00:00+00:00,35,0.1147811380980131,0.0997765377215377,0.1072788379097754,extra_trees_weather,61cf87d51ab8e5fdedf24a8b,archived_forecast,2026-02-19 12:00:00+00:00,2026-02-19 18:00:00+00:00,NOAA_GFS_operational_1p00_nearest_3h_linear_uv,2026-02-19 12:00:00+00:00,2026-02-19 18:00:00+00:00,NOAA_GFS_operational_1p00_nearest_3h_linear_uv
2026-02-21 06:00:00+00:00,2026-02-19T18:00:00+00:00,36,0.1298043813131313,0.1013944564232064,0.1155994188681688,extra_trees_weather,61cf87d51ab8e5fdedf24a8b,archived_forecast,2026-02-19 12:00:00+00:00,2026-02-19 18:00:00+00:00,NOAA_GFS_operational_1p00_nearest_3h_linear_uv,2026-02-19 12:00:00+00:00,2026-02-19 18:00:00+00:00,NOAA_GFS_operational_1p00_nearest_3h_linear_uv
2026-02-21 07:00:00+00:00,2026-02-19T18:00:00+00:00,37,0.5513483428145928,0.5517993900380662,0.5515738664263296,extra_trees_weather,61cf87d51ab8e5fdedf24a8b,archived_forecast,2026-02-19 12:00:00+00:00,2026-02-19 18:00:00+00:00,NOAA_GFS_operational_1p00_nearest_3h_linear_uv,2026-02-19 12:00:00+00:00,2026-02-19 18:00:00+00:00,NOAA_GFS_operational_1p00_nearest_3h_linear_uv
2026-02-21 08:00:00+00:00,2026-02-19T18:00:00+00:00,38,0.8461809855503974,0.8021215545103046,0.824151270030351,extra_trees_weather,61cf87d51ab8e5fdedf24a8b,archived_forecast,2026-02-19 12:00:00+00:00,2026-02-19 18:00:00+00:00,NOAA_GFS_operational_1p00_nearest_3h_linear_uv,2026-02-19 12:00:00+00:00,2026-02-19 18:00:00+00:00,NOAA_GFS_operational_1p00_nearest_3h_linear_uv
2026-02-21 09:00:00+00:00,2026-02-19T18:00:00+00:00,39,0.8465348876667997,0.8010912304362307,0.8238130590515153,extra_trees_weather,61cf87d51ab8e5fdedf24a8b,archived_forecast,2026-02-19 12:00:00+00:00,2026-02-19 18:00:00+00:00,NOAA_GFS_operational_1p00_nearest_3h_linear_uv,2026-02-19 12:00:00+00:00,2026-02-19 18:00:00+00:00,NOAA_GFS_operational_1p00_nearest_3h_linear_uv
2026-02-21 10:00:00+00:00,2026-02-19T18:00:00+00:00,40,0.8485963691482811,0.8010912304362307,0.8248437997922559,extra_trees_weather,61cf87d51ab8e5fdedf24a8b,archived_forecast,2026-02-19 12:00:00+00:00,2026-02-19 18:00:00+00:00,NOAA_GFS_operational_1p00_nearest_3h_linear_uv,2026-02-19 12:00:00+00:00,2026-02-19 18:00:00+00:00,NOAA_GFS_operational_1p00_nearest_3h_linear_uv
2026-02-21 11:00:00+00:00,2026-02-19T18:00:00+00:00,41,0.8485963691482811,0.8016132211769715,0.8251047951626262,extra_trees_weather,61cf87d51ab8e5fdedf24a8b,archived_forecast,2026-02-19 12:00:00+00:00,2026-02-19 18:00:00+00:00,NOAA_GFS_operational_1p00_nearest_3h_linear_uv,2026-02-19 12:00:00+00:00,2026-02-19 18:00:00+00:00,NOAA_GFS_operational_1p00_nearest_3h_linear_uv
2026-02-21 12:00:00+00:00,2026-02-19T18:00:00+00:00,42,0.8458561249480367,0.7971201325526327,0.8214881287503348,extra_trees_weather,61cf87d51ab8e5fdedf24a8b,archived_forecast,2026-02-19 12:00:00+00:00,2026-02-19 18:00:00+00:00,NOAA_GFS_operational_1p00_nearest_3h_linear_uv,2026-02-19 12:00:00+00:00,2026-02-19 18:00:00+00:00,NOAA_GFS_operational_1p00_nearest_3h_linear_uv
2026-02-21 13:00:00+00:00,2026-02-19T18:00:00+00:00,43,0.8496000012106631,0.7921309998797501,0.8208655005452065,extra_trees_weather,61cf87d51ab8e5fdedf24a8b,archived_forecast,2026-02-19 12:00:00+00:00,2026-02-19 18:00:00+00:00,NOAA_GFS_operational_1p00_nearest_3h_linear_uv,2026-02-19 12:00:00+00:00,2026-02-19 18:00:00+00:00,NOAA_GFS_operational_1p00_nearest_3h_linear_uv
2026-02-21 14:00:00+00:00,2026-02-19T18:00:00+00:00,44,0.8496000012106631,0.7909726803751806,0.820286340792922,extra_trees_weather,61cf87d51ab8e5fdedf24a8b,archived_forecast,2026-02-19 12:00:00+00:00,2026-02-19 18:00:00+00:00,NOAA_GFS_operational_1p00_nearest_3h_linear_uv,2026-02-19 12:00:00+00:00,2026-02-19 18:00:00+00:00,NOAA_GFS_operational_1p00_nearest_3h_linear_uv
2026-02-21 15:00:00+00:00,2026-02-19T18:00:00+00:00,45,0.8504473930780548,0.727638249604426,0.7890428213412403,extra_trees_weather,61cf87d51ab8e5fdedf24a8b,archived_forecast,2026-02-19 12:00:00+00:00,2026-02-19 18:00:00+00:00,NOAA_GFS_operational_1p00_nearest_3h_linear_uv,2026-02-19 12:00:00+00:00,2026-02-19 18:00:00+00:00,NOAA_GFS_operational_1p00_nearest_3h_linear_uv
2026-02-21 16:00:00+00:00,2026-02-19T18:00:00+00:00,46,0.7531534778647277,0.7296437005886269,0.7413985892266775,extra_trees_weather,61cf87d51ab8e5fdedf24a8b,archived_forecast,2026-02-19 12:00:00+00:00,2026-02-19 18:00:00+00:00,NOAA_GFS_operational_1p00_nearest_3h_linear_uv,2026-02-19 12:00:00+00:00,2026-02-19 18:00:00+00:00,NOAA_GFS_operational_1p00_nearest_3h_linear_uv
2026-02-21 17:00:00+00:00,2026-02-19T18:00:00+00:00,47,0.6237919639619642,0.618979153677205,0.6213855588195846,extra_trees_weather,61cf87d51ab8e5fdedf24a8b,archived_forecast,2026-02-19 12:00:00+00:00,2026-02-19 18:00:00+00:00,NOAA_GFS_operational_1p00_nearest_3h_linear_uv,2026-02-19 12:00:00+00:00,2026-02-19 18:00:00+00:00,NOAA_GFS_operational_1p00_nearest_3h_linear_uv
2026-02-21 18:00:00+00:00,2026-02-19T18:00:00+00:00,48,0.5710134793216046,0.4944254914135427,0.5327194853675736,extra_trees_weather,61cf87d51ab8e5fdedf24a8b,archived_forecast,2026-02-19 12:00:00+00:00,2026-02-19 18:00:00+00:00,NOAA_GFS_operational_1p00_nearest_3h_linear_uv,2026-02-19 12:00:00+00:00,2026-02-19 18:00:00+00:00,NOAA_GFS_operational_1p00_nearest_3h_linear_uv
2026-02-20 19:00:00+00:00,2026-02-20T18:00:00+00:00,1,0.5643680164742668,0.5197238202374966,0.5420459183558816,extra_trees_weather,a2bd4a48f999f02f05f86184,archived_forecast,2026-02-20 12:00:00+00:00,2026-02-20 18:00:00+00:00,NOAA_GFS_operational_1p00_nearest_3h_linear_uv,2026-02-20 12:00:00+00:00,2026-02-20 18:00:00+00:00,NOAA_GFS_operational_1p00_nearest_3h_linear_uv
2026-02-20 20:00:00+00:00,2026-02-20T18:00:00+00:00,2,0.5111482844701598,0.4534193248023761,0.4822838046362679,extra_trees_weather,a2bd4a48f999f02f05f86184,archived_forecast,2026-02-20 12:00:00+00:00,2026-02-20 18:00:00+00:00,NOAA_GFS_operational_1p00_nearest_3h_linear_uv,2026-02-20 12:00:00+00:00,2026-02-20 18:00:00+00:00,NOAA_GFS_operational_1p00_nearest_3h_linear_uv
2026-02-20 21:00:00+00:00,2026-02-20T18:00:00+00:00,3,0.4597372504578755,0.4074937790980805,0.433615514777978,extra_trees_weather,a2bd4a48f999f02f05f86184,archived_forecast,2026-02-20 12:00:00+00:00,2026-02-20 18:00:00+00:00,NOAA_GFS_operational_1p00_nearest_3h_linear_uv,2026-02-20 12:00:00+00:00,2026-02-20 18:00:00+00:00,NOAA_GFS_operational_1p00_nearest_3h_linear_uv
2026-02-20 22:00:00+00:00,2026-02-20T18:00:00+00:00,4,0.388847979173604,0.3474922177822176,0.3681700984779108,extra_trees_weather,a2bd4a48f999f02f05f86184,archived_forecast,2026-02-20 12:00:00+00:00,2026-02-20 18:00:00+00:00,NOAA_GFS_operational_1p00_nearest_3h_linear_uv,2026-02-20 12:00:00+00:00,2026-02-20 18:00:00+00:00,NOAA_GFS_operational_1p00_nearest_3h_linear_uv
2026-02-20 23:00:00+00:00,2026-02-20T18:00:00+00:00,5,0.3319013444657193,0.3296914496614496,0.3307963970635845,extra_trees_weather,a2bd4a48f999f02f05f86184,archived_forecast,2026-02-20 12:00:00+00:00,2026-02-20 18:00:00+00:00,NOAA_GFS_operational_1p00_nearest_3h_linear_uv,2026-02-20 12:00:00+00:00,2026-02-20 18:00:00+00:00,NOAA_GFS_operational_1p00_nearest_3h_linear_uv
2026-02-21 00:00:00+00:00,2026-02-20T18:00:00+00:00,6,0.267802268981019,0.2372049005161504,0.2525035847485847,extra_trees_weather,a2bd4a48f999f02f05f86184,archived_forecast,2026-02-20 12:00:00+00:00,2026-02-20 18:00:00+00:00,NOAA_GFS_operational_1p00_nearest_3h_linear_uv,2026-02-20 12:00:00+00:00,2026-02-20 18:00:00+00:00,NOAA_GFS_operational_1p00_nearest_3h_linear_uv
2026-02-21 01:00:00+00:00,2026-02-20T18:00:00+00:00,7,0.2785191041366041,0.2623156354987605,0.2704173698176823,extra_trees_weather,a2bd4a48f999f02f05f86184,archived_forecast,2026-02-20 12:00:00+00:00,2026-02-20 18:00:00+00:00,NOAA_GFS_operational_1p00_nearest_3h_linear_uv,2026-02-20 12:00:00+00:00,2026-02-20 18:00:00+00:00,NOAA_GFS_operational_1p00_nearest_3h_linear_uv
2026-02-21 02:00:00+00:00,2026-02-20T18:00:00+00:00,8,0.3379755542374293,0.3005335444879195,0.3192545493626744,extra_trees_weather,a2bd4a48f999f02f05f86184,archived_forecast,2026-02-20 12:00:00+00:00,2026-02-20 18:00:00+00:00,NOAA_GFS_operational_1p00_nearest_3h_linear_uv,2026-02-20 12:00:00+00:00,2026-02-20 18:00:00+00:00,NOAA_GFS_operational_1p00_nearest_3h_linear_uv
2026-02-21 03:00:00+00:00,2026-02-20T18:00:00+00:00,9,0.4770955604349354,0.4176797219515233,0.4473876411932293,extra_trees_weather,a2bd4a48f999f02f05f86184,archived_forecast,2026-02-20 12:00:00+00:00,2026-02-20 18:00:00+00:00,NOAA_GFS_operational_1p00_nearest_3h_linear_uv,2026-02-20 12:00:00+00:00,2026-02-20 18:00:00+00:00,NOAA_GFS_operational_1p00_nearest_3h_linear_uv
2026-02-21 04:00:00+00:00,2026-02-20T18:00:00+00:00,10,0.1138570720945721,0.0996650688200688,0.1067610704573205,extra_trees_weather,a2bd4a48f999f02f05f86184,archived_forecast,2026-02-20 12:00:00+00:00,2026-02-20 18:00:00+00:00,NOAA_GFS_operational_1p00_nearest_3h_linear_uv,2026-02-20 12:00:00+00:00,2026-02-20 18:00:00+00:00,NOAA_GFS_operational_1p00_nearest_3h_linear_uv
2026-02-21 05:00:00+00:00,2026-02-20T18:00:00+00:00,11,0.1143365547646798,0.0997765377215377,0.1070565462431087,extra_trees_weather,a2bd4a48f999f02f05f86184,archived_forecast,2026-02-20 12:00:00+00:00,2026-02-20 18:00:00+00:00,NOAA_GFS_operational_1p00_nearest_3h_linear_uv,2026-02-20 12:00:00+00:00,2026-02-20 18:00:00+00:00,NOAA_GFS_operational_1p00_nearest_3h_linear_uv
2026-02-21 06:00:00+00:00,2026-02-20T18:00:00+00:00,12,0.1870802780090279,0.1381157379888629,0.1625980079989454,extra_trees_weather,a2bd4a48f999f02f05f86184,archived_forecast,2026-02-20 12:00:00+00:00,2026-02-20 18:00:00+00:00,NOAA_GFS_operational_1p00_nearest_3h_linear_uv,2026-02-20 12:00:00+00:00,2026-02-20 18:00:00+00:00,NOAA_GFS_operational_1p00_nearest_3h_linear_uv
2026-02-21 07:00:00+00:00,2026-02-20T18:00:00+00:00,13,0.6200906080956081,0.6045670410907173,0.6123288245931627,extra_trees_weather,a2bd4a48f999f02f05f86184,archived_forecast,2026-02-20 12:00:00+00:00,2026-02-20 18:00:00+00:00,NOAA_GFS_operational_1p00_nearest_3h_linear_uv,2026-02-20 12:00:00+00:00,2026-02-20 18:00:00+00:00,NOAA_GFS_operational_1p00_nearest_3h_linear_uv
2026-02-21 08:00:00+00:00,2026-02-20T18:00:00+00:00,14,0.8488024217530838,0.8072772784160287,0.8280398500845562,extra_trees_weather,a2bd4a48f999f02f05f86184,archived_forecast,2026-02-20 12:00:00+00:00,2026-02-20 18:00:00+00:00,NOAA_GFS_operational_1p00_nearest_3h_linear_uv,2026-02-20 12:00:00+00:00,2026-02-20 18:00:00+00:00,NOAA_GFS_operational_1p00_nearest_3h_linear_uv
2026-02-21 09:00:00+00:00,2026-02-20T18:00:00+00:00,15,0.8491563238694859,0.8062469543419545,0.8277016391057203,extra_trees_weather,a2bd4a48f999f02f05f86184,archived_forecast,2026-02-20 12:00:00+00:00,2026-02-20 18:00:00+00:00,NOAA_GFS_operational_1p00_nearest_3h_linear_uv,2026-02-20 12:00:00+00:00,2026-02-20 18:00:00+00:00,NOAA_GFS_operational_1p00_nearest_3h_linear_uv
2026-02-21 10:00:00+00:00,2026-02-20T18:00:00+00:00,16,0.8512178053509672,0.8062469543419545,0.8287323798464609,extra_trees_weather,a2bd4a48f999f02f05f86184,archived_forecast,2026-02-20 12:00:00+00:00,2026-02-20 18:00:00+00:00,NOAA_GFS_operational_1p00_nearest_3h_linear_uv,2026-02-20 12:00:00+00:00,2026-02-20 18:00:00+00:00,NOAA_GFS_operational_1p00_nearest_3h_linear_uv
2026-02-21 11:00:00+00:00,2026-02-20T18:00:00+00:00,17,0.8512178053509672,0.8067689450826953,0.8289933752168313,extra_trees_weather,a2bd4a48f999f02f05f86184,archived_forecast,2026-02-20 12:00:00+00:00,2026-02-20 18:00:00+00:00,NOAA_GFS_operational_1p00_nearest_3h_linear_uv,2026-02-20 12:00:00+00:00,2026-02-20 18:00:00+00:00,NOAA_GFS_operational_1p00_nearest_3h_linear_uv
2026-02-21 12:00:00+00:00,2026-02-20T18:00:00+00:00,18,0.8484775611507231,0.8021443749768753,0.8253109680637992,extra_trees_weather,a2bd4a48f999f02f05f86184,archived_forecast,2026-02-20 12:00:00+00:00,2026-02-20 18:00:00+00:00,NOAA_GFS_operational_1p00_nearest_3h_linear_uv,2026-02-20 12:00:00+00:00,2026-02-20 18:00:00+00:00,NOAA_GFS_operational_1p00_nearest_3h_linear_uv
2026-02-21 13:00:00+00:00,2026-02-20T18:00:00+00:00,19,0.8522214374133493,0.7971552423039924,0.8246883398586708,extra_trees_weather,a2bd4a48f999f02f05f86184,archived_forecast,2026-02-20 12:00:00+00:00,2026-02-20 18:00:00+00:00,NOAA_GFS_operational_1p00_nearest_3h_linear_uv,2026-02-20 12:00:00+00:00,2026-02-20 18:00:00+00:00,NOAA_GFS_operational_1p00_nearest_3h_linear_uv
2026-02-21 14:00:00+00:00,2026-02-20T18:00:00+00:00,20,0.8522214374133493,0.7971160894660898,0.8246687634397196,extra_trees_weather,a2bd4a48f999f02f05f86184,archived_forecast,2026-02-20 12:00:00+00:00,2026-02-20 18:00:00+00:00,NOAA_GFS_operational_1p00_nearest_3h_linear_uv,2026-02-20 12:00:00+00:00,2026-02-20 18:00:00+00:00,NOAA_GFS_operational_1p00_nearest_3h_linear_uv
2026-02-21 15:00:00+00:00,2026-02-20T18:00:00+00:00,21,0.8572041755085875,0.7971160894660898,0.8271601324873386,extra_trees_weather,a2bd4a48f999f02f05f86184,archived_forecast,2026-02-20 12:00:00+00:00,2026-02-20 18:00:00+00:00,NOAA_GFS_operational_1p00_nearest_3h_linear_uv,2026-02-20 12:00:00+00:00,2026-02-20 18:00:00+00:00,NOAA_GFS_operational_1p00_nearest_3h_linear_uv
2026-02-21 16:00:00+00:00,2026-02-20T18:00:00+00:00,22,0.8527540607622224,0.7219269430868696,0.787340501924546,extra_trees_weather,a2bd4a48f999f02f05f86184,archived_forecast,2026-02-20 12:00:00+00:00,2026-02-20 18:00:00+00:00,NOAA_GFS_operational_1p00_nearest_3h_linear_uv,2026-02-20 12:00:00+00:00,2026-02-20 18:00:00+00:00,NOAA_GFS_operational_1p00_nearest_3h_linear_uv
2026-02-21 17:00:00+00:00,2026-02-20T18:00:00+00:00,23,0.6427743780987533,0.6271993171479934,0.6349868476233734,extra_trees_weather,a2bd4a48f999f02f05f86184,archived_forecast,2026-02-20 12:00:00+00:00,2026-02-20 18:00:00+00:00,NOAA_GFS_operational_1p00_nearest_3h_linear_uv,2026-02-20 12:00:00+00:00,2026-02-20 18:00:00+00:00,NOAA_GFS_operational_1p00_nearest_3h_linear_uv
2026-02-21 18:00:00+00:00,2026-02-20T18:00:00+00:00,24,0.5521456589475342,0.4949235679897443,0.5235346134686392,extra_trees_weather,a2bd4a48f999f02f05f86184,archived_forecast,2026-02-20 12:00:00+00:00,2026-02-20 18:00:00+00:00,NOAA_GFS_operational_1p00_nearest_3h_linear_uv,2026-02-20 12:00:00+00:00,2026-02-20 18:00:00+00:00,NOAA_GFS_operational_1p00_nearest_3h_linear_uv
2026-02-21 19:00:00+00:00,2026-02-20T18:00:00+00:00,25,0.4945174227392977,0.4503105789648803,0.472414000852089,extra_trees_weather,a2bd4a48f999f02f05f86184,archived_forecast,2026-02-20 12:00:00+00:00,2026-02-20 18:00:00+00:00,NOAA_GFS_operational_1p00_nearest_3h_linear_uv,2026-02-20 12:00:00+00:00,2026-02-20 18:00:00+00:00,NOAA_GFS_operational_1p00_nearest_3h_linear_uv
2026-02-21 20:00:00+00:00,2026-02-20T18:00:00+00:00,26,0.4722249548368298,0.4157516398484412,0.4439882973426355,extra_trees_weather,a2bd4a48f999f02f05f86184,archived_forecast,2026-02-20 12:00:00+00:00,2026-02-20 18:00:00+00:00,NOAA_GFS_operational_1p00_nearest_3h_linear_uv,2026-02-20 12:00:00+00:00,2026-02-20 18:00:00+00:00,NOAA_GFS_operational_1p00_nearest_3h_linear_uv
2026-02-21 21:00:00+00:00,2026-02-20T18:00:00+00:00,27,0.4315067357642354,0.386344122689674,0.4089254292269547,extra_trees_weather,a2bd4a48f999f02f05f86184,archived_forecast,2026-02-20 12:00:00+00:00,2026-02-20 18:00:00+00:00,NOAA_GFS_operational_1p00_nearest_3h_linear_uv,2026-02-20 12:00:00+00:00,2026-02-20 18:00:00+00:00,NOAA_GFS_operational_1p00_nearest_3h_linear_uv
2026-02-21 22:00:00+00:00,2026-02-20T18:00:00+00:00,28,0.3381271152458652,0.3364788033956784,0.3373029593207718,extra_trees_weather,a2bd4a48f999f02f05f86184,archived_forecast,2026-02-20 12:00:00+00:00,2026-02-20 18:00:00+00:00,NOAA_GFS_operational_1p00_nearest_3h_linear_uv,2026-02-20 12:00:00+00:00,2026-02-20 18:00:00+00:00,NOAA_GFS_operational_1p00_nearest_3h_linear_uv
2026-02-21 23:00:00+00:00,2026-02-20T18:00:00+00:00,29,0.275201237974988,0.2520982989926739,0.2636497684838309,extra_trees_weather,a2bd4a48f999f02f05f86184,archived_forecast,2026-02-20 12:00:00+00:00,2026-02-20 18:00:00+00:00,NOAA_GFS_operational_1p00_nearest_3h_linear_uv,2026-02-20 12:00:00+00:00,2026-02-20 18:00:00+00:00,NOAA_GFS_operational_1p00_nearest_3h_linear_uv
2026-02-22 00:00:00+00:00,2026-02-20T18:00:00+00:00,30,0.2300824873506124,0.2343503084415584,0.2322163978960854,extra_trees_weather,a2bd4a48f999f02f05f86184,archived_forecast,2026-02-20 12:00:00+00:00,2026-02-20 18:00:00+00:00,NOAA_GFS_operational_1p00_nearest_3h_linear_uv,2026-02-20 12:00:00+00:00,2026-02-20 18:00:00+00:00,NOAA_GFS_operational_1p00_nearest_3h_linear_uv
2026-02-22 01:00:00+00:00,2026-02-20T18:00:00+00:00,31,0.2794340397796647,0.2695249105292855,0.2744794751544751,extra_trees_weather,a2bd4a48f999f02f05f86184,archived_forecast,2026-02-20 12:00:00+00:00,2026-02-20 18:00:00+00:00,NOAA_GFS_operational_1p00_nearest_3h_linear_uv,2026-02-20 12:00:00+00:00,2026-02-20 18:00:00+00:00,NOAA_GFS_operational_1p00_nearest_3h_linear_uv
2026-02-22 02:00:00+00:00,2026-02-20T18:00:00+00:00,32,0.4945220312095312,0.4780499217054731,0.4862859764575021,extra_trees_weather,a2bd4a48f999f02f05f86184,archived_forecast,2026-02-20 12:00:00+00:00,2026-02-20 18:00:00+00:00,NOAA_GFS_operational_1p00_nearest_3h_linear_uv,2026-02-20 12:00:00+00:00,2026-02-20 18:00:00+00:00,NOAA_GFS_operational_1p00_nearest_3h_linear_uv
2026-02-22 03:00:00+00:00,2026-02-20T18:00:00+00:00,33,0.7650622926460795,0.6679484794902808,0.7165053860681802,extra_trees_weather,a2bd4a48f999f02f05f86184,archived_forecast,2026-02-20 12:00:00+00:00,2026-02-20 18:00:00+00:00,NOAA_GFS_operational_1p00_nearest_3h_linear_uv,2026-02-20 12:00:00+00:00,2026-02-20 18:00:00+00:00,NOAA_GFS_operational_1p00_nearest_3h_linear_uv
2026-02-22 04:00:00+00:00,2026-02-20T18:00:00+00:00,34,0.7964284658478779,0.7533198482535982,0.774874157050738,extra_trees_weather,a2bd4a48f999f02f05f86184,archived_forecast,2026-02-20 12:00:00+00:00,2026-02-20 18:00:00+00:00,NOAA_GFS_operational_1p00_nearest_3h_linear_uv,2026-02-20 12:00:00+00:00,2026-02-20 18:00:00+00:00,NOAA_GFS_operational_1p00_nearest_3h_linear_uv
2026-02-22 05:00:00+00:00,2026-02-20T18:00:00+00:00,35,0.7977745985115106,0.7729303115865617,0.7853524550490362,extra_trees_weather,a2bd4a48f999f02f05f86184,archived_forecast,2026-02-20 12:00:00+00:00,2026-02-20 18:00:00+00:00,NOAA_GFS_operational_1p00_nearest_3h_linear_uv,2026-02-20 12:00:00+00:00,2026-02-20 18:00:00+00:00,NOAA_GFS_operational_1p00_nearest_3h_linear_uv
2026-02-22 06:00:00+00:00,2026-02-20T18:00:00+00:00,36,0.8066228003559622,0.781119305786806,0.7938710530713841,extra_trees_weather,a2bd4a48f999f02f05f86184,archived_forecast,2026-02-20 12:00:00+00:00,2026-02-20 18:00:00+00:00,NOAA_GFS_operational_1p00_nearest_3h_linear_uv,2026-02-20 12:00:00+00:00,2026-02-20 18:00:00+00:00,NOAA_GFS_operational_1p00_nearest_3h_linear_uv
2026-02-22 07:00:00+00:00,2026-02-20T18:00:00+00:00,37,0.806293217022629,0.781119305786806,0.7937062614047175,extra_trees_weather,a2bd4a48f999f02f05f86184,archived_forecast,2026-02-20 12:00:00+00:00,2026-02-20 18:00:00+00:00,NOAA_GFS_operational_1p00_nearest_3h_linear_uv,2026-02-20 12:00:00+00:00,2026-02-20 18:00:00+00:00,NOAA_GFS_operational_1p00_nearest_3h_linear_uv
2026-02-22 08:00:00+00:00,2026-02-20T18:00:00+00:00,38,0.8069809468853589,0.781119305786806,0.7940501263360824,extra_trees_weather,a2bd4a48f999f02f05f86184,archived_forecast,2026-02-20 12:00:00+00:00,2026-02-20 18:00:00+00:00,NOAA_GFS_operational_1p00_nearest_3h_linear_uv,2026-02-20 12:00:00+00:00,2026-02-20 18:00:00+00:00,NOAA_GFS_operational_1p00_nearest_3h_linear_uv
2026-02-22 09:00:00+00:00,2026-02-20T18:00:00+00:00,39,0.8044745183139302,0.7792355557868059,0.791855037050368,extra_trees_weather,a2bd4a48f999f02f05f86184,archived_forecast,2026-02-20 12:00:00+00:00,2026-02-20 18:00:00+00:00,NOAA_GFS_operational_1p00_nearest_3h_linear_uv,2026-02-20 12:00:00+00:00,2026-02-20 18:00:00+00:00,NOAA_GFS_operational_1p00_nearest_3h_linear_uv
2026-02-22 10:00:00+00:00,2026-02-20T18:00:00+00:00,40,0.8071958466615086,0.7169533318995818,0.7620745892805452,extra_trees_weather,a2bd4a48f999f02f05f86184,archived_forecast,2026-02-20 12:00:00+00:00,2026-02-20 18:00:00+00:00,NOAA_GFS_operational_1p00_nearest_3h_linear_uv,2026-02-20 12:00:00+00:00,2026-02-20 18:00:00+00:00,NOAA_GFS_operational_1p00_nearest_3h_linear_uv
2026-02-22 11:00:00+00:00,2026-02-20T18:00:00+00:00,41,0.7874390042446662,0.6878985034246798,0.7376687538346731,extra_trees_weather,a2bd4a48f999f02f05f86184,archived_forecast,2026-02-20 12:00:00+00:00,2026-02-20 18:00:00+00:00,NOAA_GFS_operational_1p00_nearest_3h_linear_uv,2026-02-20 12:00:00+00:00,2026-02-20 18:00:00+00:00,NOAA_GFS_operational_1p00_nearest_3h_linear_uv
2026-02-22 12:00:00+00:00,2026-02-20T18:00:00+00:00,42,0.6988710754292004,0.7119870109356872,0.7054290431824438,extra_trees_weather,a2bd4a48f999f02f05f86184,archived_forecast,2026-02-20 12:00:00+00:00,2026-02-20 18:00:00+00:00,NOAA_GFS_operational_1p00_nearest_3h_linear_uv,2026-02-20 12:00:00+00:00,2026-02-20 18:00:00+00:00,NOAA_GFS_operational_1p00_nearest_3h_linear_uv
2026-02-22 13:00:00+00:00,2026-02-20T18:00:00+00:00,43,0.6360407042032044,0.5982623410453923,0.6171515226242982,extra_trees_weather,a2bd4a48f999f02f05f86184,archived_forecast,2026-02-20 12:00:00+00:00,2026-02-20 18:00:00+00:00,NOAA_GFS_operational_1p00_nearest_3h_linear_uv,2026-02-20 12:00:00+00:00,2026-02-20 18:00:00+00:00,NOAA_GFS_operational_1p00_nearest_3h_linear_uv
2026-02-22 14:00:00+00:00,2026-02-20T18:00:00+00:00,44,0.550800042571807,0.5391486893036154,0.5449743659377113,extra_trees_weather,a2bd4a48f999f02f05f86184,archived_forecast,2026-02-20 12:00:00+00:00,2026-02-20 18:00:00+00:00,NOAA_GFS_operational_1p00_nearest_3h_linear_uv,2026-02-20 12:00:00+00:00,2026-02-20 18:00:00+00:00,NOAA_GFS_operational_1p00_nearest_3h_linear_uv
2026-02-22 15:00:00+00:00,2026-02-20T18:00:00+00:00,45,0.4900959759453508,0.5321029833592332,0.511099479652292,extra_trees_weather,a2bd4a48f999f02f05f86184,archived_forecast,2026-02-20 12:00:00+00:00,2026-02-20 18:00:00+00:00,NOAA_GFS_operational_1p00_nearest_3h_linear_uv,2026-02-20 12:00:00+00:00,2026-02-20 18:00:00+00:00,NOAA_GFS_operational_1p00_nearest_3h_linear_uv
2026-02-22 16:00:00+00:00,2026-02-20T18:00:00+00:00,46,0.4725371921365669,0.5098332743645241,0.4911852332505455,extra_trees_weather,a2bd4a48f999f02f05f86184,archived_forecast,2026-02-20 12:00:00+00:00,2026-02-20 18:00:00+00:00,NOAA_GFS_operational_1p00_nearest_3h_linear_uv,2026-02-20 12:00:00+00:00,2026-02-20 18:00:00+00:00,NOAA_GFS_operational_1p00_nearest_3h_linear_uv
2026-02-22 17:00:00+00:00,2026-02-20T18:00:00+00:00,47,0.4674227269027266,0.486821792328042,0.4771222596153843,extra_trees_weather,a2bd4a48f999f02f05f86184,archived_forecast,2026-02-20 12:00:00+00:00,2026-02-20 18:00:00+00:00,NOAA_GFS_operational_1p00_nearest_3h_linear_uv,2026-02-20 12:00:00+00:00,2026-02-20 18:00:00+00:00,NOAA_GFS_operational_1p00_nearest_3h_linear_uv
2026-02-22 18:00:00+00:00,2026-02-20T18:00:00+00:00,48,0.4665332215932213,0.4549654547767045,0.4607493381849629,extra_trees_weather,a2bd4a48f999f02f05f86184,archived_forecast,2026-02-20 12:00:00+00:00,2026-02-20 18:00:00+00:00,NOAA_GFS_operational_1p00_nearest_3h_linear_uv,2026-02-20 12:00:00+00:00,2026-02-20 18:00:00+00:00,NOAA_GFS_operational_1p00_nearest_3h_linear_uv
2026-02-21 19:00:00+00:00,2026-02-21T18:00:00+00:00,1,0.4012612171855921,0.410172475209975,0.4057168461977835,extra_trees_weather,1a7c6a29ab2a3df480dc1b54,archived_forecast,2026-02-21 12:00:00+00:00,2026-02-21 18:00:00+00:00,NOAA_GFS_operational_1p00_nearest_3h_linear_uv,2026-02-21 12:00:00+00:00,2026-02-21 18:00:00+00:00,NOAA_GFS_operational_1p00_nearest_3h_linear_uv
2026-02-21 20:00:00+00:00,2026-02-21T18:00:00+00:00,2,0.387557188043438,0.4017596253746254,0.3946584067090317,extra_trees_weather,1a7c6a29ab2a3df480dc1b54,archived_forecast,2026-02-21 12:00:00+00:00,2026-02-21 18:00:00+00:00,NOAA_GFS_operational_1p00_nearest_3h_linear_uv,2026-02-21 12:00:00+00:00,2026-02-21 18:00:00+00:00,NOAA_GFS_operational_1p00_nearest_3h_linear_uv
2026-02-21 21:00:00+00:00,2026-02-21T18:00:00+00:00,3,0.394170812035187,0.374323504134754,0.3842471580849705,extra_trees_weather,1a7c6a29ab2a3df480dc1b54,archived_forecast,2026-02-21 12:00:00+00:00,2026-02-21 18:00:00+00:00,NOAA_GFS_operational_1p00_nearest_3h_linear_uv,2026-02-21 12:00:00+00:00,2026-02-21 18:00:00+00:00,NOAA_GFS_operational_1p00_nearest_3h_linear_uv
2026-02-21 22:00:00+00:00,2026-02-21T18:00:00+00:00,4,0.3028887861675362,0.3028536208004957,0.3028712034840159,extra_trees_weather,1a7c6a29ab2a3df480dc1b54,archived_forecast,2026-02-21 12:00:00+00:00,2026-02-21 18:00:00+00:00,NOAA_GFS_operational_1p00_nearest_3h_linear_uv,2026-02-21 12:00:00+00:00,2026-02-21 18:00:00+00:00,NOAA_GFS_operational_1p00_nearest_3h_linear_uv
2026-02-21 23:00:00+00:00,2026-02-21T18:00:00+00:00,5,0.2333892715617716,0.2510839874477374,0.2422366295047545,extra_trees_weather,1a7c6a29ab2a3df480dc1b54,archived_forecast,2026-02-21 12:00:00+00:00,2026-02-21 18:00:00+00:00,NOAA_GFS_operational_1p00_nearest_3h_linear_uv,2026-02-21 12:00:00+00:00,2026-02-21 18:00:00+00:00,NOAA_GFS_operational_1p00_nearest_3h_linear_uv
2026-02-22 00:00:00+00:00,2026-02-21T18:00:00+00:00,6,0.2173652691983942,0.2275658004958005,0.2224655348470974,extra_trees_weather,1a7c6a29ab2a3df480dc1b54,archived_forecast,2026-02-21 12:00:00+00:00,2026-02-21 18:00:00+00:00,NOAA_GFS_operational_1p00_nearest_3h_linear_uv,2026-02-21 12:00:00+00:00,2026-02-21 18:00:00+00:00,NOAA_GFS_operational_1p00_nearest_3h_linear_uv
2026-02-22 01:00:00+00:00,2026-02-21T18:00:00+00:00,7,0.2108609771247271,0.2221006462056462,0.2164808116651867,extra_trees_weather,1a7c6a29ab2a3df480dc1b54,archived_forecast,2026-02-21 12:00:00+00:00,2026-02-21 18:00:00+00:00,NOAA_GFS_operational_1p00_nearest_3h_linear_uv,2026-02-21 12:00:00+00:00,2026-02-21 18:00:00+00:00,NOAA_GFS_operational_1p00_nearest_3h_linear_uv
2026-02-22 02:00:00+00:00,2026-02-21T18:00:00+00:00,8,0.2382609633884633,0.2293136083823584,0.2337872858854109,extra_trees_weather,1a7c6a29ab2a3df480dc1b54,archived_forecast,2026-02-21 12:00:00+00:00,2026-02-21 18:00:00+00:00,NOAA_GFS_operational_1p00_nearest_3h_linear_uv,2026-02-21 12:00:00+00:00,2026-02-21 18:00:00+00:00,NOAA_GFS_operational_1p00_nearest_3h_linear_uv
2026-02-22 03:00:00+00:00,2026-02-21T18:00:00+00:00,9,0.5372619334138086,0.462668649597951,0.4999652915058798,extra_trees_weather,1a7c6a29ab2a3df480dc1b54,archived_forecast,2026-02-21 12:00:00+00:00,2026-02-21 18:00:00+00:00,NOAA_GFS_operational_1p00_nearest_3h_linear_uv,2026-02-21 12:00:00+00:00,2026-02-21 18:00:00+00:00,NOAA_GFS_operational_1p00_nearest_3h_linear_uv
2026-02-22 04:00:00+00:00,2026-02-21T18:00:00+00:00,10,0.6882587719075585,0.6441033005026015,0.66618103620508,extra_trees_weather,1a7c6a29ab2a3df480dc1b54,archived_forecast,2026-02-21 12:00:00+00:00,2026-02-21 18:00:00+00:00,NOAA_GFS_operational_1p00_nearest_3h_linear_uv,2026-02-21 12:00:00+00:00,2026-02-21 18:00:00+00:00,NOAA_GFS_operational_1p00_nearest_3h_linear_uv
2026-02-22 05:00:00+00:00,2026-02-21T18:00:00+00:00,11,0.7992842469649089,0.7490494610482112,0.77416685400656,extra_trees_weather,1a7c6a29ab2a3df480dc1b54,archived_forecast,2026-02-21 12:00:00+00:00,2026-02-21 18:00:00+00:00,NOAA_GFS_operational_1p00_nearest_3h_linear_uv,2026-02-21 12:00:00+00:00,2026-02-21 18:00:00+00:00,NOAA_GFS_operational_1p00_nearest_3h_linear_uv
2026-02-22 06:00:00+00:00,2026-02-21T18:00:00+00:00,12,0.8074726019432639,0.7862750296925298,0.7968738158178968,extra_trees_weather,1a7c6a29ab2a3df480dc1b54,archived_forecast,2026-02-21 12:00:00+00:00,2026-02-21 18:00:00+00:00,NOAA_GFS_operational_1p00_nearest_3h_linear_uv,2026-02-21 12:00:00+00:00,2026-02-21 18:00:00+00:00,NOAA_GFS_operational_1p00_nearest_3h_linear_uv
2026-02-22 07:00:00+00:00,2026-02-21T18:00:00+00:00,13,0.8085992686099305,0.7862750296925298,0.7974371491512302,extra_trees_weather,1a7c6a29ab2a3df480dc1b54,archived_forecast,2026-02-21 12:00:00+00:00,2026-02-21 18:00:00+00:00,NOAA_GFS_operational_1p00_nearest_3h_linear_uv,2026-02-21 12:00:00+00:00,2026-02-21 18:00:00+00:00,NOAA_GFS_operational_1p00_nearest_3h_linear_uv
2026-02-22 08:00:00+00:00,2026-02-21T18:00:00+00:00,14,0.8096023830880451,0.7862750296925298,0.7979387063902874,extra_trees_weather,1a7c6a29ab2a3df480dc1b54,archived_forecast,2026-02-21 12:00:00+00:00,2026-02-21 18:00:00+00:00,NOAA_GFS_operational_1p00_nearest_3h_linear_uv,2026-02-21 12:00:00+00:00,2026-02-21 18:00:00+00:00,NOAA_GFS_operational_1p00_nearest_3h_linear_uv
2026-02-22 09:00:00+00:00,2026-02-21T18:00:00+00:00,15,0.8070959545166165,0.7843912796925299,0.7957436171045733,extra_trees_weather,1a7c6a29ab2a3df480dc1b54,archived_forecast,2026-02-21 12:00:00+00:00,2026-02-21 18:00:00+00:00,NOAA_GFS_operational_1p00_nearest_3h_linear_uv,2026-02-21 12:00:00+00:00,2026-02-21 18:00:00+00:00,NOAA_GFS_operational_1p00_nearest_3h_linear_uv
2026-02-22 10:00:00+00:00,2026-02-21T18:00:00+00:00,16,0.81247416806233,0.7165285860435859,0.764501377052958,extra_trees_weather,1a7c6a29ab2a3df480dc1b54,archived_forecast,2026-02-21 12:00:00+00:00,2026-02-21 18:00:00+00:00,NOAA_GFS_operational_1p00_nearest_3h_linear_uv,2026-02-21 12:00:00+00:00,2026-02-21 18:00:00+00:00,NOAA_GFS_operational_1p00_nearest_3h_linear_uv
2026-02-22 11:00:00+00:00,2026-02-21T18:00:00+00:00,17,0.7538202603727971,0.6906588206999971,0.722239540536397,extra_trees_weather,1a7c6a29ab2a3df480dc1b54,archived_forecast,2026-02-21 12:00:00+00:00,2026-02-21 18:00:00+00:00,NOAA_GFS_operational_1p00_nearest_3h_linear_uv,2026-02-21 12:00:00+00:00,2026-02-21 18:00:00+00:00,NOAA_GFS_operational_1p00_nearest_3h_linear_uv
2026-02-22 12:00:00+00:00,2026-02-21T18:00:00+00:00,18,0.6209294203481703,0.6200507903044666,0.6204901053263185,extra_trees_weather,1a7c6a29ab2a3df480dc1b54,archived_forecast,2026-02-21 12:00:00+00:00,2026-02-21 18:00:00+00:00,NOAA_GFS_operational_1p00_nearest_3h_linear_uv,2026-02-21 12:00:00+00:00,2026-02-21 18:00:00+00:00,NOAA_GFS_operational_1p00_nearest_3h_linear_uv
2026-02-22 13:00:00+00:00,2026-02-21T18:00:00+00:00,19,0.5960600524013023,0.6000808247145007,0.5980704385579017,extra_trees_weather,1a7c6a29ab2a3df480dc1b54,archived_forecast,2026-02-21 12:00:00+00:00,2026-02-21 18:00:00+00:00,NOAA_GFS_operational_1p00_nearest_3h_linear_uv,2026-02-21 12:00:00+00:00,2026-02-21 18:00:00+00:00,NOAA_GFS_operational_1p00_nearest_3h_linear_uv
2026-02-22 14:00:00+00:00,2026-02-21T18:00:00+00:00,20,0.540392392675407,0.5370254465741228,0.5387089196247649,extra_trees_weather,1a7c6a29ab2a3df480dc1b54,archived_forecast,2026-02-21 12:00:00+00:00,2026-02-21 18:00:00+00:00,NOAA_GFS_operational_1p00_nearest_3h_linear_uv,2026-02-21 12:00:00+00:00,2026-02-21 18:00:00+00:00,NOAA_GFS_operational_1p00_nearest_3h_linear_uv
2026-02-22 15:00:00+00:00,2026-02-21T18:00:00+00:00,21,0.5011455999787248,0.5241869823694822,0.5126662911741035,extra_trees_weather,1a7c6a29ab2a3df480dc1b54,archived_forecast,2026-02-21 12:00:00+00:00,2026-02-21 18:00:00+00:00,NOAA_GFS_operational_1p00_nearest_3h_linear_uv,2026-02-21 12:00:00+00:00,2026-02-21 18:00:00+00:00,NOAA_GFS_operational_1p00_nearest_3h_linear_uv
2026-02-22 16:00:00+00:00,2026-02-21T18:00:00+00:00,22,0.4273452214914714,0.4229540031265031,0.4251496123089872,extra_trees_weather,1a7c6a29ab2a3df480dc1b54,archived_forecast,2026-02-21 12:00:00+00:00,2026-02-21 18:00:00+00:00,NOAA_GFS_operational_1p00_nearest_3h_linear_uv,2026-02-21 12:00:00+00:00,2026-02-21 18:00:00+00:00,NOAA_GFS_operational_1p00_nearest_3h_linear_uv
2026-02-22 17:00:00+00:00,2026-02-21T18:00:00+00:00,23,0.3755386485967733,0.3754345184213934,0.3754865835090833,extra_trees_weather,1a7c6a29ab2a3df480dc1b54,archived_forecast,2026-02-21 12:00:00+00:00,2026-02-21 18:00:00+00:00,NOAA_GFS_operational_1p00_nearest_3h_linear_uv,2026-02-21 12:00:00+00:00,2026-02-21 18:00:00+00:00,NOAA_GFS_operational_1p00_nearest_3h_linear_uv
2026-02-22 18:00:00+00:00,2026-02-21T18:00:00+00:00,24,0.3283591555435305,0.3474704969336219,0.3379148262385762,extra_trees_weather,1a7c6a29ab2a3df480dc1b54,archived_forecast,2026-02-21 12:00:00+00:00,2026-02-21 18:00:00+00:00,NOAA_GFS_operational_1p00_nearest_3h_linear_uv,2026-02-21 12:00:00+00:00,2026-02-21 18:00:00+00:00,NOAA_GFS_operational_1p00_nearest_3h_linear_uv
2026-02-22 19:00:00+00:00,2026-02-21T18:00:00+00:00,25,0.2933395612489362,0.292193140077515,0.2927663506632256,extra_trees_weather,1a7c6a29ab2a3df480dc1b54,archived_forecast,2026-02-21 12:00:00+00:00,2026-02-21 18:00:00+00:00,NOAA_GFS_operational_1p00_nearest_3h_linear_uv,2026-02-21 12:00:00+00:00,2026-02-21 18:00:00+00:00,NOAA_GFS_operational_1p00_nearest_3h_linear_uv
2026-02-22 20:00:00+00:00,2026-02-21T18:00:00+00:00,26,0.2605399953056202,0.2719863016613015,0.2662631484834608,extra_trees_weather,1a7c6a29ab2a3df480dc1b54,archived_forecast,2026-02-21 12:00:00+00:00,2026-02-21 18:00:00+00:00,NOAA_GFS_operational_1p00_nearest_3h_linear_uv,2026-02-21 12:00:00+00:00,2026-02-21 18:00:00+00:00,NOAA_GFS_operational_1p00_nearest_3h_linear_uv
2026-02-22 21:00:00+00:00,2026-02-21T18:00:00+00:00,27,0.2327627334008583,0.24303047017797,0.2378966017894142,extra_trees_weather,1a7c6a29ab2a3df480dc1b54,archived_forecast,2026-02-21 12:00:00+00:00,2026-02-21 18:00:00+00:00,NOAA_GFS_operational_1p00_nearest_3h_linear_uv,2026-02-21 12:00:00+00:00,2026-02-21 18:00:00+00:00,NOAA_GFS_operational_1p00_nearest_3h_linear_uv
2026-02-22 22:00:00+00:00,2026-02-21T18:00:00+00:00,28,0.2107436079661079,0.2336023243885743,0.2221729661773411,extra_trees_weather,1a7c6a29ab2a3df480dc1b54,archived_forecast,2026-02-21 12:00:00+00:00,2026-02-21 18:00:00+00:00,NOAA_GFS_operational_1p00_nearest_3h_linear_uv,2026-02-21 12:00:00+00:00,2026-02-21 18:00:00+00:00,NOAA_GFS_operational_1p00_nearest_3h_linear_uv
2026-02-22 23:00:00+00:00,2026-02-21T18:00:00+00:00,29,0.1988038935138934,0.2050382807932807,0.2019210871535871,extra_trees_weather,1a7c6a29ab2a3df480dc1b54,archived_forecast,2026-02-21 12:00:00+00:00,2026-02-21 18:00:00+00:00,NOAA_GFS_operational_1p00_nearest_3h_linear_uv,2026-02-21 12:00:00+00:00,2026-02-21 18:00:00+00:00,NOAA_GFS_operational_1p00_nearest_3h_linear_uv
2026-02-23 00:00:00+00:00,2026-02-21T18:00:00+00:00,30,0.191056046129796,0.1962749113849114,0.1936654787573537,extra_trees_weather,1a7c6a29ab2a3df480dc1b54,archived_forecast,2026-02-21 12:00:00+00:00,2026-02-21 18:00:00+00:00,NOAA_GFS_operational_1p00_nearest_3h_linear_uv,2026-02-21 12:00:00+00:00,2026-02-21 18:00:00+00:00,NOAA_GFS_operational_1p00_nearest_3h_linear_uv
2026-02-23 01:00:00+00:00,2026-02-21T18:00:00+00:00,31,0.1783832864820365,0.1876677068302068,0.1830254966561216,extra_trees_weather,1a7c6a29ab2a3df480dc1b54,archived_forecast,2026-02-21 12:00:00+00:00,2026-02-21 18:00:00+00:00,NOAA_GFS_operational_1p00_nearest_3h_linear_uv,2026-02-21 12:00:00+00:00,2026-02-21 18:00:00+00:00,NOAA_GFS_operational_1p00_nearest_3h_linear_uv
2026-02-23 02:00:00+00:00,2026-02-21T18:00:00+00:00,32,0.1566161985236985,0.1513125273800273,0.1539643629518629,extra_trees_weather,1a7c6a29ab2a3df480dc1b54,archived_forecast,2026-02-21 12:00:00+00:00,2026-02-21 18:00:00+00:00,NOAA_GFS_operational_1p00_nearest_3h_linear_uv,2026-02-21 12:00:00+00:00,2026-02-21 18:00:00+00:00,NOAA_GFS_operational_1p00_nearest_3h_linear_uv
2026-02-23 03:00:00+00:00,2026-02-21T18:00:00+00:00,33,0.1315869974932475,0.121214007057757,0.1264005022755022,extra_trees_weather,1a7c6a29ab2a3df480dc1b54,archived_forecast,2026-02-21 12:00:00+00:00,2026-02-21 18:00:00+00:00,NOAA_GFS_operational_1p00_nearest_3h_linear_uv,2026-02-21 12:00:00+00:00,2026-02-21 18:00:00+00:00,NOAA_GFS_operational_1p00_nearest_3h_linear_uv
2026-02-23 04:00:00+00:00,2026-02-21T18:00:00+00:00,34,0.0930468734043733,0.0952494869482369,0.0941481801763051,extra_trees_weather,1a7c6a29ab2a3df480dc1b54,archived_forecast,2026-02-21 12:00:00+00:00,2026-02-21 18:00:00+00:00,NOAA_GFS_operational_1p00_nearest_3h_linear_uv,2026-02-21 12:00:00+00:00,2026-02-21 18:00:00+00:00,NOAA_GFS_operational_1p00_nearest_3h_linear_uv
2026-02-23 05:00:00+00:00,2026-02-21T18:00:00+00:00,35,0.1010098312335812,0.098931677072927,0.0999707541532541,extra_trees_weather,1a7c6a29ab2a3df480dc1b54,archived_forecast,2026-02-21 12:00:00+00:00,2026-02-21 18:00:00+00:00,NOAA_GFS_operational_1p00_nearest_3h_linear_uv,2026-02-21 12:00:00+00:00,2026-02-21 18:00:00+00:00,NOAA_GFS_operational_1p00_nearest_3h_linear_uv
2026-02-23 06:00:00+00:00,2026-02-21T18:00:00+00:00,36,0.2057078358678358,0.1929855151792651,0.1993466755235505,extra_trees_weather,1a7c6a29ab2a3df480dc1b54,archived_forecast,2026-02-21 12:00:00+00:00,2026-02-21 18:00:00+00:00,NOAA_GFS_operational_1p00_nearest_3h_linear_uv,2026-02-21 12:00:00+00:00,2026-02-21 18:00:00+00:00,NOAA_GFS_operational_1p00_nearest_3h_linear_uv
2026-02-23 07:00:00+00:00,2026-02-21T18:00:00+00:00,37,0.5265432786426537,0.5062661200672963,0.516404699354975,extra_trees_weather,1a7c6a29ab2a3df480dc1b54,archived_forecast,2026-02-21 12:00:00+00:00,2026-02-21 18:00:00+00:00,NOAA_GFS_operational_1p00_nearest_3h_linear_uv,2026-02-21 12:00:00+00:00,2026-02-21 18:00:00+00:00,NOAA_GFS_operational_1p00_nearest_3h_linear_uv
2026-02-23 08:00:00+00:00,2026-02-21T18:00:00+00:00,38,0.8059161152817769,0.7132622253509021,0.7595891703163395,extra_trees_weather,1a7c6a29ab2a3df480dc1b54,archived_forecast,2026-02-21 12:00:00+00:00,2026-02-21 18:00:00+00:00,NOAA_GFS_operational_1p00_nearest_3h_linear_uv,2026-02-21 12:00:00+00:00,2026-02-21 18:00:00+00:00,NOAA_GFS_operational_1p00_nearest_3h_linear_uv
2026-02-23 09:00:00+00:00,2026-02-21T18:00:00+00:00,39,0.8418937349306467,0.8071267886742892,0.824510261802468,extra_trees_weather,1a7c6a29ab2a3df480dc1b54,archived_forecast,2026-02-21 12:00:00+00:00,2026-02-21 18:00:00+00:00,NOAA_GFS_operational_1p00_nearest_3h_linear_uv,2026-02-21 12:00:00+00:00,2026-02-21 18:00:00+00:00,NOAA_GFS_operational_1p00_nearest_3h_linear_uv
2026-02-23 10:00:00+00:00,2026-02-21T18:00:00+00:00,40,0.8439552164121282,0.8093935942298446,0.8266744053209863,extra_trees_weather,1a7c6a29ab2a3df480dc1b54,archived_forecast,2026-02-21 12:00:00+00:00,2026-02-21 18:00:00+00:00,NOAA_GFS_operational_1p00_nearest_3h_linear_uv,2026-02-21 12:00:00+00:00,2026-02-21 18:00:00+00:00,NOAA_GFS_operational_1p00_nearest_3h_linear_uv
2026-02-23 11:00:00+00:00,2026-02-21T18:00:00+00:00,41,0.8439552164121282,0.8151066212953714,0.8295309188537499,extra_trees_weather,1a7c6a29ab2a3df480dc1b54,archived_forecast,2026-02-21 12:00:00+00:00,2026-02-21 18:00:00+00:00,NOAA_GFS_operational_1p00_nearest_3h_linear_uv,2026-02-21 12:00:00+00:00,2026-02-21 18:00:00+00:00,NOAA_GFS_operational_1p00_nearest_3h_linear_uv
2026-02-23 12:00:00+00:00,2026-02-21T18:00:00+00:00,42,0.8417180674499792,0.8200454923779925,0.8308817799139858,extra_trees_weather,1a7c6a29ab2a3df480dc1b54,archived_forecast,2026-02-21 12:00:00+00:00,2026-02-21 18:00:00+00:00,NOAA_GFS_operational_1p00_nearest_3h_linear_uv,2026-02-21 12:00:00+00:00,2026-02-21 18:00:00+00:00,NOAA_GFS_operational_1p00_nearest_3h_linear_uv
2026-02-23 13:00:00+00:00,2026-02-21T18:00:00+00:00,43,0.8454619437126054,0.8236596090946092,0.8345607764036073,extra_trees_weather,1a7c6a29ab2a3df480dc1b54,archived_forecast,2026-02-21 12:00:00+00:00,2026-02-21 18:00:00+00:00,NOAA_GFS_operational_1p00_nearest_3h_linear_uv,2026-02-21 12:00:00+00:00,2026-02-21 18:00:00+00:00,NOAA_GFS_operational_1p00_nearest_3h_linear_uv
2026-02-23 14:00:00+00:00,2026-02-21T18:00:00+00:00,44,0.8454619437126054,0.8294519196081698,0.8374569316603877,extra_trees_weather,1a7c6a29ab2a3df480dc1b54,archived_forecast,2026-02-21 12:00:00+00:00,2026-02-21 18:00:00+00:00,NOAA_GFS_operational_1p00_nearest_3h_linear_uv,2026-02-21 12:00:00+00:00,2026-02-21 18:00:00+00:00,NOAA_GFS_operational_1p00_nearest_3h_linear_uv
2026-02-23 15:00:00+00:00,2026-02-21T18:00:00+00:00,45,0.8482994437126055,0.8347296973859476,0.8415145705492765,extra_trees_weather,1a7c6a29ab2a3df480dc1b54,archived_forecast,2026-02-21 12:00:00+00:00,2026-02-21 18:00:00+00:00,NOAA_GFS_operational_1p00_nearest_3h_linear_uv,2026-02-21 12:00:00+00:00,2026-02-21 18:00:00+00:00,NOAA_GFS_operational_1p00_nearest_3h_linear_uv
2026-02-23 16:00:00+00:00,2026-02-21T18:00:00+00:00,46,0.8590822214903833,0.8337824152699154,0.8464323183801494,extra_trees_weather,1a7c6a29ab2a3df480dc1b54,archived_forecast,2026-02-21 12:00:00+00:00,2026-02-21 18:00:00+00:00,NOAA_GFS_operational_1p00_nearest_3h_linear_uv,2026-02-21 12:00:00+00:00,2026-02-21 18:00:00+00:00,NOAA_GFS_operational_1p00_nearest_3h_linear_uv
2026-02-23 17:00:00+00:00,2026-02-21T18:00:00+00:00,47,0.8714538382995002,0.8391843993968995,0.8553191188481998,extra_trees_weather,1a7c6a29ab2a3df480dc1b54,archived_forecast,2026-02-21 12:00:00+00:00,2026-02-21 18:00:00+00:00,NOAA_GFS_operational_1p00_nearest_3h_linear_uv,2026-02-21 12:00:00+00:00,2026-02-21 18:00:00+00:00,NOAA_GFS_operational_1p00_nearest_3h_linear_uv
2026-02-23 18:00:00+00:00,2026-02-21T18:00:00+00:00,48,0.8797499025130645,0.8553908821733824,0.8675703923432234,extra_trees_weather,1a7c6a29ab2a3df480dc1b54,archived_forecast,2026-02-21 12:00:00+00:00,2026-02-21 18:00:00+00:00,NOAA_GFS_operational_1p00_nearest_3h_linear_uv,2026-02-21 12:00:00+00:00,2026-02-21 18:00:00+00:00,NOAA_GFS_operational_1p00_nearest_3h_linear_uv
2026-02-22 19:00:00+00:00,2026-02-22T18:00:00+00:00,1,0.2577552574971324,0.2569444048081546,0.2573498311526435,extra_trees_weather,6f370ab0d092a25764187c11,archived_forecast,2026-02-22 12:00:00+00:00,2026-02-22 18:00:00+00:00,NOAA_GFS_operational_1p00_nearest_3h_linear_uv,2026-02-22 12:00:00+00:00,2026-02-22 18:00:00+00:00,NOAA_GFS_operational_1p00_nearest_3h_linear_uv
2026-02-22 20:00:00+00:00,2026-02-22T18:00:00+00:00,2,0.252937919094794,0.2510236447348946,0.2519807819148443,extra_trees_weather,6f370ab0d092a25764187c11,archived_forecast,2026-02-22 12:00:00+00:00,2026-02-22 18:00:00+00:00,NOAA_GFS_operational_1p00_nearest_3h_linear_uv,2026-02-22 12:00:00+00:00,2026-02-22 18:00:00+00:00,NOAA_GFS_operational_1p00_nearest_3h_linear_uv
2026-02-22 21:00:00+00:00,2026-02-22T18:00:00+00:00,3,0.2366307716588966,0.2465091390091388,0.2415699553340177,extra_trees_weather,6f370ab0d092a25764187c11,archived_forecast,2026-02-22 12:00:00+00:00,2026-02-22 18:00:00+00:00,NOAA_GFS_operational_1p00_nearest_3h_linear_uv,2026-02-22 12:00:00+00:00,2026-02-22 18:00:00+00:00,NOAA_GFS_operational_1p00_nearest_3h_linear_uv
2026-02-22 22:00:00+00:00,2026-02-22T18:00:00+00:00,4,0.2181320781533281,0.2452987199837198,0.2317153990685239,extra_trees_weather,6f370ab0d092a25764187c11,archived_forecast,2026-02-22 12:00:00+00:00,2026-02-22 18:00:00+00:00,NOAA_GFS_operational_1p00_nearest_3h_linear_uv,2026-02-22 12:00:00+00:00,2026-02-22 18:00:00+00:00,NOAA_GFS_operational_1p00_nearest_3h_linear_uv
2026-02-22 23:00:00+00:00,2026-02-22T18:00:00+00:00,5,0.2108843242868242,0.2120132411569911,0.2114487827219077,extra_trees_weather,6f370ab0d092a25764187c11,archived_forecast,2026-02-22 12:00:00+00:00,2026-02-22 18:00:00+00:00,NOAA_GFS_operational_1p00_nearest_3h_linear_uv,2026-02-22 12:00:00+00:00,2026-02-22 18:00:00+00:00,NOAA_GFS_operational_1p00_nearest_3h_linear_uv
2026-02-23 00:00:00+00:00,2026-02-22T18:00:00+00:00,6,0.2025661008204758,0.1994087714600214,0.2009874361402486,extra_trees_weather,6f370ab0d092a25764187c11,archived_forecast,2026-02-22 12:00:00+00:00,2026-02-22 18:00:00+00:00,NOAA_GFS_operational_1p00_nearest_3h_linear_uv,2026-02-22 12:00:00+00:00,2026-02-22 18:00:00+00:00,NOAA_GFS_operational_1p00_nearest_3h_linear_uv
2026-02-23 01:00:00+00:00,2026-02-22T18:00:00+00:00,7,0.1791415207477707,0.1897812716450217,0.1844613961963962,extra_trees_weather,6f370ab0d092a25764187c11,archived_forecast,2026-02-22 12:00:00+00:00,2026-02-22 18:00:00+00:00,NOAA_GFS_operational_1p00_nearest_3h_linear_uv,2026-02-22 12:00:00+00:00,2026-02-22 18:00:00+00:00,NOAA_GFS_operational_1p00_nearest_3h_linear_uv
2026-02-23 02:00:00+00:00,2026-02-22T18:00:00+00:00,8,0.1566161985236985,0.1538985921948422,0.1552573953592703,extra_trees_weather,6f370ab0d092a25764187c11,archived_forecast,2026-02-22 12:00:00+00:00,2026-02-22 18:00:00+00:00,NOAA_GFS_operational_1p00_nearest_3h_linear_uv,2026-02-22 12:00:00+00:00,2026-02-22 18:00:00+00:00,NOAA_GFS_operational_1p00_nearest_3h_linear_uv
2026-02-23 03:00:00+00:00,2026-02-22T18:00:00+00:00,9,0.1308287632275132,0.1224313218725718,0.1266300425500425,extra_trees_weather,6f370ab0d092a25764187c11,archived_forecast,2026-02-22 12:00:00+00:00,2026-02-22 18:00:00+00:00,NOAA_GFS_operational_1p00_nearest_3h_linear_uv,2026-02-22 12:00:00+00:00,2026-02-22 18:00:00+00:00,NOAA_GFS_operational_1p00_nearest_3h_linear_uv
2026-02-23 04:00:00+00:00,2026-02-22T18:00:00+00:00,10,0.0981111137936137,0.10298471001221,0.1005479119029119,extra_trees_weather,6f370ab0d092a25764187c11,archived_forecast,2026-02-22 12:00:00+00:00,2026-02-22 18:00:00+00:00,NOAA_GFS_operational_1p00_nearest_3h_linear_uv,2026-02-22 12:00:00+00:00,2026-02-22 18:00:00+00:00,NOAA_GFS_operational_1p00_nearest_3h_linear_uv
2026-02-23 05:00:00+00:00,2026-02-22T18:00:00+00:00,11,0.085286081117956,0.0921826086876086,0.0887343449027823,extra_trees_weather,6f370ab0d092a25764187c11,archived_forecast,2026-02-22 12:00:00+00:00,2026-02-22 18:00:00+00:00,NOAA_GFS_operational_1p00_nearest_3h_linear_uv,2026-02-22 12:00:00+00:00,2026-02-22 18:00:00+00:00,NOAA_GFS_operational_1p00_nearest_3h_linear_uv
2026-02-23 06:00:00+00:00,2026-02-22T18:00:00+00:00,12,0.0889324691512191,0.0893600685656935,0.0891462688584563,extra_trees_weather,6f370ab0d092a25764187c11,archived_forecast,2026-02-22 12:00:00+00:00,2026-02-22 18:00:00+00:00,NOAA_GFS_operational_1p00_nearest_3h_linear_uv,2026-02-22 12:00:00+00:00,2026-02-22 18:00:00+00:00,NOAA_GFS_operational_1p00_nearest_3h_linear_uv
2026-02-23 07:00:00+00:00,2026-02-22T18:00:00+00:00,13,0.4692602020433271,0.4367698353103867,0.4530150186768569,extra_trees_weather,6f370ab0d092a25764187c11,archived_forecast,2026-02-22 12:00:00+00:00,2026-02-22 18:00:00+00:00,NOAA_GFS_operational_1p00_nearest_3h_linear_uv,2026-02-22 12:00:00+00:00,2026-02-22 18:00:00+00:00,NOAA_GFS_operational_1p00_nearest_3h_linear_uv
2026-02-23 08:00:00+00:00,2026-02-22T18:00:00+00:00,14,0.8032513519895137,0.7126201462263229,0.7579357491079183,extra_trees_weather,6f370ab0d092a25764187c11,archived_forecast,2026-02-22 12:00:00+00:00,2026-02-22 18:00:00+00:00,NOAA_GFS_operational_1p00_nearest_3h_linear_uv,2026-02-22 12:00:00+00:00,2026-02-22 18:00:00+00:00,NOAA_GFS_operational_1p00_nearest_3h_linear_uv
2026-02-23 09:00:00+00:00,2026-02-22T18:00:00+00:00,15,0.8443285507629626,0.80648470954971,0.8254066301563363,extra_trees_weather,6f370ab0d092a25764187c11,archived_forecast,2026-02-22 12:00:00+00:00,2026-02-22 18:00:00+00:00,NOAA_GFS_operational_1p00_nearest_3h_linear_uv,2026-02-22 12:00:00+00:00,2026-02-22 18:00:00+00:00,NOAA_GFS_operational_1p00_nearest_3h_linear_uv
2026-02-23 10:00:00+00:00,2026-02-22T18:00:00+00:00,16,0.8466666989111106,0.8087515151052656,0.8277091070081881,extra_trees_weather,6f370ab0d092a25764187c11,archived_forecast,2026-02-22 12:00:00+00:00,2026-02-22 18:00:00+00:00,NOAA_GFS_operational_1p00_nearest_3h_linear_uv,2026-02-22 12:00:00+00:00,2026-02-22 18:00:00+00:00,NOAA_GFS_operational_1p00_nearest_3h_linear_uv
2026-02-23 11:00:00+00:00,2026-02-22T18:00:00+00:00,17,0.8466666989111106,0.8144645421707923,0.8305656205409515,extra_trees_weather,6f370ab0d092a25764187c11,archived_forecast,2026-02-22 12:00:00+00:00,2026-02-22 18:00:00+00:00,NOAA_GFS_operational_1p00_nearest_3h_linear_uv,2026-02-22 12:00:00+00:00,2026-02-22 18:00:00+00:00,NOAA_GFS_operational_1p00_nearest_3h_linear_uv
2026-02-23 12:00:00+00:00,2026-02-22T18:00:00+00:00,18,0.8444295499489618,0.8192719317719319,0.8318507408604467,extra_trees_weather,6f370ab0d092a25764187c11,archived_forecast,2026-02-22 12:00:00+00:00,2026-02-22 18:00:00+00:00,NOAA_GFS_operational_1p00_nearest_3h_linear_uv,2026-02-22 12:00:00+00:00,2026-02-22 18:00:00+00:00,NOAA_GFS_operational_1p00_nearest_3h_linear_uv
2026-02-23 13:00:00+00:00,2026-02-22T18:00:00+00:00,19,0.8481734262115879,0.8228860484885486,0.8355297373500683,extra_trees_weather,6f370ab0d092a25764187c11,archived_forecast,2026-02-22 12:00:00+00:00,2026-02-22 18:00:00+00:00,NOAA_GFS_operational_1p00_nearest_3h_linear_uv,2026-02-22 12:00:00+00:00,2026-02-22 18:00:00+00:00,NOAA_GFS_operational_1p00_nearest_3h_linear_uv
2026-02-23 14:00:00+00:00,2026-02-22T18:00:00+00:00,20,0.8481734262115879,0.8286783590021091,0.8384258926068486,extra_trees_weather,6f370ab0d092a25764187c11,archived_forecast,2026-02-22 12:00:00+00:00,2026-02-22 18:00:00+00:00,NOAA_GFS_operational_1p00_nearest_3h_linear_uv,2026-02-22 12:00:00+00:00,2026-02-22 18:00:00+00:00,NOAA_GFS_operational_1p00_nearest_3h_linear_uv
2026-02-23 15:00:00+00:00,2026-02-22T18:00:00+00:00,21,0.851010926211588,0.8286783590021091,0.8398446426068485,extra_trees_weather,6f370ab0d092a25764187c11,archived_forecast,2026-02-22 12:00:00+00:00,2026-02-22 18:00:00+00:00,NOAA_GFS_operational_1p00_nearest_3h_linear_uv,2026-02-22 12:00:00+00:00,2026-02-22 18:00:00+00:00,NOAA_GFS_operational_1p00_nearest_3h_linear_uv
2026-02-23 16:00:00+00:00,2026-02-22T18:00:00+00:00,22,0.8558627780634399,0.8330088546638547,0.8444358163636474,extra_trees_weather,6f370ab0d092a25764187c11,archived_forecast,2026-02-22 12:00:00+00:00,2026-02-22 18:00:00+00:00,NOAA_GFS_operational_1p00_nearest_3h_linear_uv,2026-02-22 12:00:00+00:00,2026-02-22 18:00:00+00:00,NOAA_GFS_operational_1p00_nearest_3h_linear_uv
2026-02-23 17:00:00+00:00,2026-02-22T18:00:00+00:00,23,0.8621085188041807,0.8336394102194103,0.8478739645117956,extra_trees_weather,6f370ab0d092a25764187c11,archived_forecast,2026-02-22 12:00:00+00:00,2026-02-22 18:00:00+00:00,NOAA_GFS_operational_1p00_nearest_3h_linear_uv,2026-02-22 12:00:00+00:00,2026-02-22 18:00:00+00:00,NOAA_GFS_operational_1p00_nearest_3h_linear_uv
2026-02-23 18:00:00+00:00,2026-02-22T18:00:00+00:00,24,0.8750437298893919,0.8283766342453844,0.8517101820673882,extra_trees_weather,6f370ab0d092a25764187c11,archived_forecast,2026-02-22 12:00:00+00:00,2026-02-22 18:00:00+00:00,NOAA_GFS_operational_1p00_nearest_3h_linear_uv,2026-02-22 12:00:00+00:00,2026-02-22 18:00:00+00:00,NOAA_GFS_operational_1p00_nearest_3h_linear_uv
2026-02-23 19:00:00+00:00,2026-02-22T18:00:00+00:00,25,0.8829665611322232,0.8842567650405152,0.8836116630863692,extra_trees_weather,6f370ab0d092a25764187c11,archived_forecast,2026-02-22 12:00:00+00:00,2026-02-22 18:00:00+00:00,NOAA_GFS_operational_1p00_nearest_3h_linear_uv,2026-02-22 12:00:00+00:00,2026-02-22 18:00:00+00:00,NOAA_GFS_operational_1p00_nearest_3h_linear_uv
2026-02-23 20:00:00+00:00,2026-02-22T18:00:00+00:00,26,0.8869732099926217,0.8924058420283422,0.889689526010482,extra_trees_weather,6f370ab0d092a25764187c11,archived_forecast,2026-02-22 12:00:00+00:00,2026-02-22 18:00:00+00:00,NOAA_GFS_operational_1p00_nearest_3h_linear_uv,2026-02-22 12:00:00+00:00,2026-02-22 18:00:00+00:00,NOAA_GFS_operational_1p00_nearest_3h_linear_uv
2026-02-23 21:00:00+00:00,2026-02-22T18:00:00+00:00,27,0.8770692547811666,0.8888261803474306,0.8829477175642985,extra_trees_weather,6f370ab0d092a25764187c11,archived_forecast,2026-02-22 12:00:00+00:00,2026-02-22 18:00:00+00:00,NOAA_GFS_operational_1p00_nearest_3h_linear_uv,2026-02-22 12:00:00+00:00,2026-02-22 18:00:00+00:00,NOAA_GFS_operational_1p00_nearest_3h_linear_uv
2026-02-23 22:00:00+00:00,2026-02-22T18:00:00+00:00,28,0.8610604748111363,0.8751918913031415,0.8681261830571388,extra_trees_weather,6f370ab0d092a25764187c11,archived_forecast,2026-02-22 12:00:00+00:00,2026-02-22 18:00:00+00:00,NOAA_GFS_operational_1p00_nearest_3h_linear_uv,2026-02-22 12:00:00+00:00,2026-02-22 18:00:00+00:00,NOAA_GFS_operational_1p00_nearest_3h_linear_uv
2026-02-23 23:00:00+00:00,2026-02-22T18:00:00+00:00,29,0.855328897129559,0.8704496949346952,0.862889296032127,extra_trees_weather,6f370ab0d092a25764187c11,archived_forecast,2026-02-22 12:00:00+00:00,2026-02-22 18:00:00+00:00,NOAA_GFS_operational_1p00_nearest_3h_linear_uv,2026-02-22 12:00:00+00:00,2026-02-22 18:00:00+00:00,NOAA_GFS_operational_1p00_nearest_3h_linear_uv
2026-02-24 00:00:00+00:00,2026-02-22T18:00:00+00:00,30,0.8536774056580673,0.8067939535464537,0.8302356796022605,extra_trees_weather,6f370ab0d092a25764187c11,archived_forecast,2026-02-22 12:00:00+00:00,2026-02-22 18:00:00+00:00,NOAA_GFS_operational_1p00_nearest_3h_linear_uv,2026-02-22 12:00:00+00:00,2026-02-22 18:00:00+00:00,NOAA_GFS_operational_1p00_nearest_3h_linear_uv
2026-02-24 01:00:00+00:00,2026-02-22T18:00:00+00:00,31,0.8411561552880669,0.7993501071912837,0.8202531312396752,extra_trees_weather,6f370ab0d092a25764187c11,archived_forecast,2026-02-22 12:00:00+00:00,2026-02-22 18:00:00+00:00,NOAA_GFS_operational_1p00_nearest_3h_linear_uv,2026-02-22 12:00:00+00:00,2026-02-22 18:00:00+00:00,NOAA_GFS_operational_1p00_nearest_3h_linear_uv
2026-02-24 02:00:00+00:00,2026-02-22T18:00:00+00:00,32,0.8360497790254408,0.7809262219561486,0.8084880004907947,extra_trees_weather,6f370ab0d092a25764187c11,archived_forecast,2026-02-22 12:00:00+00:00,2026-02-22 18:00:00+00:00,NOAA_GFS_operational_1p00_nearest_3h_linear_uv,2026-02-22 12:00:00+00:00,2026-02-22 18:00:00+00:00,NOAA_GFS_operational_1p00_nearest_3h_linear_uv
2026-02-24 03:00:00+00:00,2026-02-22T18:00:00+00:00,33,0.8243894066200684,0.7706809776171543,0.7975351921186113,extra_trees_weather,6f370ab0d092a25764187c11,archived_forecast,2026-02-22 12:00:00+00:00,2026-02-22 18:00:00+00:00,NOAA_GFS_operational_1p00_nearest_3h_linear_uv,2026-02-22 12:00:00+00:00,2026-02-22 18:00:00+00:00,NOAA_GFS_operational_1p00_nearest_3h_linear_uv
2026-02-24 04:00:00+00:00,2026-02-22T18:00:00+00:00,34,0.8125467340611457,0.7667125866562633,0.7896296603587045,extra_trees_weather,6f370ab0d092a25764187c11,archived_forecast,2026-02-22 12:00:00+00:00,2026-02-22 18:00:00+00:00,NOAA_GFS_operational_1p00_nearest_3h_linear_uv,2026-02-22 12:00:00+00:00,2026-02-22 18:00:00+00:00,NOAA_GFS_operational_1p00_nearest_3h_linear_uv
2026-02-24 05:00:00+00:00,2026-02-22T18:00:00+00:00,35,0.760810722063884,0.7832062841162108,0.7720085030900474,extra_trees_weather,6f370ab0d092a25764187c11,archived_forecast,2026-02-22 12:00:00+00:00,2026-02-22 18:00:00+00:00,NOAA_GFS_operational_1p00_nearest_3h_linear_uv,2026-02-22 12:00:00+00:00,2026-02-22 18:00:00+00:00,NOAA_GFS_operational_1p00_nearest_3h_linear_uv
2026-02-24 06:00:00+00:00,2026-02-22T18:00:00+00:00,36,0.6559647617197615,0.6839253180914945,0.6699450399056281,extra_trees_weather,6f370ab0d092a25764187c11,archived_forecast,2026-02-22 12:00:00+00:00,2026-02-22 18:00:00+00:00,NOAA_GFS_operational_1p00_nearest_3h_linear_uv,2026-02-22 12:00:00+00:00,2026-02-22 18:00:00+00:00,NOAA_GFS_operational_1p00_nearest_3h_linear_uv
2026-02-24 07:00:00+00:00,2026-02-22T18:00:00+00:00,37,0.7670022059503677,0.7892408039944806,0.778121504972424,extra_trees_weather,6f370ab0d092a25764187c11,archived_forecast,2026-02-22 12:00:00+00:00,2026-02-22 18:00:00+00:00,NOAA_GFS_operational_1p00_nearest_3h_linear_uv,2026-02-22 12:00:00+00:00,2026-02-22 18:00:00+00:00,NOAA_GFS_operational_1p00_nearest_3h_linear_uv
2026-02-24 08:00:00+00:00,2026-02-22T18:00:00+00:00,38,0.8268855418737034,0.7844333788733054,0.8056594603735046,extra_trees_weather,6f370ab0d092a25764187c11,archived_forecast,2026-02-22 12:00:00+00:00,2026-02-22 18:00:00+00:00,NOAA_GFS_operational_1p00_nearest_3h_linear_uv,2026-02-22 12:00:00+00:00,2026-02-22 18:00:00+00:00,NOAA_GFS_operational_1p00_nearest_3h_linear_uv
2026-02-24 09:00:00+00:00,2026-02-22T18:00:00+00:00,39,0.8528201456495574,0.7965080392592159,0.8246640924543867,extra_trees_weather,6f370ab0d092a25764187c11,archived_forecast,2026-02-22 12:00:00+00:00,2026-02-22 18:00:00+00:00,NOAA_GFS_operational_1p00_nearest_3h_linear_uv,2026-02-22 12:00:00+00:00,2026-02-22 18:00:00+00:00,NOAA_GFS_operational_1p00_nearest_3h_linear_uv
2026-02-24 10:00:00+00:00,2026-02-22T18:00:00+00:00,40,0.8626580286461903,0.7997308759595525,0.8311944523028714,extra_trees_weather,6f370ab0d092a25764187c11,archived_forecast,2026-02-22 12:00:00+00:00,2026-02-22 18:00:00+00:00,NOAA_GFS_operational_1p00_nearest_3h_linear_uv,2026-02-22 12:00:00+00:00,2026-02-22 18:00:00+00:00,NOAA_GFS_operational_1p00_nearest_3h_linear_uv
2026-02-24 11:00:00+00:00,2026-02-22T18:00:00+00:00,41,0.8640205286461906,0.8100534695233957,0.8370369990847932,extra_trees_weather,6f370ab0d092a25764187c11,archived_forecast,2026-02-22 12:00:00+00:00,2026-02-22 18:00:00+00:00,NOAA_GFS_operational_1p00_nearest_3h_linear_uv,2026-02-22 12:00:00+00:00,2026-02-22 18:00:00+00:00,NOAA_GFS_operational_1p00_nearest_3h_linear_uv
2026-02-24 12:00:00+00:00,2026-02-22T18:00:00+00:00,42,0.8766246621053241,0.8126076150238649,0.8446161385645945,extra_trees_weather,6f370ab0d092a25764187c11,archived_forecast,2026-02-22 12:00:00+00:00,2026-02-22 18:00:00+00:00,NOAA_GFS_operational_1p00_nearest_3h_linear_uv,2026-02-22 12:00:00+00:00,2026-02-22 18:00:00+00:00,NOAA_GFS_operational_1p00_nearest_3h_linear_uv
2026-02-24 13:00:00+00:00,2026-02-22T18:00:00+00:00,43,0.7896455835830835,0.830659092696519,0.8101523381398013,extra_trees_weather,6f370ab0d092a25764187c11,archived_forecast,2026-02-22 12:00:00+00:00,2026-02-22 18:00:00+00:00,NOAA_GFS_operational_1p00_nearest_3h_linear_uv,2026-02-22 12:00:00+00:00,2026-02-22 18:00:00+00:00,NOAA_GFS_operational_1p00_nearest_3h_linear_uv
2026-02-24 14:00:00+00:00,2026-02-22T18:00:00+00:00,44,0.6532639064407814,0.694718178795605,0.6739910426181932,extra_trees_weather,6f370ab0d092a25764187c11,archived_forecast,2026-02-22 12:00:00+00:00,2026-02-22 18:00:00+00:00,NOAA_GFS_operational_1p00_nearest_3h_linear_uv,2026-02-22 12:00:00+00:00,2026-02-22 18:00:00+00:00,NOAA_GFS_operational_1p00_nearest_3h_linear_uv
2026-02-24 15:00:00+00:00,2026-02-22T18:00:00+00:00,45,0.4889426558150453,0.5115543106893103,0.5002484832521777,extra_trees_weather,6f370ab0d092a25764187c11,archived_forecast,2026-02-22 12:00:00+00:00,2026-02-22 18:00:00+00:00,NOAA_GFS_operational_1p00_nearest_3h_linear_uv,2026-02-22 12:00:00+00:00,2026-02-22 18:00:00+00:00,NOAA_GFS_operational_1p00_nearest_3h_linear_uv
2026-02-24 16:00:00+00:00,2026-02-22T18:00:00+00:00,46,0.3664980912374661,0.3318307150950902,0.3491644031662781,extra_trees_weather,6f370ab0d092a25764187c11,archived_forecast,2026-02-22 12:00:00+00:00,2026-02-22 18:00:00+00:00,NOAA_GFS_operational_1p00_nearest_3h_linear_uv,2026-02-22 12:00:00+00:00,2026-02-22 18:00:00+00:00,NOAA_GFS_operational_1p00_nearest_3h_linear_uv
2026-02-24 17:00:00+00:00,2026-02-22T18:00:00+00:00,47,0.2560490444509194,0.2455894771201021,0.2508192607855107,extra_trees_weather,6f370ab0d092a25764187c11,archived_forecast,2026-02-22 12:00:00+00:00,2026-02-22 18:00:00+00:00,NOAA_GFS_operational_1p00_nearest_3h_linear_uv,2026-02-22 12:00:00+00:00,2026-02-22 18:00:00+00:00,NOAA_GFS_operational_1p00_nearest_3h_linear_uv
2026-02-24 18:00:00+00:00,2026-02-22T18:00:00+00:00,48,0.2122493347624598,0.2102971114071113,0.2112732230847855,extra_trees_weather,6f370ab0d092a25764187c11,archived_forecast,2026-02-22 12:00:00+00:00,2026-02-22 18:00:00+00:00,NOAA_GFS_operational_1p00_nearest_3h_linear_uv,2026-02-22 12:00:00+00:00,2026-02-22 18:00:00+00:00,NOAA_GFS_operational_1p00_nearest_3h_linear_uv
2026-02-23 19:00:00+00:00,2026-02-23T18:00:00+00:00,1,0.8828801544370665,0.8931011703111706,0.8879906623741186,extra_trees_weather,97df28f41345484d498b0397,archived_forecast,2026-02-23 12:00:00+00:00,2026-02-23 18:00:00+00:00,NOAA_GFS_operational_1p00_nearest_3h_linear_uv,2026-02-23 12:00:00+00:00,2026-02-23 18:00:00+00:00,NOAA_GFS_operational_1p00_nearest_3h_linear_uv
2026-02-23 20:00:00+00:00,2026-02-23T18:00:00+00:00,2,0.8857618740137858,0.8932030642505643,0.8894824691321751,extra_trees_weather,97df28f41345484d498b0397,archived_forecast,2026-02-23 12:00:00+00:00,2026-02-23 18:00:00+00:00,NOAA_GFS_operational_1p00_nearest_3h_linear_uv,2026-02-23 12:00:00+00:00,2026-02-23 18:00:00+00:00,NOAA_GFS_operational_1p00_nearest_3h_linear_uv
2026-02-23 21:00:00+00:00,2026-02-23T18:00:00+00:00,3,0.8732363381145,0.8888261803474306,0.8810312592309653,extra_trees_weather,97df28f41345484d498b0397,archived_forecast,2026-02-23 12:00:00+00:00,2026-02-23 18:00:00+00:00,NOAA_GFS_operational_1p00_nearest_3h_linear_uv,2026-02-23 12:00:00+00:00,2026-02-23 18:00:00+00:00,NOAA_GFS_operational_1p00_nearest_3h_linear_uv
2026-02-23 22:00:00+00:00,2026-02-23T18:00:00+00:00,4,0.8545721246890366,0.8705142135642139,0.8625431691266253,extra_trees_weather,97df28f41345484d498b0397,archived_forecast,2026-02-23 12:00:00+00:00,2026-02-23 18:00:00+00:00,NOAA_GFS_operational_1p00_nearest_3h_linear_uv,2026-02-23 12:00:00+00:00,2026-02-23 18:00:00+00:00,NOAA_GFS_operational_1p00_nearest_3h_linear_uv
2026-02-23 23:00:00+00:00,2026-02-23T18:00:00+00:00,5,0.851270180244592,0.8692555098605101,0.8602628450525511,extra_trees_weather,97df28f41345484d498b0397,archived_forecast,2026-02-23 12:00:00+00:00,2026-02-23 18:00:00+00:00,NOAA_GFS_operational_1p00_nearest_3h_linear_uv,2026-02-23 12:00:00+00:00,2026-02-23 18:00:00+00:00,NOAA_GFS_operational_1p00_nearest_3h_linear_uv
2026-02-24 00:00:00+00:00,2026-02-23T18:00:00+00:00,6,0.8485255836374955,0.8597228670403674,0.8541242253389315,extra_trees_weather,97df28f41345484d498b0397,archived_forecast,2026-02-23 12:00:00+00:00,2026-02-23 18:00:00+00:00,NOAA_GFS_operational_1p00_nearest_3h_linear_uv,2026-02-23 12:00:00+00:00,2026-02-23 18:00:00+00:00,NOAA_GFS_operational_1p00_nearest_3h_linear_uv
2026-02-24 01:00:00+00:00,2026-02-23T18:00:00+00:00,7,0.8361347068753687,0.7903514497838765,0.8132430783296226,extra_trees_weather,97df28f41345484d498b0397,archived_forecast,2026-02-23 12:00:00+00:00,2026-02-23 18:00:00+00:00,NOAA_GFS_operational_1p00_nearest_3h_linear_uv,2026-02-23 12:00:00+00:00,2026-02-23 18:00:00+00:00,NOAA_GFS_operational_1p00_nearest_3h_linear_uv
2026-02-24 02:00:00+00:00,2026-02-23T18:00:00+00:00,8,0.7338887629500128,0.7644488027549794,0.7491687828524961,extra_trees_weather,97df28f41345484d498b0397,archived_forecast,2026-02-23 12:00:00+00:00,2026-02-23 18:00:00+00:00,NOAA_GFS_operational_1p00_nearest_3h_linear_uv,2026-02-23 12:00:00+00:00,2026-02-23 18:00:00+00:00,NOAA_GFS_operational_1p00_nearest_3h_linear_uv
2026-02-24 03:00:00+00:00,2026-02-23T18:00:00+00:00,9,0.607693507094757,0.6509668176336193,0.6293301623641882,extra_trees_weather,97df28f41345484d498b0397,archived_forecast,2026-02-23 12:00:00+00:00,2026-02-23 18:00:00+00:00,NOAA_GFS_operational_1p00_nearest_3h_linear_uv,2026-02-23 12:00:00+00:00,2026-02-23 18:00:00+00:00,NOAA_GFS_operational_1p00_nearest_3h_linear_uv
2026-02-24 04:00:00+00:00,2026-02-23T18:00:00+00:00,10,0.5404281052974802,0.5217459460977473,0.5310870256976137,extra_trees_weather,97df28f41345484d498b0397,archived_forecast,2026-02-23 12:00:00+00:00,2026-02-23 18:00:00+00:00,NOAA_GFS_operational_1p00_nearest_3h_linear_uv,2026-02-23 12:00:00+00:00,2026-02-23 18:00:00+00:00,NOAA_GFS_operational_1p00_nearest_3h_linear_uv
2026-02-24 05:00:00+00:00,2026-02-23T18:00:00+00:00,11,0.4050731345275095,0.3486954271722284,0.376884280849869,extra_trees_weather,97df28f41345484d498b0397,archived_forecast,2026-02-23 12:00:00+00:00,2026-02-23 18:00:00+00:00,NOAA_GFS_operational_1p00_nearest_3h_linear_uv,2026-02-23 12:00:00+00:00,2026-02-23 18:00:00+00:00,NOAA_GFS_operational_1p00_nearest_3h_linear_uv
2026-02-24 06:00:00+00:00,2026-02-23T18:00:00+00:00,12,0.2000536248011247,0.1832119502488251,0.1916327875249749,extra_trees_weather,97df28f41345484d498b0397,archived_forecast,2026-02-23 12:00:00+00:00,2026-02-23 18:00:00+00:00,NOAA_GFS_operational_1p00_nearest_3h_linear_uv,2026-02-23 12:00:00+00:00,2026-02-23 18:00:00+00:00,NOAA_GFS_operational_1p00_nearest_3h_linear_uv
2026-02-24 07:00:00+00:00,2026-02-23T18:00:00+00:00,13,0.4634994162087911,0.3942205868273882,0.4288600015180896,extra_trees_weather,97df28f41345484d498b0397,archived_forecast,2026-02-23 12:00:00+00:00,2026-02-23 18:00:00+00:00,NOAA_GFS_operational_1p00_nearest_3h_linear_uv,2026-02-23 12:00:00+00:00,2026-02-23 18:00:00+00:00,NOAA_GFS_operational_1p00_nearest_3h_linear_uv
2026-02-24 08:00:00+00:00,2026-02-23T18:00:00+00:00,14,0.572047644045769,0.5704301283506797,0.5712388861982243,extra_trees_weather,97df28f41345484d498b0397,archived_forecast,2026-02-23 12:00:00+00:00,2026-02-23 18:00:00+00:00,NOAA_GFS_operational_1p00_nearest_3h_linear_uv,2026-02-23 12:00:00+00:00,2026-02-23 18:00:00+00:00,NOAA_GFS_operational_1p00_nearest_3h_linear_uv
2026-02-24 09:00:00+00:00,2026-02-23T18:00:00+00:00,15,0.641812177035927,0.6997793591430355,0.6707957680894813,extra_trees_weather,97df28f41345484d498b0397,archived_forecast,2026-02-23 12:00:00+00:00,2026-02-23 18:00:00+00:00,NOAA_GFS_operational_1p00_nearest_3h_linear_uv,2026-02-23 12:00:00+00:00,2026-02-23 18:00:00+00:00,NOAA_GFS_operational_1p00_nearest_3h_linear_uv
2026-02-24 10:00:00+00:00,2026-02-23T18:00:00+00:00,16,0.6919088650469899,0.7407332151481415,0.7163210400975657,extra_trees_weather,97df28f41345484d498b0397,archived_forecast,2026-02-23 12:00:00+00:00,2026-02-23 18:00:00+00:00,NOAA_GFS_operational_1p00_nearest_3h_linear_uv,2026-02-23 12:00:00+00:00,2026-02-23 18:00:00+00:00,NOAA_GFS_operational_1p00_nearest_3h_linear_uv
2026-02-24 11:00:00+00:00,2026-02-23T18:00:00+00:00,17,0.7342357708263961,0.7596984743796507,0.7469671226030234,extra_trees_weather,97df28f41345484d498b0397,archived_forecast,2026-02-23 12:00:00+00:00,2026-02-23 18:00:00+00:00,NOAA_GFS_operational_1p00_nearest_3h_linear_uv,2026-02-23 12:00:00+00:00,2026-02-23 18:00:00+00:00,NOAA_GFS_operational_1p00_nearest_3h_linear_uv
2026-02-24 12:00:00+00:00,2026-02-23T18:00:00+00:00,18,0.786280706885707,0.8173885771472533,0.8018346420164801,extra_trees_weather,97df28f41345484d498b0397,archived_forecast,2026-02-23 12:00:00+00:00,2026-02-23 18:00:00+00:00,NOAA_GFS_operational_1p00_nearest_3h_linear_uv,2026-02-23 12:00:00+00:00,2026-02-23 18:00:00+00:00,NOAA_GFS_operational_1p00_nearest_3h_linear_uv
2026-02-24 13:00:00+00:00,2026-02-23T18:00:00+00:00,19,0.6811328536047285,0.7001581299093061,0.6906454917570173,extra_trees_weather,97df28f41345484d498b0397,archived_forecast,2026-02-23 12:00:00+00:00,2026-02-23 18:00:00+00:00,NOAA_GFS_operational_1p00_nearest_3h_linear_uv,2026-02-23 12:00:00+00:00,2026-02-23 18:00:00+00:00,NOAA_GFS_operational_1p00_nearest_3h_linear_uv
2026-02-24 14:00:00+00:00,2026-02-23T18:00:00+00:00,20,0.5019560878922273,0.5239706427668189,0.5129633653295231,extra_trees_weather,97df28f41345484d498b0397,archived_forecast,2026-02-23 12:00:00+00:00,2026-02-23 18:00:00+00:00,NOAA_GFS_operational_1p00_nearest_3h_linear_uv,2026-02-23 12:00:00+00:00,2026-02-23 18:00:00+00:00,NOAA_GFS_operational_1p00_nearest_3h_linear_uv
2026-02-24 15:00:00+00:00,2026-02-23T18:00:00+00:00,21,0.3390045418701667,0.3389096845515595,0.3389571132108631,extra_trees_weather,97df28f41345484d498b0397,archived_forecast,2026-02-23 12:00:00+00:00,2026-02-23 18:00:00+00:00,NOAA_GFS_operational_1p00_nearest_3h_linear_uv,2026-02-23 12:00:00+00:00,2026-02-23 18:00:00+00:00,NOAA_GFS_operational_1p00_nearest_3h_linear_uv
2026-02-24 16:00:00+00:00,2026-02-23T18:00:00+00:00,22,0.265278710063085,0.2719876603257852,0.2686331851944351,extra_trees_weather,97df28f41345484d498b0397,archived_forecast,2026-02-23 12:00:00+00:00,2026-02-23 18:00:00+00:00,NOAA_GFS_operational_1p00_nearest_3h_linear_uv,2026-02-23 12:00:00+00:00,2026-02-23 18:00:00+00:00,NOAA_GFS_operational_1p00_nearest_3h_linear_uv
2026-02-24 17:00:00+00:00,2026-02-23T18:00:00+00:00,23,0.219999519993895,0.2345830803455802,0.2272913001697376,extra_trees_weather,97df28f41345484d498b0397,archived_forecast,2026-02-23 12:00:00+00:00,2026-02-23 18:00:00+00:00,NOAA_GFS_operational_1p00_nearest_3h_linear_uv,2026-02-23 12:00:00+00:00,2026-02-23 18:00:00+00:00,NOAA_GFS_operational_1p00_nearest_3h_linear_uv
2026-02-24 18:00:00+00:00,2026-02-23T18:00:00+00:00,24,0.2086980715349465,0.2137478089503089,0.2112229402426277,extra_trees_weather,97df28f41345484d498b0397,archived_forecast,2026-02-23 12:00:00+00:00,2026-02-23 18:00:00+00:00,NOAA_GFS_operational_1p00_nearest_3h_linear_uv,2026-02-23 12:00:00+00:00,2026-02-23 18:00:00+00:00,NOAA_GFS_operational_1p00_nearest_3h_linear_uv
2026-02-24 19:00:00+00:00,2026-02-23T18:00:00+00:00,25,0.1929165220196469,0.2106955687830687,0.2018060454013578,extra_trees_weather,97df28f41345484d498b0397,archived_forecast,2026-02-23 12:00:00+00:00,2026-02-23 18:00:00+00:00,NOAA_GFS_operational_1p00_nearest_3h_linear_uv,2026-02-23 12:00:00+00:00,2026-02-23 18:00:00+00:00,NOAA_GFS_operational_1p00_nearest_3h_linear_uv
2026-02-24 20:00:00+00:00,2026-02-23T18:00:00+00:00,26,0.1985338666657416,0.2110802964165463,0.204807081541144,extra_trees_weather,97df28f41345484d498b0397,archived_forecast,2026-02-23 12:00:00+00:00,2026-02-23 18:00:00+00:00,NOAA_GFS_operational_1p00_nearest_3h_linear_uv,2026-02-23 12:00:00+00:00,2026-02-23 18:00:00+00:00,NOAA_GFS_operational_1p00_nearest_3h_linear_uv
2026-02-24 21:00:00+00:00,2026-02-23T18:00:00+00:00,27,0.2893875124875125,0.2733372724266473,0.2813623924570799,extra_trees_weather,97df28f41345484d498b0397,archived_forecast,2026-02-23 12:00:00+00:00,2026-02-23 18:00:00+00:00,NOAA_GFS_operational_1p00_nearest_3h_linear_uv,2026-02-23 12:00:00+00:00,2026-02-23 18:00:00+00:00,NOAA_GFS_operational_1p00_nearest_3h_linear_uv
2026-02-24 22:00:00+00:00,2026-02-23T18:00:00+00:00,28,0.3289996448458948,0.3078412545093794,0.3184204496776371,extra_trees_weather,97df28f41345484d498b0397,archived_forecast,2026-02-23 12:00:00+00:00,2026-02-23 18:00:00+00:00,NOAA_GFS_operational_1p00_nearest_3h_linear_uv,2026-02-23 12:00:00+00:00,2026-02-23 18:00:00+00:00,NOAA_GFS_operational_1p00_nearest_3h_linear_uv
2026-02-24 23:00:00+00:00,2026-02-23T18:00:00+00:00,29,0.3660872867179116,0.3369901034844782,0.3515386951011949,extra_trees_weather,97df28f41345484d498b0397,archived_forecast,2026-02-23 12:00:00+00:00,2026-02-23 18:00:00+00:00,NOAA_GFS_operational_1p00_nearest_3h_linear_uv,2026-02-23 12:00:00+00:00,2026-02-23 18:00:00+00:00,NOAA_GFS_operational_1p00_nearest_3h_linear_uv
2026-02-25 00:00:00+00:00,2026-02-23T18:00:00+00:00,30,0.4139557709188956,0.3808276149381663,0.3973916929285309,extra_trees_weather,97df28f41345484d498b0397,archived_forecast,2026-02-23 12:00:00+00:00,2026-02-23 18:00:00+00:00,NOAA_GFS_operational_1p00_nearest_3h_linear_uv,2026-02-23 12:00:00+00:00,2026-02-23 18:00:00+00:00,NOAA_GFS_operational_1p00_nearest_3h_linear_uv
2026-02-25 01:00:00+00:00,2026-02-23T18:00:00+00:00,31,0.5061147114228363,0.4771967540860556,0.491655732754446,extra_trees_weather,97df28f41345484d498b0397,archived_forecast,2026-02-23 12:00:00+00:00,2026-02-23 18:00:00+00:00,NOAA_GFS_operational_1p00_nearest_3h_linear_uv,2026-02-23 12:00:00+00:00,2026-02-23 18:00:00+00:00,NOAA_GFS_operational_1p00_nearest_3h_linear_uv
2026-02-25 02:00:00+00:00,2026-02-23T18:00:00+00:00,32,0.5277310610454361,0.523581840689267,0.5256564508673515,extra_trees_weather,97df28f41345484d498b0397,archived_forecast,2026-02-23 12:00:00+00:00,2026-02-23 18:00:00+00:00,NOAA_GFS_operational_1p00_nearest_3h_linear_uv,2026-02-23 12:00:00+00:00,2026-02-23 18:00:00+00:00,NOAA_GFS_operational_1p00_nearest_3h_linear_uv
2026-02-25 03:00:00+00:00,2026-02-23T18:00:00+00:00,33,0.6078054156722906,0.6158600209580724,0.6118327183151814,extra_trees_weather,97df28f41345484d498b0397,archived_forecast,2026-02-23 12:00:00+00:00,2026-02-23 18:00:00+00:00,NOAA_GFS_operational_1p00_nearest_3h_linear_uv,2026-02-23 12:00:00+00:00,2026-02-23 18:00:00+00:00,NOAA_GFS_operational_1p00_nearest_3h_linear_uv
2026-02-25 04:00:00+00:00,2026-02-23T18:00:00+00:00,34,0.581583361129611,0.6105549052635818,0.5960691331965963,extra_trees_weather,97df28f41345484d498b0397,archived_forecast,2026-02-23 12:00:00+00:00,2026-02-23 18:00:00+00:00,NOAA_GFS_operational_1p00_nearest_3h_linear_uv,2026-02-23 12:00:00+00:00,2026-02-23 18:00:00+00:00,NOAA_GFS_operational_1p00_nearest_3h_linear_uv
2026-02-25 05:00:00+00:00,2026-02-23T18:00:00+00:00,35,0.5672823051716802,0.6068682907207171,0.5870752979461986,extra_trees_weather,97df28f41345484d498b0397,archived_forecast,2026-02-23 12:00:00+00:00,2026-02-23 18:00:00+00:00,NOAA_GFS_operational_1p00_nearest_3h_linear_uv,2026-02-23 12:00:00+00:00,2026-02-23 18:00:00+00:00,NOAA_GFS_operational_1p00_nearest_3h_linear_uv
2026-02-25 06:00:00+00:00,2026-02-23T18:00:00+00:00,36,0.5587327432058681,0.5672364388688653,0.5629845910373668,extra_trees_weather,97df28f41345484d498b0397,archived_forecast,2026-02-23 12:00:00+00:00,2026-02-23 18:00:00+00:00,NOAA_GFS_operational_1p00_nearest_3h_linear_uv,2026-02-23 12:00:00+00:00,2026-02-23 18:00:00+00:00,NOAA_GFS_operational_1p00_nearest_3h_linear_uv
2026-02-25 07:00:00+00:00,2026-02-23T18:00:00+00:00,37,0.510106349923225,0.5211991608690872,0.515652755396156,extra_trees_weather,97df28f41345484d498b0397,archived_forecast,2026-02-23 12:00:00+00:00,2026-02-23 18:00:00+00:00,NOAA_GFS_operational_1p00_nearest_3h_linear_uv,2026-02-23 12:00:00+00:00,2026-02-23 18:00:00+00:00,NOAA_GFS_operational_1p00_nearest_3h_linear_uv
2026-02-25 08:00:00+00:00,2026-02-23T18:00:00+00:00,38,0.5336014625883376,0.5285554343178607,0.5310784484530992,extra_trees_weather,97df28f41345484d498b0397,archived_forecast,2026-02-23 12:00:00+00:00,2026-02-23 18:00:00+00:00,NOAA_GFS_operational_1p00_nearest_3h_linear_uv,2026-02-23 12:00:00+00:00,2026-02-23 18:00:00+00:00,NOAA_GFS_operational_1p00_nearest_3h_linear_uv
2026-02-25 09:00:00+00:00,2026-02-23T18:00:00+00:00,39,0.5452662690999088,0.5258784032933298,0.5355723361966193,extra_trees_weather,97df28f41345484d498b0397,archived_forecast,2026-02-23 12:00:00+00:00,2026-02-23 18:00:00+00:00,NOAA_GFS_operational_1p00_nearest_3h_linear_uv,2026-02-23 12:00:00+00:00,2026-02-23 18:00:00+00:00,NOAA_GFS_operational_1p00_nearest_3h_linear_uv
2026-02-25 10:00:00+00:00,2026-02-23T18:00:00+00:00,40,0.5826202795339191,0.5635327677714441,0.5730765236526816,extra_trees_weather,97df28f41345484d498b0397,archived_forecast,2026-02-23 12:00:00+00:00,2026-02-23 18:00:00+00:00,NOAA_GFS_operational_1p00_nearest_3h_linear_uv,2026-02-23 12:00:00+00:00,2026-02-23 18:00:00+00:00,NOAA_GFS_operational_1p00_nearest_3h_linear_uv
2026-02-25 11:00:00+00:00,2026-02-23T18:00:00+00:00,41,0.5814194756618651,0.5760471914958678,0.5787333335788664,extra_trees_weather,97df28f41345484d498b0397,archived_forecast,2026-02-23 12:00:00+00:00,2026-02-23 18:00:00+00:00,NOAA_GFS_operational_1p00_nearest_3h_linear_uv,2026-02-23 12:00:00+00:00,2026-02-23 18:00:00+00:00,NOAA_GFS_operational_1p00_nearest_3h_linear_uv
2026-02-25 12:00:00+00:00,2026-02-23T18:00:00+00:00,42,0.5691667386766281,0.5955704432441195,0.5823685909603739,extra_trees_weather,97df28f41345484d498b0397,archived_forecast,2026-02-23 12:00:00+00:00,2026-02-23 18:00:00+00:00,NOAA_GFS_operational_1p00_nearest_3h_linear_uv,2026-02-23 12:00:00+00:00,2026-02-23 18:00:00+00:00,NOAA_GFS_operational_1p00_nearest_3h_linear_uv
2026-02-25 13:00:00+00:00,2026-02-23T18:00:00+00:00,43,0.4855086883935779,0.5255283765608026,0.5055185324771903,extra_trees_weather,97df28f41345484d498b0397,archived_forecast,2026-02-23 12:00:00+00:00,2026-02-23 18:00:00+00:00,NOAA_GFS_operational_1p00_nearest_3h_linear_uv,2026-02-23 12:00:00+00:00,2026-02-23 18:00:00+00:00,NOAA_GFS_operational_1p00_nearest_3h_linear_uv
2026-02-25 14:00:00+00:00,2026-02-23T18:00:00+00:00,44,0.3983493928062676,0.4349635448347947,0.4166564688205312,extra_trees_weather,97df28f41345484d498b0397,archived_forecast,2026-02-23 12:00:00+00:00,2026-02-23 18:00:00+00:00,NOAA_GFS_operational_1p00_nearest_3h_linear_uv,2026-02-23 12:00:00+00:00,2026-02-23 18:00:00+00:00,NOAA_GFS_operational_1p00_nearest_3h_linear_uv
2026-02-25 15:00:00+00:00,2026-02-23T18:00:00+00:00,45,0.2853986416592665,0.330150481092981,0.3077745613761238,extra_trees_weather,97df28f41345484d498b0397,archived_forecast,2026-02-23 12:00:00+00:00,2026-02-23 18:00:00+00:00,NOAA_GFS_operational_1p00_nearest_3h_linear_uv,2026-02-23 12:00:00+00:00,2026-02-23 18:00:00+00:00,NOAA_GFS_operational_1p00_nearest_3h_linear_uv
2026-02-25 16:00:00+00:00,2026-02-23T18:00:00+00:00,46,0.3742124274105523,0.4307975165112665,0.4025049719609094,extra_trees_weather,97df28f41345484d498b0397,archived_forecast,2026-02-23 12:00:00+00:00,2026-02-23 18:00:00+00:00,NOAA_GFS_operational_1p00_nearest_3h_linear_uv,2026-02-23 12:00:00+00:00,2026-02-23 18:00:00+00:00,NOAA_GFS_operational_1p00_nearest_3h_linear_uv
2026-02-25 17:00:00+00:00,2026-02-23T18:00:00+00:00,47,0.4736020166856562,0.4769176766588528,0.4752598466722545,extra_trees_weather,97df28f41345484d498b0397,archived_forecast,2026-02-23 12:00:00+00:00,2026-02-23 18:00:00+00:00,NOAA_GFS_operational_1p00_nearest_3h_linear_uv,2026-02-23 12:00:00+00:00,2026-02-23 18:00:00+00:00,NOAA_GFS_operational_1p00_nearest_3h_linear_uv
2026-02-25 18:00:00+00:00,2026-02-23T18:00:00+00:00,48,0.5257137923187924,0.5129202362289127,0.5193170142738525,extra_trees_weather,97df28f41345484d498b0397,archived_forecast,2026-02-23 12:00:00+00:00,2026-02-23 18:00:00+00:00,NOAA_GFS_operational_1p00_nearest_3h_linear_uv,2026-02-23 12:00:00+00:00,2026-02-23 18:00:00+00:00,NOAA_GFS_operational_1p00_nearest_3h_linear_uv
2026-02-24 19:00:00+00:00,2026-02-24T18:00:00+00:00,1,0.2258923675167424,0.2516783217245716,0.238785344620657,extra_trees_weather,543bab95858356f40966129a,archived_forecast,2026-02-24 12:00:00+00:00,2026-02-24 18:00:00+00:00,NOAA_GFS_operational_1p00_nearest_3h_linear_uv,2026-02-24 12:00:00+00:00,2026-02-24 18:00:00+00:00,NOAA_GFS_operational_1p00_nearest_3h_linear_uv
2026-02-24 20:00:00+00:00,2026-02-24T18:00:00+00:00,2,0.269909606990232,0.259674118173493,0.2647918625818626,extra_trees_weather,543bab95858356f40966129a,archived_forecast,2026-02-24 12:00:00+00:00,2026-02-24 18:00:00+00:00,NOAA_GFS_operational_1p00_nearest_3h_linear_uv,2026-02-24 12:00:00+00:00,2026-02-24 18:00:00+00:00,NOAA_GFS_operational_1p00_nearest_3h_linear_uv
2026-02-24 21:00:00+00:00,2026-02-24T18:00:00+00:00,3,0.2879323725117475,0.2762377353433602,0.2820850539275539,extra_trees_weather,543bab95858356f40966129a,archived_forecast,2026-02-24 12:00:00+00:00,2026-02-24 18:00:00+00:00,NOAA_GFS_operational_1p00_nearest_3h_linear_uv,2026-02-24 12:00:00+00:00,2026-02-24 18:00:00+00:00,NOAA_GFS_operational_1p00_nearest_3h_linear_uv
2026-02-24 22:00:00+00:00,2026-02-24T18:00:00+00:00,4,0.2719478426897177,0.2647843359649608,0.2683660893273393,extra_trees_weather,543bab95858356f40966129a,archived_forecast,2026-02-24 12:00:00+00:00,2026-02-24 18:00:00+00:00,NOAA_GFS_operational_1p00_nearest_3h_linear_uv,2026-02-24 12:00:00+00:00,2026-02-24 18:00:00+00:00,NOAA_GFS_operational_1p00_nearest_3h_linear_uv
2026-02-24 23:00:00+00:00,2026-02-24T18:00:00+00:00,5,0.2495672354266104,0.2312599499111998,0.2404135926689051,extra_trees_weather,543bab95858356f40966129a,archived_forecast,2026-02-24 12:00:00+00:00,2026-02-24 18:00:00+00:00,NOAA_GFS_operational_1p00_nearest_3h_linear_uv,2026-02-24 12:00:00+00:00,2026-02-24 18:00:00+00:00,NOAA_GFS_operational_1p00_nearest_3h_linear_uv
2026-02-25 00:00:00+00:00,2026-02-24T18:00:00+00:00,6,0.2287773687654937,0.2066213024706775,0.2176993356180856,extra_trees_weather,543bab95858356f40966129a,archived_forecast,2026-02-24 12:00:00+00:00,2026-02-24 18:00:00+00:00,NOAA_GFS_operational_1p00_nearest_3h_linear_uv,2026-02-24 12:00:00+00:00,2026-02-24 18:00:00+00:00,NOAA_GFS_operational_1p00_nearest_3h_linear_uv
2026-02-25 01:00:00+00:00,2026-02-24T18:00:00+00:00,7,0.2545707277213526,0.2369432754976505,0.2457570016095015,extra_trees_weather,543bab95858356f40966129a,archived_forecast,2026-02-24 12:00:00+00:00,2026-02-24 18:00:00+00:00,NOAA_GFS_operational_1p00_nearest_3h_linear_uv,2026-02-24 12:00:00+00:00,2026-02-24 18:00:00+00:00,NOAA_GFS_operational_1p00_nearest_3h_linear_uv
2026-02-25 02:00:00+00:00,2026-02-24T18:00:00+00:00,8,0.335972522940023,0.3035773377548377,0.3197749303474303,extra_trees_weather,543bab95858356f40966129a,archived_forecast,2026-02-24 12:00:00+00:00,2026-02-24 18:00:00+00:00,NOAA_GFS_operational_1p00_nearest_3h_linear_uv,2026-02-24 12:00:00+00:00,2026-02-24 18:00:00+00:00,NOAA_GFS_operational_1p00_nearest_3h_linear_uv
2026-02-25 03:00:00+00:00,2026-02-24T18:00:00+00:00,9,0.4832604967023718,0.4605782219237733,0.4719193593130726,extra_trees_weather,543bab95858356f40966129a,archived_forecast,2026-02-24 12:00:00+00:00,2026-02-24 18:00:00+00:00,NOAA_GFS_operational_1p00_nearest_3h_linear_uv,2026-02-24 12:00:00+00:00,2026-02-24 18:00:00+00:00,NOAA_GFS_operational_1p00_nearest_3h_linear_uv
2026-02-25 04:00:00+00:00,2026-02-24T18:00:00+00:00,10,0.398705439907315,0.3655980150473163,0.3821517274773156,extra_trees_weather,543bab95858356f40966129a,archived_forecast,2026-02-24 12:00:00+00:00,2026-02-24 18:00:00+00:00,NOAA_GFS_operational_1p00_nearest_3h_linear_uv,2026-02-24 12:00:00+00:00,2026-02-24 18:00:00+00:00,NOAA_GFS_operational_1p00_nearest_3h_linear_uv
2026-02-25 05:00:00+00:00,2026-02-24T18:00:00+00:00,11,0.3544647919441669,0.3113601708014207,0.3329124813727938,extra_trees_weather,543bab95858356f40966129a,archived_forecast,2026-02-24 12:00:00+00:00,2026-02-24 18:00:00+00:00,NOAA_GFS_operational_1p00_nearest_3h_linear_uv,2026-02-24 12:00:00+00:00,2026-02-24 18:00:00+00:00,NOAA_GFS_operational_1p00_nearest_3h_linear_uv
2026-02-25 06:00:00+00:00,2026-02-24T18:00:00+00:00,12,0.3110588997345248,0.2896444851444851,0.3003516924395049,extra_trees_weather,543bab95858356f40966129a,archived_forecast,2026-02-24 12:00:00+00:00,2026-02-24 18:00:00+00:00,NOAA_GFS_operational_1p00_nearest_3h_linear_uv,2026-02-24 12:00:00+00:00,2026-02-24 18:00:00+00:00,NOAA_GFS_operational_1p00_nearest_3h_linear_uv
2026-02-25 07:00:00+00:00,2026-02-24T18:00:00+00:00,13,0.2173301917526916,0.2002984148952898,0.2088143033239907,extra_trees_weather,543bab95858356f40966129a,archived_forecast,2026-02-24 12:00:00+00:00,2026-02-24 18:00:00+00:00,NOAA_GFS_operational_1p00_nearest_3h_linear_uv,2026-02-24 12:00:00+00:00,2026-02-24 18:00:00+00:00,NOAA_GFS_operational_1p00_nearest_3h_linear_uv
2026-02-25 08:00:00+00:00,2026-02-24T18:00:00+00:00,14,0.1979855503986753,0.1952290899609648,0.1966073201798201,extra_trees_weather,543bab95858356f40966129a,archived_forecast,2026-02-24 12:00:00+00:00,2026-02-24 18:00:00+00:00,NOAA_GFS_operational_1p00_nearest_3h_linear_uv,2026-02-24 12:00:00+00:00,2026-02-24 18:00:00+00:00,NOAA_GFS_operational_1p00_nearest_3h_linear_uv
2026-02-25 09:00:00+00:00,2026-02-24T18:00:00+00:00,15,0.1819259453278203,0.1852477614052613,0.1835868533665408,extra_trees_weather,543bab95858356f40966129a,archived_forecast,2026-02-24 12:00:00+00:00,2026-02-24 18:00:00+00:00,NOAA_GFS_operational_1p00_nearest_3h_linear_uv,2026-02-24 12:00:00+00:00,2026-02-24 18:00:00+00:00,NOAA_GFS_operational_1p00_nearest_3h_linear_uv
2026-02-25 10:00:00+00:00,2026-02-24T18:00:00+00:00,16,0.1373843434574684,0.1617227448246198,0.1495535441410441,extra_trees_weather,543bab95858356f40966129a,archived_forecast,2026-02-24 12:00:00+00:00,2026-02-24 18:00:00+00:00,NOAA_GFS_operational_1p00_nearest_3h_linear_uv,2026-02-24 12:00:00+00:00,2026-02-24 18:00:00+00:00,NOAA_GFS_operational_1p00_nearest_3h_linear_uv
2026-02-25 11:00:00+00:00,2026-02-24T18:00:00+00:00,17,0.1670129663392163,0.1841035642829392,0.1755582653110778,extra_trees_weather,543bab95858356f40966129a,archived_forecast,2026-02-24 12:00:00+00:00,2026-02-24 18:00:00+00:00,NOAA_GFS_operational_1p00_nearest_3h_linear_uv,2026-02-24 12:00:00+00:00,2026-02-24 18:00:00+00:00,NOAA_GFS_operational_1p00_nearest_3h_linear_uv
2026-02-25 12:00:00+00:00,2026-02-24T18:00:00+00:00,18,0.2259956181549931,0.2450665704896954,0.2355310943223442,extra_trees_weather,543bab95858356f40966129a,archived_forecast,2026-02-24 12:00:00+00:00,2026-02-24 18:00:00+00:00,NOAA_GFS_operational_1p00_nearest_3h_linear_uv,2026-02-24 12:00:00+00:00,2026-02-24 18:00:00+00:00,NOAA_GFS_operational_1p00_nearest_3h_linear_uv
2026-02-25 13:00:00+00:00,2026-02-24T18:00:00+00:00,19,0.3649264345376843,0.395699523948274,0.3803129792429791,extra_trees_weather,543bab95858356f40966129a,archived_forecast,2026-02-24 12:00:00+00:00,2026-02-24 18:00:00+00:00,NOAA_GFS_operational_1p00_nearest_3h_linear_uv,2026-02-24 12:00:00+00:00,2026-02-24 18:00:00+00:00,NOAA_GFS_operational_1p00_nearest_3h_linear_uv
2026-02-25 14:00:00+00:00,2026-02-24T18:00:00+00:00,20,0.4992153758727653,0.5143909392921889,0.5068031575824771,extra_trees_weather,543bab95858356f40966129a,archived_forecast,2026-02-24 12:00:00+00:00,2026-02-24 18:00:00+00:00,NOAA_GFS_operational_1p00_nearest_3h_linear_uv,2026-02-24 12:00:00+00:00,2026-02-24 18:00:00+00:00,NOAA_GFS_operational_1p00_nearest_3h_linear_uv
2026-02-25 15:00:00+00:00,2026-02-24T18:00:00+00:00,21,0.5702692323634969,0.5879147193846455,0.5790919758740712,extra_trees_weather,543bab95858356f40966129a,archived_forecast,2026-02-24 12:00:00+00:00,2026-02-24 18:00:00+00:00,NOAA_GFS_operational_1p00_nearest_3h_linear_uv,2026-02-24 12:00:00+00:00,2026-02-24 18:00:00+00:00,NOAA_GFS_operational_1p00_nearest_3h_linear_uv
2026-02-25 16:00:00+00:00,2026-02-24T18:00:00+00:00,22,0.5562396111513758,0.5895915239689502,0.572915567560163,extra_trees_weather,543bab95858356f40966129a,archived_forecast,2026-02-24 12:00:00+00:00,2026-02-24 18:00:00+00:00,NOAA_GFS_operational_1p00_nearest_3h_linear_uv,2026-02-24 12:00:00+00:00,2026-02-24 18:00:00+00:00,NOAA_GFS_operational_1p00_nearest_3h_linear_uv
2026-02-25 17:00:00+00:00,2026-02-24T18:00:00+00:00,23,0.5314430623298271,0.538225399630326,0.5348342309800767,extra_trees_weather,543bab95858356f40966129a,archived_forecast,2026-02-24 12:00:00+00:00,2026-02-24 18:00:00+00:00,NOAA_GFS_operational_1p00_nearest_3h_linear_uv,2026-02-24 12:00:00+00:00,2026-02-24 18:00:00+00:00,NOAA_GFS_operational_1p00_nearest_3h_linear_uv
2026-02-25 18:00:00+00:00,2026-02-24T18:00:00+00:00,24,0.5207210925185926,0.5108053220689986,0.5157632072937955,extra_trees_weather,543bab95858356f40966129a,archived_forecast,2026-02-24 12:00:00+00:00,2026-02-24 18:00:00+00:00,NOAA_GFS_operational_1p00_nearest_3h_linear_uv,2026-02-24 12:00:00+00:00,2026-02-24 18:00:00+00:00,NOAA_GFS_operational_1p00_nearest_3h_linear_uv
2026-02-25 19:00:00+00:00,2026-02-24T18:00:00+00:00,25,0.5138714383533135,0.4782713409806422,0.4960713896669778,extra_trees_weather,543bab95858356f40966129a,archived_forecast,2026-02-24 12:00:00+00:00,2026-02-24 18:00:00+00:00,NOAA_GFS_operational_1p00_nearest_3h_linear_uv,2026-02-24 12:00:00+00:00,2026-02-24 18:00:00+00:00,NOAA_GFS_operational_1p00_nearest_3h_linear_uv
2026-02-25 20:00:00+00:00,2026-02-24T18:00:00+00:00,26,0.5287410914317165,0.4864282138762651,0.5075846526539908,extra_trees_weather,543bab95858356f40966129a,archived_forecast,2026-02-24 12:00:00+00:00,2026-02-24 18:00:00+00:00,NOAA_GFS_operational_1p00_nearest_3h_linear_uv,2026-02-24 12:00:00+00:00,2026-02-24 18:00:00+00:00,NOAA_GFS_operational_1p00_nearest_3h_linear_uv
2026-02-25 21:00:00+00:00,2026-02-24T18:00:00+00:00,27,0.5497713042744294,0.4923886604435867,0.5210799823590081,extra_trees_weather,543bab95858356f40966129a,archived_forecast,2026-02-24 12:00:00+00:00,2026-02-24 18:00:00+00:00,NOAA_GFS_operational_1p00_nearest_3h_linear_uv,2026-02-24 12:00:00+00:00,2026-02-24 18:00:00+00:00,NOAA_GFS_operational_1p00_nearest_3h_linear_uv
2026-02-25 22:00:00+00:00,2026-02-24T18:00:00+00:00,28,0.5506970185601437,0.4945716135784149,0.5226343160692793,extra_trees_weather,543bab95858356f40966129a,archived_forecast,2026-02-24 12:00:00+00:00,2026-02-24 18:00:00+00:00,NOAA_GFS_operational_1p00_nearest_3h_linear_uv,2026-02-24 12:00:00+00:00,2026-02-24 18:00:00+00:00,NOAA_GFS_operational_1p00_nearest_3h_linear_uv
2026-02-25 23:00:00+00:00,2026-02-24T18:00:00+00:00,29,0.5531390093008846,0.4948499597461361,0.5239944845235102,extra_trees_weather,543bab95858356f40966129a,archived_forecast,2026-02-24 12:00:00+00:00,2026-02-24 18:00:00+00:00,NOAA_GFS_operational_1p00_nearest_3h_linear_uv,2026-02-24 12:00:00+00:00,2026-02-24 18:00:00+00:00,NOAA_GFS_operational_1p00_nearest_3h_linear_uv
2026-02-26 00:00:00+00:00,2026-02-24T18:00:00+00:00,30,0.5541536452436455,0.4996224929999194,0.5268880691217825,extra_trees_weather,543bab95858356f40966129a,archived_forecast,2026-02-24 12:00:00+00:00,2026-02-24 18:00:00+00:00,NOAA_GFS_operational_1p00_nearest_3h_linear_uv,2026-02-24 12:00:00+00:00,2026-02-24 18:00:00+00:00,NOAA_GFS_operational_1p00_nearest_3h_linear_uv
2026-02-26 01:00:00+00:00,2026-02-24T18:00:00+00:00,31,0.5179013454138452,0.4756196518827033,0.4967604986482743,extra_trees_weather,543bab95858356f40966129a,archived_forecast,2026-02-24 12:00:00+00:00,2026-02-24 18:00:00+00:00,NOAA_GFS_operational_1p00_nearest_3h_linear_uv,2026-02-24 12:00:00+00:00,2026-02-24 18:00:00+00:00,NOAA_GFS_operational_1p00_nearest_3h_linear_uv
2026-02-26 02:00:00+00:00,2026-02-24T18:00:00+00:00,32,0.4827307943445443,0.4257380684661199,0.4542344314053321,extra_trees_weather,543bab95858356f40966129a,archived_forecast,2026-02-24 12:00:00+00:00,2026-02-24 18:00:00+00:00,NOAA_GFS_operational_1p00_nearest_3h_linear_uv,2026-02-24 12:00:00+00:00,2026-02-24 18:00:00+00:00,NOAA_GFS_operational_1p00_nearest_3h_linear_uv
2026-02-26 03:00:00+00:00,2026-02-24T18:00:00+00:00,33,0.4057550759657008,0.3724811512167025,0.3891181135912016,extra_trees_weather,543bab95858356f40966129a,archived_forecast,2026-02-24 12:00:00+00:00,2026-02-24 18:00:00+00:00,NOAA_GFS_operational_1p00_nearest_3h_linear_uv,2026-02-24 12:00:00+00:00,2026-02-24 18:00:00+00:00,NOAA_GFS_operational_1p00_nearest_3h_linear_uv
2026-02-26 04:00:00+00:00,2026-02-24T18:00:00+00:00,34,0.2674250134587634,0.2274651129426129,0.2474450632006881,extra_trees_weather,543bab95858356f40966129a,archived_forecast,2026-02-24 12:00:00+00:00,2026-02-24 18:00:00+00:00,NOAA_GFS_operational_1p00_nearest_3h_linear_uv,2026-02-24 12:00:00+00:00,2026-02-24 18:00:00+00:00,NOAA_GFS_operational_1p00_nearest_3h_linear_uv
2026-02-26 05:00:00+00:00,2026-02-24T18:00:00+00:00,35,0.1971345259832759,0.164631174955219,0.1808828504692475,extra_trees_weather,543bab95858356f40966129a,archived_forecast,2026-02-24 12:00:00+00:00,2026-02-24 18:00:00+00:00,NOAA_GFS_operational_1p00_nearest_3h_linear_uv,2026-02-24 12:00:00+00:00,2026-02-24 18:00:00+00:00,NOAA_GFS_operational_1p00_nearest_3h_linear_uv
2026-02-26 06:00:00+00:00,2026-02-24T18:00:00+00:00,36,0.205396112036112,0.1853210396738337,0.1953585758549729,extra_trees_weather,543bab95858356f40966129a,archived_forecast,2026-02-24 12:00:00+00:00,2026-02-24 18:00:00+00:00,NOAA_GFS_operational_1p00_nearest_3h_linear_uv,2026-02-24 12:00:00+00:00,2026-02-24 18:00:00+00:00,NOAA_GFS_operational_1p00_nearest_3h_linear_uv
2026-02-26 07:00:00+00:00,2026-02-24T18:00:00+00:00,37,0.0920100072843822,0.0978777358249049,0.0949438715546435,extra_trees_weather,543bab95858356f40966129a,archived_forecast,2026-02-24 12:00:00+00:00,2026-02-24 18:00:00+00:00,NOAA_GFS_operational_1p00_nearest_3h_linear_uv,2026-02-24 12:00:00+00:00,2026-02-24 18:00:00+00:00,NOAA_GFS_operational_1p00_nearest_3h_linear_uv
2026-02-26 08:00:00+00:00,2026-02-24T18:00:00+00:00,38,0.5666584067784068,0.5890821621733386,0.5778702844758727,extra_trees_weather,543bab95858356f40966129a,archived_forecast,2026-02-24 12:00:00+00:00,2026-02-24 18:00:00+00:00,NOAA_GFS_operational_1p00_nearest_3h_linear_uv,2026-02-24 12:00:00+00:00,2026-02-24 18:00:00+00:00,NOAA_GFS_operational_1p00_nearest_3h_linear_uv
2026-02-26 09:00:00+00:00,2026-02-24T18:00:00+00:00,39,0.842963687015599,0.8004996477133982,0.8217316673644987,extra_trees_weather,543bab95858356f40966129a,archived_forecast,2026-02-24 12:00:00+00:00,2026-02-24 18:00:00+00:00,NOAA_GFS_operational_1p00_nearest_3h_linear_uv,2026-02-24 12:00:00+00:00,2026-02-24 18:00:00+00:00,NOAA_GFS_operational_1p00_nearest_3h_linear_uv
2026-02-26 10:00:00+00:00,2026-02-24T18:00:00+00:00,40,0.8450251684970805,0.8011413143800648,0.8230832414385727,extra_trees_weather,543bab95858356f40966129a,archived_forecast,2026-02-24 12:00:00+00:00,2026-02-24 18:00:00+00:00,NOAA_GFS_operational_1p00_nearest_3h_linear_uv,2026-02-24 12:00:00+00:00,2026-02-24 18:00:00+00:00,NOAA_GFS_operational_1p00_nearest_3h_linear_uv
2026-02-26 11:00:00+00:00,2026-02-24T18:00:00+00:00,41,0.8505503536822657,0.8001906199356204,0.825370486808943,extra_trees_weather,543bab95858356f40966129a,archived_forecast,2026-02-24 12:00:00+00:00,2026-02-24 18:00:00+00:00,NOAA_GFS_operational_1p00_nearest_3h_linear_uv,2026-02-24 12:00:00+00:00,2026-02-24 18:00:00+00:00,NOAA_GFS_operational_1p00_nearest_3h_linear_uv
2026-02-26 12:00:00+00:00,2026-02-24T18:00:00+00:00,42,0.8635308952703074,0.816658720954971,0.8400948081126393,extra_trees_weather,543bab95858356f40966129a,archived_forecast,2026-02-24 12:00:00+00:00,2026-02-24 18:00:00+00:00,NOAA_GFS_operational_1p00_nearest_3h_linear_uv,2026-02-24 12:00:00+00:00,2026-02-24 18:00:00+00:00,NOAA_GFS_operational_1p00_nearest_3h_linear_uv
2026-02-26 13:00:00+00:00,2026-02-24T18:00:00+00:00,43,0.8672747715329336,0.799591430976431,0.8334331012546822,extra_trees_weather,543bab95858356f40966129a,archived_forecast,2026-02-24 12:00:00+00:00,2026-02-24 18:00:00+00:00,NOAA_GFS_operational_1p00_nearest_3h_linear_uv,2026-02-24 12:00:00+00:00,2026-02-24 18:00:00+00:00,NOAA_GFS_operational_1p00_nearest_3h_linear_uv
2026-02-26 14:00:00+00:00,2026-02-24T18:00:00+00:00,44,0.8603566793473415,0.7992757629870133,0.8298162211671773,extra_trees_weather,543bab95858356f40966129a,archived_forecast,2026-02-24 12:00:00+00:00,2026-02-24 18:00:00+00:00,NOAA_GFS_operational_1p00_nearest_3h_linear_uv,2026-02-24 12:00:00+00:00,2026-02-24 18:00:00+00:00,NOAA_GFS_operational_1p00_nearest_3h_linear_uv
2026-02-26 15:00:00+00:00,2026-02-24T18:00:00+00:00,45,0.8631400126806748,0.7967017141654645,0.8299208634230697,extra_trees_weather,543bab95858356f40966129a,archived_forecast,2026-02-24 12:00:00+00:00,2026-02-24 18:00:00+00:00,NOAA_GFS_operational_1p00_nearest_3h_linear_uv,2026-02-24 12:00:00+00:00,2026-02-24 18:00:00+00:00,NOAA_GFS_operational_1p00_nearest_3h_linear_uv
2026-02-26 16:00:00+00:00,2026-02-24T18:00:00+00:00,46,0.8679918645325267,0.7972988900913904,0.8326453773119586,extra_trees_weather,543bab95858356f40966129a,archived_forecast,2026-02-24 12:00:00+00:00,2026-02-24 18:00:00+00:00,NOAA_GFS_operational_1p00_nearest_3h_linear_uv,2026-02-24 12:00:00+00:00,2026-02-24 18:00:00+00:00,NOAA_GFS_operational_1p00_nearest_3h_linear_uv
2026-02-26 17:00:00+00:00,2026-02-24T18:00:00+00:00,47,0.8702335311991933,0.7969584018759021,0.8335959665375478,extra_trees_weather,543bab95858356f40966129a,archived_forecast,2026-02-24 12:00:00+00:00,2026-02-24 18:00:00+00:00,NOAA_GFS_operational_1p00_nearest_3h_linear_uv,2026-02-24 12:00:00+00:00,2026-02-24 18:00:00+00:00,NOAA_GFS_operational_1p00_nearest_3h_linear_uv
2026-02-26 18:00:00+00:00,2026-02-24T18:00:00+00:00,48,0.8713653493810115,0.7977229852092355,0.8345441672951234,extra_trees_weather,543bab95858356f40966129a,archived_forecast,2026-02-24 12:00:00+00:00,2026-02-24 18:00:00+00:00,NOAA_GFS_operational_1p00_nearest_3h_linear_uv,2026-02-24 12:00:00+00:00,2026-02-24 18:00:00+00:00,NOAA_GFS_operational_1p00_nearest_3h_linear_uv
2026-02-25 19:00:00+00:00,2026-02-25T18:00:00+00:00,1,0.5255930472536725,0.5024318563449076,0.5140124517992901,extra_trees_weather,d46e5b018f0f8fd5c9eae2a2,archived_forecast,2026-02-25 12:00:00+00:00,2026-02-25 18:00:00+00:00,NOAA_GFS_operational_1p00_nearest_3h_linear_uv,2026-02-25 12:00:00+00:00,2026-02-25 18:00:00+00:00,NOAA_GFS_operational_1p00_nearest_3h_linear_uv
2026-02-25 20:00:00+00:00,2026-02-25T18:00:00+00:00,2,0.4860791682160433,0.4682702965620977,0.4771747323890706,extra_trees_weather,d46e5b018f0f8fd5c9eae2a2,archived_forecast,2026-02-25 12:00:00+00:00,2026-02-25 18:00:00+00:00,NOAA_GFS_operational_1p00_nearest_3h_linear_uv,2026-02-25 12:00:00+00:00,2026-02-25 18:00:00+00:00,NOAA_GFS_operational_1p00_nearest_3h_linear_uv
2026-02-25 21:00:00+00:00,2026-02-25T18:00:00+00:00,3,0.4654678782560033,0.4287284354602368,0.4470981568581201,extra_trees_weather,d46e5b018f0f8fd5c9eae2a2,archived_forecast,2026-02-25 12:00:00+00:00,2026-02-25 18:00:00+00:00,NOAA_GFS_operational_1p00_nearest_3h_linear_uv,2026-02-25 12:00:00+00:00,2026-02-25 18:00:00+00:00,NOAA_GFS_operational_1p00_nearest_3h_linear_uv
2026-02-25 22:00:00+00:00,2026-02-25T18:00:00+00:00,4,0.4492192656648906,0.4268328573346587,0.4380260614997746,extra_trees_weather,d46e5b018f0f8fd5c9eae2a2,archived_forecast,2026-02-25 12:00:00+00:00,2026-02-25 18:00:00+00:00,NOAA_GFS_operational_1p00_nearest_3h_linear_uv,2026-02-25 12:00:00+00:00,2026-02-25 18:00:00+00:00,NOAA_GFS_operational_1p00_nearest_3h_linear_uv
2026-02-25 23:00:00+00:00,2026-02-25T18:00:00+00:00,5,0.4185787100862099,0.377777125797677,0.3981779179419435,extra_trees_weather,d46e5b018f0f8fd5c9eae2a2,archived_forecast,2026-02-25 12:00:00+00:00,2026-02-25 18:00:00+00:00,NOAA_GFS_operational_1p00_nearest_3h_linear_uv,2026-02-25 12:00:00+00:00,2026-02-25 18:00:00+00:00,NOAA_GFS_operational_1p00_nearest_3h_linear_uv
2026-02-26 00:00:00+00:00,2026-02-25T18:00:00+00:00,6,0.402302737123987,0.3897377700145713,0.3960202535692792,extra_trees_weather,d46e5b018f0f8fd5c9eae2a2,archived_forecast,2026-02-25 12:00:00+00:00,2026-02-25 18:00:00+00:00,NOAA_GFS_operational_1p00_nearest_3h_linear_uv,2026-02-25 12:00:00+00:00,2026-02-25 18:00:00+00:00,NOAA_GFS_operational_1p00_nearest_3h_linear_uv
2026-02-26 01:00:00+00:00,2026-02-25T18:00:00+00:00,7,0.26282518005143,0.2438552791611983,0.2533402296063141,extra_trees_weather,d46e5b018f0f8fd5c9eae2a2,archived_forecast,2026-02-25 12:00:00+00:00,2026-02-25 18:00:00+00:00,NOAA_GFS_operational_1p00_nearest_3h_linear_uv,2026-02-25 12:00:00+00:00,2026-02-25 18:00:00+00:00,NOAA_GFS_operational_1p00_nearest_3h_linear_uv
2026-02-26 02:00:00+00:00,2026-02-25T18:00:00+00:00,8,0.1551284252553002,0.1530174296033486,0.1540729274293244,extra_trees_weather,d46e5b018f0f8fd5c9eae2a2,archived_forecast,2026-02-25 12:00:00+00:00,2026-02-25 18:00:00+00:00,NOAA_GFS_operational_1p00_nearest_3h_linear_uv,2026-02-25 12:00:00+00:00,2026-02-25 18:00:00+00:00,NOAA_GFS_operational_1p00_nearest_3h_linear_uv
2026-02-26 03:00:00+00:00,2026-02-25T18:00:00+00:00,9,0.127344681059681,0.1203262415784106,0.1238354613190458,extra_trees_weather,d46e5b018f0f8fd5c9eae2a2,archived_forecast,2026-02-25 12:00:00+00:00,2026-02-25 18:00:00+00:00,NOAA_GFS_operational_1p00_nearest_3h_linear_uv,2026-02-25 12:00:00+00:00,2026-02-25 18:00:00+00:00,NOAA_GFS_operational_1p00_nearest_3h_linear_uv
2026-02-26 04:00:00+00:00,2026-02-25T18:00:00+00:00,10,0.100268075026825,0.102845236958031,0.101556655992428,extra_trees_weather,d46e5b018f0f8fd5c9eae2a2,archived_forecast,2026-02-25 12:00:00+00:00,2026-02-25 18:00:00+00:00,NOAA_GFS_operational_1p00_nearest_3h_linear_uv,2026-02-25 12:00:00+00:00,2026-02-25 18:00:00+00:00,NOAA_GFS_operational_1p00_nearest_3h_linear_uv
2026-02-26 05:00:00+00:00,2026-02-25T18:00:00+00:00,11,0.0885002782634032,0.087412129903049,0.0879562040832261,extra_trees_weather,d46e5b018f0f8fd5c9eae2a2,archived_forecast,2026-02-25 12:00:00+00:00,2026-02-25 18:00:00+00:00,NOAA_GFS_operational_1p00_nearest_3h_linear_uv,2026-02-25 12:00:00+00:00,2026-02-25 18:00:00+00:00,NOAA_GFS_operational_1p00_nearest_3h_linear_uv
2026-02-26 06:00:00+00:00,2026-02-25T18:00:00+00:00,12,0.4820382092213342,0.4351373562154076,0.4585877827183709,extra_trees_weather,d46e5b018f0f8fd5c9eae2a2,archived_forecast,2026-02-25 12:00:00+00:00,2026-02-25 18:00:00+00:00,NOAA_GFS_operational_1p00_nearest_3h_linear_uv,2026-02-25 12:00:00+00:00,2026-02-25 18:00:00+00:00,NOAA_GFS_operational_1p00_nearest_3h_linear_uv
2026-02-26 07:00:00+00:00,2026-02-25T18:00:00+00:00,13,0.7837554806155175,0.7080170171331936,0.7458862488743556,extra_trees_weather,d46e5b018f0f8fd5c9eae2a2,archived_forecast,2026-02-25 12:00:00+00:00,2026-02-25 18:00:00+00:00,NOAA_GFS_operational_1p00_nearest_3h_linear_uv,2026-02-25 12:00:00+00:00,2026-02-25 18:00:00+00:00,NOAA_GFS_operational_1p00_nearest_3h_linear_uv
2026-02-26 08:00:00+00:00,2026-02-25T18:00:00+00:00,14,0.845231221101883,0.806685695693196,0.8259584583975395,extra_trees_weather,d46e5b018f0f8fd5c9eae2a2,archived_forecast,2026-02-25 12:00:00+00:00,2026-02-25 18:00:00+00:00,NOAA_GFS_operational_1p00_nearest_3h_linear_uv,2026-02-25 12:00:00+00:00,2026-02-25 18:00:00+00:00,NOAA_GFS_operational_1p00_nearest_3h_linear_uv
2026-02-26 09:00:00+00:00,2026-02-25T18:00:00+00:00,15,0.8455851232182852,0.805655371619122,0.8256202474187035,extra_trees_weather,d46e5b018f0f8fd5c9eae2a2,archived_forecast,2026-02-25 12:00:00+00:00,2026-02-25 18:00:00+00:00,NOAA_GFS_operational_1p00_nearest_3h_linear_uv,2026-02-25 12:00:00+00:00,2026-02-25 18:00:00+00:00,NOAA_GFS_operational_1p00_nearest_3h_linear_uv
2026-02-26 10:00:00+00:00,2026-02-25T18:00:00+00:00,16,0.8476466046997667,0.8062970382857886,0.8269718214927777,extra_trees_weather,d46e5b018f0f8fd5c9eae2a2,archived_forecast,2026-02-25 12:00:00+00:00,2026-02-25 18:00:00+00:00,NOAA_GFS_operational_1p00_nearest_3h_linear_uv,2026-02-25 12:00:00+00:00,2026-02-25 18:00:00+00:00,NOAA_GFS_operational_1p00_nearest_3h_linear_uv
2026-02-26 11:00:00+00:00,2026-02-25T18:00:00+00:00,17,0.8476466046997667,0.8053463438413441,0.8264964742705553,extra_trees_weather,d46e5b018f0f8fd5c9eae2a2,archived_forecast,2026-02-25 12:00:00+00:00,2026-02-25 18:00:00+00:00,NOAA_GFS_operational_1p00_nearest_3h_linear_uv,2026-02-25 12:00:00+00:00,2026-02-25 18:00:00+00:00,NOAA_GFS_operational_1p00_nearest_3h_linear_uv
2026-02-26 12:00:00+00:00,2026-02-25T18:00:00+00:00,18,0.8523583975365596,0.8007217737355241,0.8265400856360418,extra_trees_weather,d46e5b018f0f8fd5c9eae2a2,archived_forecast,2026-02-25 12:00:00+00:00,2026-02-25 18:00:00+00:00,NOAA_GFS_operational_1p00_nearest_3h_linear_uv,2026-02-25 12:00:00+00:00,2026-02-25 18:00:00+00:00,NOAA_GFS_operational_1p00_nearest_3h_linear_uv
2026-02-26 13:00:00+00:00,2026-02-25T18:00:00+00:00,19,0.8561022737991858,0.7944735293410295,0.8252879015701076,extra_trees_weather,d46e5b018f0f8fd5c9eae2a2,archived_forecast,2026-02-25 12:00:00+00:00,2026-02-25 18:00:00+00:00,NOAA_GFS_operational_1p00_nearest_3h_linear_uv,2026-02-25 12:00:00+00:00,2026-02-25 18:00:00+00:00,NOAA_GFS_operational_1p00_nearest_3h_linear_uv
2026-02-26 14:00:00+00:00,2026-02-25T18:00:00+00:00,20,0.8541754219473339,0.7931828613516116,0.8236791416494728,extra_trees_weather,d46e5b018f0f8fd5c9eae2a2,archived_forecast,2026-02-25 12:00:00+00:00,2026-02-25 18:00:00+00:00,NOAA_GFS_operational_1p00_nearest_3h_linear_uv,2026-02-25 12:00:00+00:00,2026-02-25 18:00:00+00:00,NOAA_GFS_operational_1p00_nearest_3h_linear_uv
2026-02-26 15:00:00+00:00,2026-02-25T18:00:00+00:00,21,0.8569587552806673,0.7920636946849448,0.824511224982806,extra_trees_weather,d46e5b018f0f8fd5c9eae2a2,archived_forecast,2026-02-25 12:00:00+00:00,2026-02-25 18:00:00+00:00,NOAA_GFS_operational_1p00_nearest_3h_linear_uv,2026-02-25 12:00:00+00:00,2026-02-25 18:00:00+00:00,NOAA_GFS_operational_1p00_nearest_3h_linear_uv
2026-02-26 16:00:00+00:00,2026-02-25T18:00:00+00:00,22,0.863737458984371,0.7926608706108708,0.828199164797621,extra_trees_weather,d46e5b018f0f8fd5c9eae2a2,archived_forecast,2026-02-25 12:00:00+00:00,2026-02-25 18:00:00+00:00,NOAA_GFS_operational_1p00_nearest_3h_linear_uv,2026-02-25 12:00:00+00:00,2026-02-25 18:00:00+00:00,NOAA_GFS_operational_1p00_nearest_3h_linear_uv
2026-02-26 17:00:00+00:00,2026-02-25T18:00:00+00:00,23,0.86890033777225,0.7908655002405004,0.8298829190063752,extra_trees_weather,d46e5b018f0f8fd5c9eae2a2,archived_forecast,2026-02-25 12:00:00+00:00,2026-02-25 18:00:00+00:00,NOAA_GFS_operational_1p00_nearest_3h_linear_uv,2026-02-25 12:00:00+00:00,2026-02-25 18:00:00+00:00,NOAA_GFS_operational_1p00_nearest_3h_linear_uv
2026-02-26 18:00:00+00:00,2026-02-25T18:00:00+00:00,24,0.8739867855836978,0.8012923454785958,0.8376395655311468,extra_trees_weather,d46e5b018f0f8fd5c9eae2a2,archived_forecast,2026-02-25 12:00:00+00:00,2026-02-25 18:00:00+00:00,NOAA_GFS_operational_1p00_nearest_3h_linear_uv,2026-02-25 12:00:00+00:00,2026-02-25 18:00:00+00:00,NOAA_GFS_operational_1p00_nearest_3h_linear_uv
2026-02-26 19:00:00+00:00,2026-02-25T18:00:00+00:00,25,0.8797082020376142,0.8136056755744256,0.84665693880602,extra_trees_weather,d46e5b018f0f8fd5c9eae2a2,archived_forecast,2026-02-25 12:00:00+00:00,2026-02-25 18:00:00+00:00,NOAA_GFS_operational_1p00_nearest_3h_linear_uv,2026-02-25 12:00:00+00:00,2026-02-25 18:00:00+00:00,NOAA_GFS_operational_1p00_nearest_3h_linear_uv
2026-02-26 20:00:00+00:00,2026-02-25T18:00:00+00:00,26,0.8833190175646799,0.8197468708606211,0.8515329442126504,extra_trees_weather,d46e5b018f0f8fd5c9eae2a2,archived_forecast,2026-02-25 12:00:00+00:00,2026-02-25 18:00:00+00:00,NOAA_GFS_operational_1p00_nearest_3h_linear_uv,2026-02-25 12:00:00+00:00,2026-02-25 18:00:00+00:00,NOAA_GFS_operational_1p00_nearest_3h_linear_uv
2026-02-26 21:00:00+00:00,2026-02-25T18:00:00+00:00,27,0.8758019605013726,0.8117582470307473,0.8437801037660599,extra_trees_weather,d46e5b018f0f8fd5c9eae2a2,archived_forecast,2026-02-25 12:00:00+00:00,2026-02-25 18:00:00+00:00,NOAA_GFS_operational_1p00_nearest_3h_linear_uv,2026-02-25 12:00:00+00:00,2026-02-25 18:00:00+00:00,NOAA_GFS_operational_1p00_nearest_3h_linear_uv
2026-02-26 22:00:00+00:00,2026-02-25T18:00:00+00:00,28,0.8604976677108296,0.7981157327857332,0.8293067002482813,extra_trees_weather,d46e5b018f0f8fd5c9eae2a2,archived_forecast,2026-02-25 12:00:00+00:00,2026-02-25 18:00:00+00:00,NOAA_GFS_operational_1p00_nearest_3h_linear_uv,2026-02-25 12:00:00+00:00,2026-02-25 18:00:00+00:00,NOAA_GFS_operational_1p00_nearest_3h_linear_uv
2026-02-26 23:00:00+00:00,2026-02-25T18:00:00+00:00,29,0.854022866123528,0.7921770229770234,0.8230999445502758,extra_trees_weather,d46e5b018f0f8fd5c9eae2a2,archived_forecast,2026-02-25 12:00:00+00:00,2026-02-25 18:00:00+00:00,NOAA_GFS_operational_1p00_nearest_3h_linear_uv,2026-02-25 12:00:00+00:00,2026-02-25 18:00:00+00:00,NOAA_GFS_operational_1p00_nearest_3h_linear_uv
2026-02-27 00:00:00+00:00,2026-02-25T18:00:00+00:00,30,0.8509142663899284,0.7816094659969663,0.8162618661934474,extra_trees_weather,d46e5b018f0f8fd5c9eae2a2,archived_forecast,2026-02-25 12:00:00+00:00,2026-02-25 18:00:00+00:00,NOAA_GFS_operational_1p00_nearest_3h_linear_uv,2026-02-25 12:00:00+00:00,2026-02-25 18:00:00+00:00,NOAA_GFS_operational_1p00_nearest_3h_linear_uv
2026-02-27 01:00:00+00:00,2026-02-25T18:00:00+00:00,31,0.8518993796562915,0.7583401853701855,0.8051197825132385,extra_trees_weather,d46e5b018f0f8fd5c9eae2a2,archived_forecast,2026-02-25 12:00:00+00:00,2026-02-25 18:00:00+00:00,NOAA_GFS_operational_1p00_nearest_3h_linear_uv,2026-02-25 12:00:00+00:00,2026-02-25 18:00:00+00:00,NOAA_GFS_operational_1p00_nearest_3h_linear_uv
2026-02-27 02:00:00+00:00,2026-02-25T18:00:00+00:00,32,0.8384560603829723,0.7081933186326203,0.7733246895077963,extra_trees_weather,d46e5b018f0f8fd5c9eae2a2,archived_forecast,2026-02-25 12:00:00+00:00,2026-02-25 18:00:00+00:00,NOAA_GFS_operational_1p00_nearest_3h_linear_uv,2026-02-25 12:00:00+00:00,2026-02-25 18:00:00+00:00,NOAA_GFS_operational_1p00_nearest_3h_linear_uv
2026-02-27 03:00:00+00:00,2026-02-25T18:00:00+00:00,33,0.8195762032262401,0.6869607502288017,0.753268476727521,extra_trees_weather,d46e5b018f0f8fd5c9eae2a2,archived_forecast,2026-02-25 12:00:00+00:00,2026-02-25 18:00:00+00:00,NOAA_GFS_operational_1p00_nearest_3h_linear_uv,2026-02-25 12:00:00+00:00,2026-02-25 18:00:00+00:00,NOAA_GFS_operational_1p00_nearest_3h_linear_uv
2026-02-27 04:00:00+00:00,2026-02-25T18:00:00+00:00,34,0.8405368387712508,0.710886025509077,0.7757114321401639,extra_trees_weather,d46e5b018f0f8fd5c9eae2a2,archived_forecast,2026-02-25 12:00:00+00:00,2026-02-25 18:00:00+00:00,NOAA_GFS_operational_1p00_nearest_3h_linear_uv,2026-02-25 12:00:00+00:00,2026-02-25 18:00:00+00:00,NOAA_GFS_operational_1p00_nearest_3h_linear_uv
2026-02-27 05:00:00+00:00,2026-02-25T18:00:00+00:00,35,0.8553238549957672,0.7941776976726981,0.8247507763342327,extra_trees_weather,d46e5b018f0f8fd5c9eae2a2,archived_forecast,2026-02-25 12:00:00+00:00,2026-02-25 18:00:00+00:00,NOAA_GFS_operational_1p00_nearest_3h_linear_uv,2026-02-25 12:00:00+00:00,2026-02-25 18:00:00+00:00,NOAA_GFS_operational_1p00_nearest_3h_linear_uv
2026-02-27 06:00:00+00:00,2026-02-25T18:00:00+00:00,36,0.8647311670355791,0.8219459133459136,0.8433385401907463,extra_trees_weather,d46e5b018f0f8fd5c9eae2a2,archived_forecast,2026-02-25 12:00:00+00:00,2026-02-25 18:00:00+00:00,NOAA_GFS_operational_1p00_nearest_3h_linear_uv,2026-02-25 12:00:00+00:00,2026-02-25 18:00:00+00:00,NOAA_GFS_operational_1p00_nearest_3h_linear_uv
2026-02-27 07:00:00+00:00,2026-02-25T18:00:00+00:00,37,0.8644015837022458,0.8222279588004588,0.8433147712513523,extra_trees_weather,d46e5b018f0f8fd5c9eae2a2,archived_forecast,2026-02-25 12:00:00+00:00,2026-02-25 18:00:00+00:00,NOAA_GFS_operational_1p00_nearest_3h_linear_uv,2026-02-25 12:00:00+00:00,2026-02-25 18:00:00+00:00,NOAA_GFS_operational_1p00_nearest_3h_linear_uv
2026-02-27 08:00:00+00:00,2026-02-25T18:00:00+00:00,38,0.8651021340777963,0.8222279588004588,0.8436650464391277,extra_trees_weather,d46e5b018f0f8fd5c9eae2a2,archived_forecast,2026-02-25 12:00:00+00:00,2026-02-25 18:00:00+00:00,NOAA_GFS_operational_1p00_nearest_3h_linear_uv,2026-02-25 12:00:00+00:00,2026-02-25 18:00:00+00:00,NOAA_GFS_operational_1p00_nearest_3h_linear_uv
2026-02-27 09:00:00+00:00,2026-02-25T18:00:00+00:00,39,0.8624803595560216,0.8211976347263849,0.8418389971412032,extra_trees_weather,d46e5b018f0f8fd5c9eae2a2,archived_forecast,2026-02-25 12:00:00+00:00,2026-02-25 18:00:00+00:00,NOAA_GFS_operational_1p00_nearest_3h_linear_uv,2026-02-25 12:00:00+00:00,2026-02-25 18:00:00+00:00,NOAA_GFS_operational_1p00_nearest_3h_linear_uv
2026-02-27 10:00:00+00:00,2026-02-25T18:00:00+00:00,40,0.869479276934939,0.8215550421337924,0.8455171595343657,extra_trees_weather,d46e5b018f0f8fd5c9eae2a2,archived_forecast,2026-02-25 12:00:00+00:00,2026-02-25 18:00:00+00:00,NOAA_GFS_operational_1p00_nearest_3h_linear_uv,2026-02-25 12:00:00+00:00,2026-02-25 18:00:00+00:00,NOAA_GFS_operational_1p00_nearest_3h_linear_uv
2026-02-27 11:00:00+00:00,2026-02-25T18:00:00+00:00,41,0.8730343298449919,0.823012405834906,0.848023367839949,extra_trees_weather,d46e5b018f0f8fd5c9eae2a2,archived_forecast,2026-02-25 12:00:00+00:00,2026-02-25 18:00:00+00:00,NOAA_GFS_operational_1p00_nearest_3h_linear_uv,2026-02-25 12:00:00+00:00,2026-02-25 18:00:00+00:00,NOAA_GFS_operational_1p00_nearest_3h_linear_uv
2026-02-27 12:00:00+00:00,2026-02-25T18:00:00+00:00,42,0.8722218641162762,0.8128801576664078,0.8425510108913421,extra_trees_weather,d46e5b018f0f8fd5c9eae2a2,archived_forecast,2026-02-25 12:00:00+00:00,2026-02-25 18:00:00+00:00,NOAA_GFS_operational_1p00_nearest_3h_linear_uv,2026-02-25 12:00:00+00:00,2026-02-25 18:00:00+00:00,NOAA_GFS_operational_1p00_nearest_3h_linear_uv
2026-02-27 13:00:00+00:00,2026-02-25T18:00:00+00:00,43,0.8758342232848852,0.8131064096089096,0.8444703164468975,extra_trees_weather,d46e5b018f0f8fd5c9eae2a2,archived_forecast,2026-02-25 12:00:00+00:00,2026-02-25 18:00:00+00:00,NOAA_GFS_operational_1p00_nearest_3h_linear_uv,2026-02-25 12:00:00+00:00,2026-02-25 18:00:00+00:00,NOAA_GFS_operational_1p00_nearest_3h_linear_uv
2026-02-27 14:00:00+00:00,2026-02-25T18:00:00+00:00,44,0.8746430195811817,0.8071388897676399,0.8408909546744107,extra_trees_weather,d46e5b018f0f8fd5c9eae2a2,archived_forecast,2026-02-25 12:00:00+00:00,2026-02-25 18:00:00+00:00,NOAA_GFS_operational_1p00_nearest_3h_linear_uv,2026-02-25 12:00:00+00:00,2026-02-25 18:00:00+00:00,NOAA_GFS_operational_1p00_nearest_3h_linear_uv
2026-02-27 15:00:00+00:00,2026-02-25T18:00:00+00:00,45,0.8869748286979907,0.8074991543179044,0.8472369915079476,extra_trees_weather,d46e5b018f0f8fd5c9eae2a2,archived_forecast,2026-02-25 12:00:00+00:00,2026-02-25 18:00:00+00:00,NOAA_GFS_operational_1p00_nearest_3h_linear_uv,2026-02-25 12:00:00+00:00,2026-02-25 18:00:00+00:00,NOAA_GFS_operational_1p00_nearest_3h_linear_uv
2026-02-27 16:00:00+00:00,2026-02-25T18:00:00+00:00,46,0.9012093145824766,0.8090667132404634,0.85513801391147,extra_trees_weather,d46e5b018f0f8fd5c9eae2a2,archived_forecast,2026-02-25 12:00:00+00:00,2026-02-25 18:00:00+00:00,NOAA_GFS_operational_1p00_nearest_3h_linear_uv,2026-02-25 12:00:00+00:00,2026-02-25 18:00:00+00:00,NOAA_GFS_operational_1p00_nearest_3h_linear_uv
2026-02-27 17:00:00+00:00,2026-02-25T18:00:00+00:00,47,0.90244764791581,0.8057005852943354,0.8540741166050727,extra_trees_weather,d46e5b018f0f8fd5c9eae2a2,archived_forecast,2026-02-25 12:00:00+00:00,2026-02-25 18:00:00+00:00,NOAA_GFS_operational_1p00_nearest_3h_linear_uv,2026-02-25 12:00:00+00:00,2026-02-25 18:00:00+00:00,NOAA_GFS_operational_1p00_nearest_3h_linear_uv
2026-02-27 18:00:00+00:00,2026-02-25T18:00:00+00:00,48,0.903579466097628,0.8064651686276687,0.8550223173626484,extra_trees_weather,d46e5b018f0f8fd5c9eae2a2,archived_forecast,2026-02-25 12:00:00+00:00,2026-02-25 18:00:00+00:00,NOAA_GFS_operational_1p00_nearest_3h_linear_uv,2026-02-25 12:00:00+00:00,2026-02-25 18:00:00+00:00,NOAA_GFS_operational_1p00_nearest_3h_linear_uv
2026-02-26 19:00:00+00:00,2026-02-26T18:00:00+00:00,1,0.8845111075117695,0.8189097496484998,0.8517104285801346,extra_trees_weather,af6752bd03b75d71d5297438,archived_forecast,2026-02-26 12:00:00+00:00,2026-02-26 18:00:00+00:00,NOAA_GFS_operational_1p00_nearest_3h_linear_uv,2026-02-26 12:00:00+00:00,2026-02-26 18:00:00+00:00,NOAA_GFS_operational_1p00_nearest_3h_linear_uv
2026-02-26 20:00:00+00:00,2026-02-26T18:00:00+00:00,2,0.8847191630673251,0.8161373195785698,0.8504282413229474,extra_trees_weather,af6752bd03b75d71d5297438,archived_forecast,2026-02-26 12:00:00+00:00,2026-02-26 18:00:00+00:00,NOAA_GFS_operational_1p00_nearest_3h_linear_uv,2026-02-26 12:00:00+00:00,2026-02-26 18:00:00+00:00,NOAA_GFS_operational_1p00_nearest_3h_linear_uv
2026-02-26 21:00:00+00:00,2026-02-26T18:00:00+00:00,3,0.8718683607677729,0.799785490620491,0.8358269256941319,extra_trees_weather,af6752bd03b75d71d5297438,archived_forecast,2026-02-26 12:00:00+00:00,2026-02-26 18:00:00+00:00,NOAA_GFS_operational_1p00_nearest_3h_linear_uv,2026-02-26 12:00:00+00:00,2026-02-26 18:00:00+00:00,NOAA_GFS_operational_1p00_nearest_3h_linear_uv
2026-02-26 22:00:00+00:00,2026-02-26T18:00:00+00:00,4,0.8623152286221406,0.7223865340215341,0.7923508813218374,extra_trees_weather,af6752bd03b75d71d5297438,archived_forecast,2026-02-26 12:00:00+00:00,2026-02-26 18:00:00+00:00,NOAA_GFS_operational_1p00_nearest_3h_linear_uv,2026-02-26 12:00:00+00:00,2026-02-26 18:00:00+00:00,NOAA_GFS_operational_1p00_nearest_3h_linear_uv
2026-02-26 23:00:00+00:00,2026-02-26T18:00:00+00:00,5,0.8377047053259921,0.7076821584502099,0.7726934318881011,extra_trees_weather,af6752bd03b75d71d5297438,archived_forecast,2026-02-26 12:00:00+00:00,2026-02-26 18:00:00+00:00,NOAA_GFS_operational_1p00_nearest_3h_linear_uv,2026-02-26 12:00:00+00:00,2026-02-26 18:00:00+00:00,NOAA_GFS_operational_1p00_nearest_3h_linear_uv
2026-02-27 00:00:00+00:00,2026-02-26T18:00:00+00:00,6,0.74645320529008,0.7026367572079337,0.7245449812490069,extra_trees_weather,af6752bd03b75d71d5297438,archived_forecast,2026-02-26 12:00:00+00:00,2026-02-26 18:00:00+00:00,NOAA_GFS_operational_1p00_nearest_3h_linear_uv,2026-02-26 12:00:00+00:00,2026-02-26 18:00:00+00:00,NOAA_GFS_operational_1p00_nearest_3h_linear_uv
2026-02-27 01:00:00+00:00,2026-02-26T18:00:00+00:00,7,0.6416102485939986,0.6074709570590083,0.6245406028265034,extra_trees_weather,af6752bd03b75d71d5297438,archived_forecast,2026-02-26 12:00:00+00:00,2026-02-26 18:00:00+00:00,NOAA_GFS_operational_1p00_nearest_3h_linear_uv,2026-02-26 12:00:00+00:00,2026-02-26 18:00:00+00:00,NOAA_GFS_operational_1p00_nearest_3h_linear_uv
2026-02-27 02:00:00+00:00,2026-02-26T18:00:00+00:00,8,0.5734706809856808,0.6039870583188593,0.5887288696522701,extra_trees_weather,af6752bd03b75d71d5297438,archived_forecast,2026-02-26 12:00:00+00:00,2026-02-26 18:00:00+00:00,NOAA_GFS_operational_1p00_nearest_3h_linear_uv,2026-02-26 12:00:00+00:00,2026-02-26 18:00:00+00:00,NOAA_GFS_operational_1p00_nearest_3h_linear_uv
2026-02-27 03:00:00+00:00,2026-02-26T18:00:00+00:00,9,0.5623217276011027,0.5708965879558892,0.5666091577784959,extra_trees_weather,af6752bd03b75d71d5297438,archived_forecast,2026-02-26 12:00:00+00:00,2026-02-26 18:00:00+00:00,NOAA_GFS_operational_1p00_nearest_3h_linear_uv,2026-02-26 12:00:00+00:00,2026-02-26 18:00:00+00:00,NOAA_GFS_operational_1p00_nearest_3h_linear_uv
2026-02-27 04:00:00+00:00,2026-02-26T18:00:00+00:00,10,0.682027448223073,0.6640879261084774,0.6730576871657751,extra_trees_weather,af6752bd03b75d71d5297438,archived_forecast,2026-02-26 12:00:00+00:00,2026-02-26 18:00:00+00:00,NOAA_GFS_operational_1p00_nearest_3h_linear_uv,2026-02-26 12:00:00+00:00,2026-02-26 18:00:00+00:00,NOAA_GFS_operational_1p00_nearest_3h_linear_uv
2026-02-27 05:00:00+00:00,2026-02-26T18:00:00+00:00,11,0.8226822312260182,0.7157944673681438,0.7692383492970811,extra_trees_weather,af6752bd03b75d71d5297438,archived_forecast,2026-02-26 12:00:00+00:00,2026-02-26 18:00:00+00:00,NOAA_GFS_operational_1p00_nearest_3h_linear_uv,2026-02-26 12:00:00+00:00,2026-02-26 18:00:00+00:00,NOAA_GFS_operational_1p00_nearest_3h_linear_uv
2026-02-27 06:00:00+00:00,2026-02-26T18:00:00+00:00,12,0.8593229855873977,0.740492397093647,0.7999076913405223,extra_trees_weather,af6752bd03b75d71d5297438,archived_forecast,2026-02-26 12:00:00+00:00,2026-02-26 18:00:00+00:00,NOAA_GFS_operational_1p00_nearest_3h_linear_uv,2026-02-26 12:00:00+00:00,2026-02-26 18:00:00+00:00,NOAA_GFS_operational_1p00_nearest_3h_linear_uv
2026-02-27 07:00:00+00:00,2026-02-26T18:00:00+00:00,13,0.8514865824072444,0.8037824173049176,0.827634499856081,extra_trees_weather,af6752bd03b75d71d5297438,archived_forecast,2026-02-26 12:00:00+00:00,2026-02-26 18:00:00+00:00,NOAA_GFS_operational_1p00_nearest_3h_linear_uv,2026-02-26 12:00:00+00:00,2026-02-26 18:00:00+00:00,NOAA_GFS_operational_1p00_nearest_3h_linear_uv
2026-02-27 08:00:00+00:00,2026-02-26T18:00:00+00:00,14,0.8450504803611422,0.8049015839715844,0.8249760321663632,extra_trees_weather,af6752bd03b75d71d5297438,archived_forecast,2026-02-26 12:00:00+00:00,2026-02-26 18:00:00+00:00,NOAA_GFS_operational_1p00_nearest_3h_linear_uv,2026-02-26 12:00:00+00:00,2026-02-26 18:00:00+00:00,NOAA_GFS_operational_1p00_nearest_3h_linear_uv
2026-02-27 09:00:00+00:00,2026-02-26T18:00:00+00:00,15,0.8454043824775445,0.8053439450826954,0.8253741637801199,extra_trees_weather,af6752bd03b75d71d5297438,archived_forecast,2026-02-26 12:00:00+00:00,2026-02-26 18:00:00+00:00,NOAA_GFS_operational_1p00_nearest_3h_linear_uv,2026-02-26 12:00:00+00:00,2026-02-26 18:00:00+00:00,NOAA_GFS_operational_1p00_nearest_3h_linear_uv
2026-02-27 10:00:00+00:00,2026-02-26T18:00:00+00:00,16,0.847465863959026,0.8053439450826954,0.8264049045208607,extra_trees_weather,af6752bd03b75d71d5297438,archived_forecast,2026-02-26 12:00:00+00:00,2026-02-26 18:00:00+00:00,NOAA_GFS_operational_1p00_nearest_3h_linear_uv,2026-02-26 12:00:00+00:00,2026-02-26 18:00:00+00:00,NOAA_GFS_operational_1p00_nearest_3h_linear_uv
2026-02-27 11:00:00+00:00,2026-02-26T18:00:00+00:00,17,0.847465863959026,0.8043932506382508,0.8259295572986384,extra_trees_weather,af6752bd03b75d71d5297438,archived_forecast,2026-02-26 12:00:00+00:00,2026-02-26 18:00:00+00:00,NOAA_GFS_operational_1p00_nearest_3h_linear_uv,2026-02-26 12:00:00+00:00,2026-02-26 18:00:00+00:00,NOAA_GFS_operational_1p00_nearest_3h_linear_uv
2026-02-27 12:00:00+00:00,2026-02-26T18:00:00+00:00,18,0.855098868917031,0.7997686805324307,0.8274337747247309,extra_trees_weather,af6752bd03b75d71d5297438,archived_forecast,2026-02-26 12:00:00+00:00,2026-02-26 18:00:00+00:00,NOAA_GFS_operational_1p00_nearest_3h_linear_uv,2026-02-26 12:00:00+00:00,2026-02-26 18:00:00+00:00,NOAA_GFS_operational_1p00_nearest_3h_linear_uv
2026-02-27 13:00:00+00:00,2026-02-26T18:00:00+00:00,19,0.8726911436330557,0.8207540708365708,0.8467226072348133,extra_trees_weather,af6752bd03b75d71d5297438,archived_forecast,2026-02-26 12:00:00+00:00,2026-02-26 18:00:00+00:00,NOAA_GFS_operational_1p00_nearest_3h_linear_uv,2026-02-26 12:00:00+00:00,2026-02-26 18:00:00+00:00,NOAA_GFS_operational_1p00_nearest_3h_linear_uv
2026-02-27 14:00:00+00:00,2026-02-26T18:00:00+00:00,20,0.8782079558023678,0.8173304256391757,0.8477691907207718,extra_trees_weather,af6752bd03b75d71d5297438,archived_forecast,2026-02-26 12:00:00+00:00,2026-02-26 18:00:00+00:00,NOAA_GFS_operational_1p00_nearest_3h_linear_uv,2026-02-26 12:00:00+00:00,2026-02-26 18:00:00+00:00,NOAA_GFS_operational_1p00_nearest_3h_linear_uv
2026-02-27 15:00:00+00:00,2026-02-26T18:00:00+00:00,21,0.881370509914922,0.8116912660950162,0.8465308880049691,extra_trees_weather,af6752bd03b75d71d5297438,archived_forecast,2026-02-26 12:00:00+00:00,2026-02-26 18:00:00+00:00,NOAA_GFS_operational_1p00_nearest_3h_linear_uv,2026-02-26 12:00:00+00:00,2026-02-26 18:00:00+00:00,NOAA_GFS_operational_1p00_nearest_3h_linear_uv
2026-02-27 16:00:00+00:00,2026-02-26T18:00:00+00:00,22,0.8860908446727567,0.8162507710807713,0.8511708078767641,extra_trees_weather,af6752bd03b75d71d5297438,archived_forecast,2026-02-26 12:00:00+00:00,2026-02-26 18:00:00+00:00,NOAA_GFS_operational_1p00_nearest_3h_linear_uv,2026-02-26 12:00:00+00:00,2026-02-26 18:00:00+00:00,NOAA_GFS_operational_1p00_nearest_3h_linear_uv
2026-02-27 17:00:00+00:00,2026-02-26T18:00:00+00:00,23,0.8874343631912754,0.810487437747438,0.8489609004693567,extra_trees_weather,af6752bd03b75d71d5297438,archived_forecast,2026-02-26 12:00:00+00:00,2026-02-26 18:00:00+00:00,NOAA_GFS_operational_1p00_nearest_3h_linear_uv,2026-02-26 12:00:00+00:00,2026-02-26 18:00:00+00:00,NOAA_GFS_operational_1p00_nearest_3h_linear_uv
2026-02-27 18:00:00+00:00,2026-02-26T18:00:00+00:00,24,0.8979003053047174,0.8140468226680728,0.8559735639863951,extra_trees_weather,af6752bd03b75d71d5297438,archived_forecast,2026-02-26 12:00:00+00:00,2026-02-26 18:00:00+00:00,NOAA_GFS_operational_1p00_nearest_3h_linear_uv,2026-02-26 12:00:00+00:00,2026-02-26 18:00:00+00:00,NOAA_GFS_operational_1p00_nearest_3h_linear_uv
2026-02-27 19:00:00+00:00,2026-02-26T18:00:00+00:00,25,0.8980577590084211,0.8216794994357495,0.8598686292220854,extra_trees_weather,af6752bd03b75d71d5297438,archived_forecast,2026-02-26 12:00:00+00:00,2026-02-26 18:00:00+00:00,NOAA_GFS_operational_1p00_nearest_3h_linear_uv,2026-02-26 12:00:00+00:00,2026-02-26 18:00:00+00:00,NOAA_GFS_operational_1p00_nearest_3h_linear_uv
2026-02-27 20:00:00+00:00,2026-02-26T18:00:00+00:00,26,0.8981871108602729,0.8180725002775004,0.8581298055688866,extra_trees_weather,af6752bd03b75d71d5297438,archived_forecast,2026-02-26 12:00:00+00:00,2026-02-26 18:00:00+00:00,NOAA_GFS_operational_1p00_nearest_3h_linear_uv,2026-02-26 12:00:00+00:00,2026-02-26 18:00:00+00:00,NOAA_GFS_operational_1p00_nearest_3h_linear_uv
2026-02-27 21:00:00+00:00,2026-02-26T18:00:00+00:00,27,0.893969614976527,0.8081555003792505,0.8510625576778889,extra_trees_weather,af6752bd03b75d71d5297438,archived_forecast,2026-02-26 12:00:00+00:00,2026-02-26 18:00:00+00:00,NOAA_GFS_operational_1p00_nearest_3h_linear_uv,2026-02-26 12:00:00+00:00,2026-02-26 18:00:00+00:00,NOAA_GFS_operational_1p00_nearest_3h_linear_uv
2026-02-27 22:00:00+00:00,2026-02-26T18:00:00+00:00,28,0.878589380072542,0.7967193225755729,0.8376543513240575,extra_trees_weather,af6752bd03b75d71d5297438,archived_forecast,2026-02-26 12:00:00+00:00,2026-02-26 18:00:00+00:00,NOAA_GFS_operational_1p00_nearest_3h_linear_uv,2026-02-26 12:00:00+00:00,2026-02-26 18:00:00+00:00,NOAA_GFS_operational_1p00_nearest_3h_linear_uv
2026-02-27 23:00:00+00:00,2026-02-26T18:00:00+00:00,29,0.8721145784852404,0.7907133905446407,0.8314139845149406,extra_trees_weather,af6752bd03b75d71d5297438,archived_forecast,2026-02-26 12:00:00+00:00,2026-02-26 18:00:00+00:00,NOAA_GFS_operational_1p00_nearest_3h_linear_uv,2026-02-26 12:00:00+00:00,2026-02-26 18:00:00+00:00,NOAA_GFS_operational_1p00_nearest_3h_linear_uv
2026-02-28 00:00:00+00:00,2026-02-26T18:00:00+00:00,30,0.869331245151907,0.7864445016557519,0.8278878734038295,extra_trees_weather,af6752bd03b75d71d5297438,archived_forecast,2026-02-26 12:00:00+00:00,2026-02-26 18:00:00+00:00,NOAA_GFS_operational_1p00_nearest_3h_linear_uv,2026-02-26 12:00:00+00:00,2026-02-26 18:00:00+00:00,NOAA_GFS_operational_1p00_nearest_3h_linear_uv
2026-02-28 01:00:00+00:00,2026-02-26T18:00:00+00:00,31,0.86862675797242,0.778021178774929,0.8233239683736745,extra_trees_weather,af6752bd03b75d71d5297438,archived_forecast,2026-02-26 12:00:00+00:00,2026-02-26 18:00:00+00:00,NOAA_GFS_operational_1p00_nearest_3h_linear_uv,2026-02-26 12:00:00+00:00,2026-02-26 18:00:00+00:00,NOAA_GFS_operational_1p00_nearest_3h_linear_uv
2026-02-28 02:00:00+00:00,2026-02-26T18:00:00+00:00,32,0.8648828817097935,0.7677555612443113,0.8163192214770524,extra_trees_weather,af6752bd03b75d71d5297438,archived_forecast,2026-02-26 12:00:00+00:00,2026-02-26 18:00:00+00:00,NOAA_GFS_operational_1p00_nearest_3h_linear_uv,2026-02-26 12:00:00+00:00,2026-02-26 18:00:00+00:00,NOAA_GFS_operational_1p00_nearest_3h_linear_uv
2026-02-28 03:00:00+00:00,2026-02-26T18:00:00+00:00,33,0.8665539663658782,0.764332150950901,0.8154430586583896,extra_trees_weather,af6752bd03b75d71d5297438,archived_forecast,2026-02-26 12:00:00+00:00,2026-02-26 18:00:00+00:00,NOAA_GFS_operational_1p00_nearest_3h_linear_uv,2026-02-26 12:00:00+00:00,2026-02-26 18:00:00+00:00,NOAA_GFS_operational_1p00_nearest_3h_linear_uv
2026-02-28 04:00:00+00:00,2026-02-26T18:00:00+00:00,34,0.8660974848843968,0.778417092722093,0.8222572888032448,extra_trees_weather,af6752bd03b75d71d5297438,archived_forecast,2026-02-26 12:00:00+00:00,2026-02-26 18:00:00+00:00,NOAA_GFS_operational_1p00_nearest_3h_linear_uv,2026-02-26 12:00:00+00:00,2026-02-26 18:00:00+00:00,NOAA_GFS_operational_1p00_nearest_3h_linear_uv
2026-02-28 05:00:00+00:00,2026-02-26T18:00:00+00:00,35,0.8773492903012023,0.7955469971232475,0.8364481437122249,extra_trees_weather,af6752bd03b75d71d5297438,archived_forecast,2026-02-26 12:00:00+00:00,2026-02-26 18:00:00+00:00,NOAA_GFS_operational_1p00_nearest_3h_linear_uv,2026-02-26 12:00:00+00:00,2026-02-26 18:00:00+00:00,NOAA_GFS_operational_1p00_nearest_3h_linear_uv
2026-02-28 06:00:00+00:00,2026-02-26T18:00:00+00:00,36,0.8794005601887221,0.8166353564028567,0.8480179582957895,extra_trees_weather,af6752bd03b75d71d5297438,archived_forecast,2026-02-26 12:00:00+00:00,2026-02-26 18:00:00+00:00,NOAA_GFS_operational_1p00_nearest_3h_linear_uv,2026-02-26 12:00:00+00:00,2026-02-26 18:00:00+00:00,NOAA_GFS_operational_1p00_nearest_3h_linear_uv
2026-02-28 07:00:00+00:00,2026-02-26T18:00:00+00:00,37,0.8694309768553888,0.8215493700743702,0.8454901734648795,extra_trees_weather,af6752bd03b75d71d5297438,archived_forecast,2026-02-26 12:00:00+00:00,2026-02-26 18:00:00+00:00,NOAA_GFS_operational_1p00_nearest_3h_linear_uv,2026-02-26 12:00:00+00:00,2026-02-26 18:00:00+00:00,NOAA_GFS_operational_1p00_nearest_3h_linear_uv
2026-02-28 08:00:00+00:00,2026-02-26T18:00:00+00:00,38,0.8732592058023678,0.8201890770340774,0.8467241414182226,extra_trees_weather,af6752bd03b75d71d5297438,archived_forecast,2026-02-26 12:00:00+00:00,2026-02-26 18:00:00+00:00,NOAA_GFS_operational_1p00_nearest_3h_linear_uv,2026-02-26 12:00:00+00:00,2026-02-26 18:00:00+00:00,NOAA_GFS_operational_1p00_nearest_3h_linear_uv
2026-02-28 09:00:00+00:00,2026-02-26T18:00:00+00:00,39,0.8739061634743257,0.8202779196266698,0.8470920415504978,extra_trees_weather,af6752bd03b75d71d5297438,archived_forecast,2026-02-26 12:00:00+00:00,2026-02-26 18:00:00+00:00,NOAA_GFS_operational_1p00_nearest_3h_linear_uv,2026-02-26 12:00:00+00:00,2026-02-26 18:00:00+00:00,NOAA_GFS_operational_1p00_nearest_3h_linear_uv
2026-02-28 10:00:00+00:00,2026-02-26T18:00:00+00:00,40,0.8836196743615865,0.7954548423335926,0.8395372583475895,extra_trees_weather,af6752bd03b75d71d5297438,archived_forecast,2026-02-26 12:00:00+00:00,2026-02-26 18:00:00+00:00,NOAA_GFS_operational_1p00_nearest_3h_linear_uv,2026-02-26 12:00:00+00:00,2026-02-26 18:00:00+00:00,NOAA_GFS_operational_1p00_nearest_3h_linear_uv
2026-02-28 11:00:00+00:00,2026-02-26T18:00:00+00:00,41,0.8679310378129497,0.7283176029825295,0.7981243203977396,extra_trees_weather,af6752bd03b75d71d5297438,archived_forecast,2026-02-26 12:00:00+00:00,2026-02-26 18:00:00+00:00,NOAA_GFS_operational_1p00_nearest_3h_linear_uv,2026-02-26 12:00:00+00:00,2026-02-26 18:00:00+00:00,NOAA_GFS_operational_1p00_nearest_3h_linear_uv
2026-02-28 12:00:00+00:00,2026-02-26T18:00:00+00:00,42,0.7645492115523366,0.7159511887948651,0.7402502001736008,extra_trees_weather,af6752bd03b75d71d5297438,archived_forecast,2026-02-26 12:00:00+00:00,2026-02-26 18:00:00+00:00,NOAA_GFS_operational_1p00_nearest_3h_linear_uv,2026-02-26 12:00:00+00:00,2026-02-26 18:00:00+00:00,NOAA_GFS_operational_1p00_nearest_3h_linear_uv
2026-02-28 13:00:00+00:00,2026-02-26T18:00:00+00:00,43,0.6653052219077217,0.6394258378195877,0.6523655298636548,extra_trees_weather,af6752bd03b75d71d5297438,archived_forecast,2026-02-26 12:00:00+00:00,2026-02-26 18:00:00+00:00,NOAA_GFS_operational_1p00_nearest_3h_linear_uv,2026-02-26 12:00:00+00:00,2026-02-26 18:00:00+00:00,NOAA_GFS_operational_1p00_nearest_3h_linear_uv
2026-02-28 14:00:00+00:00,2026-02-26T18:00:00+00:00,44,0.6660275298544047,0.651095549889925,0.6585615398721649,extra_trees_weather,af6752bd03b75d71d5297438,archived_forecast,2026-02-26 12:00:00+00:00,2026-02-26 18:00:00+00:00,NOAA_GFS_operational_1p00_nearest_3h_linear_uv,2026-02-26 12:00:00+00:00,2026-02-26 18:00:00+00:00,NOAA_GFS_operational_1p00_nearest_3h_linear_uv
2026-02-28 15:00:00+00:00,2026-02-26T18:00:00+00:00,45,0.6380900752257002,0.5920641794779296,0.6150771273518149,extra_trees_weather,af6752bd03b75d71d5297438,archived_forecast,2026-02-26 12:00:00+00:00,2026-02-26 18:00:00+00:00,NOAA_GFS_operational_1p00_nearest_3h_linear_uv,2026-02-26 12:00:00+00:00,2026-02-26 18:00:00+00:00,NOAA_GFS_operational_1p00_nearest_3h_linear_uv
2026-02-28 16:00:00+00:00,2026-02-26T18:00:00+00:00,46,0.6069896693108092,0.5443819483756984,0.5756858088432538,extra_trees_weather,af6752bd03b75d71d5297438,archived_forecast,2026-02-26 12:00:00+00:00,2026-02-26 18:00:00+00:00,NOAA_GFS_operational_1p00_nearest_3h_linear_uv,2026-02-26 12:00:00+00:00,2026-02-26 18:00:00+00:00,NOAA_GFS_operational_1p00_nearest_3h_linear_uv
2026-02-28 17:00:00+00:00,2026-02-26T18:00:00+00:00,47,0.5601547906246805,0.4711409596884596,0.51564787515657,extra_trees_weather,af6752bd03b75d71d5297438,archived_forecast,2026-02-26 12:00:00+00:00,2026-02-26 18:00:00+00:00,NOAA_GFS_operational_1p00_nearest_3h_linear_uv,2026-02-26 12:00:00+00:00,2026-02-26 18:00:00+00:00,NOAA_GFS_operational_1p00_nearest_3h_linear_uv
2026-02-28 18:00:00+00:00,2026-02-26T18:00:00+00:00,48,0.5122451058432308,0.4436436793299292,0.47794439258658,extra_trees_weather,af6752bd03b75d71d5297438,archived_forecast,2026-02-26 12:00:00+00:00,2026-02-26 18:00:00+00:00,NOAA_GFS_operational_1p00_nearest_3h_linear_uv,2026-02-26 12:00:00+00:00,2026-02-26 18:00:00+00:00,NOAA_GFS_operational_1p00_nearest_3h_linear_uv
2026-02-27 19:00:00+00:00,2026-02-27T18:00:00+00:00,1,0.886403457014119,0.8037191205553706,0.8450612887847448,extra_trees_weather,09fed0995d236f6c335b4f87,archived_forecast,2026-02-27 12:00:00+00:00,2026-02-27 18:00:00+00:00,NOAA_GFS_operational_1p00_nearest_3h_linear_uv,2026-02-27 12:00:00+00:00,2026-02-27 18:00:00+00:00,NOAA_GFS_operational_1p00_nearest_3h_linear_uv
2026-02-27 20:00:00+00:00,2026-02-27T18:00:00+00:00,2,0.8853013273844894,0.8097257655770158,0.8475135464807526,extra_trees_weather,09fed0995d236f6c335b4f87,archived_forecast,2026-02-27 12:00:00+00:00,2026-02-27 18:00:00+00:00,NOAA_GFS_operational_1p00_nearest_3h_linear_uv,2026-02-27 12:00:00+00:00,2026-02-27 18:00:00+00:00,NOAA_GFS_operational_1p00_nearest_3h_linear_uv
2026-02-27 21:00:00+00:00,2026-02-27T18:00:00+00:00,3,0.8824157914852035,0.8030932330169833,0.8427545122510934,extra_trees_weather,09fed0995d236f6c335b4f87,archived_forecast,2026-02-27 12:00:00+00:00,2026-02-27 18:00:00+00:00,NOAA_GFS_operational_1p00_nearest_3h_linear_uv,2026-02-27 12:00:00+00:00,2026-02-27 18:00:00+00:00,NOAA_GFS_operational_1p00_nearest_3h_linear_uv
2026-02-27 22:00:00+00:00,2026-02-27T18:00:00+00:00,4,0.8672009768091387,0.7848853361915864,0.8260431565003625,extra_trees_weather,09fed0995d236f6c335b4f87,archived_forecast,2026-02-27 12:00:00+00:00,2026-02-27 18:00:00+00:00,NOAA_GFS_operational_1p00_nearest_3h_linear_uv,2026-02-27 12:00:00+00:00,2026-02-27 18:00:00+00:00,NOAA_GFS_operational_1p00_nearest_3h_linear_uv
2026-02-27 23:00:00+00:00,2026-02-27T18:00:00+00:00,5,0.870974615115277,0.7766669799182301,0.8238207975167536,extra_trees_weather,09fed0995d236f6c335b4f87,archived_forecast,2026-02-27 12:00:00+00:00,2026-02-27 18:00:00+00:00,NOAA_GFS_operational_1p00_nearest_3h_linear_uv,2026-02-27 12:00:00+00:00,2026-02-27 18:00:00+00:00,NOAA_GFS_operational_1p00_nearest_3h_linear_uv
2026-02-28 00:00:00+00:00,2026-02-27T18:00:00+00:00,6,0.8681912817819437,0.7766669799182301,0.822429130850087,extra_trees_weather,09fed0995d236f6c335b4f87,archived_forecast,2026-02-27 12:00:00+00:00,2026-02-27 18:00:00+00:00,NOAA_GFS_operational_1p00_nearest_3h_linear_uv,2026-02-27 12:00:00+00:00,2026-02-27 18:00:00+00:00,NOAA_GFS_operational_1p00_nearest_3h_linear_uv
2026-02-28 01:00:00+00:00,2026-02-27T18:00:00+00:00,7,0.8681912817819437,0.7822900676638177,0.8252406747228807,extra_trees_weather,09fed0995d236f6c335b4f87,archived_forecast,2026-02-27 12:00:00+00:00,2026-02-27 18:00:00+00:00,NOAA_GFS_operational_1p00_nearest_3h_linear_uv,2026-02-27 12:00:00+00:00,2026-02-27 18:00:00+00:00,NOAA_GFS_operational_1p00_nearest_3h_linear_uv
2026-02-28 02:00:00+00:00,2026-02-27T18:00:00+00:00,8,0.8638171704765824,0.7923439866614869,0.8280805785690347,extra_trees_weather,09fed0995d236f6c335b4f87,archived_forecast,2026-02-27 12:00:00+00:00,2026-02-27 18:00:00+00:00,NOAA_GFS_operational_1p00_nearest_3h_linear_uv,2026-02-27 12:00:00+00:00,2026-02-27 18:00:00+00:00,NOAA_GFS_operational_1p00_nearest_3h_linear_uv
2026-02-28 03:00:00+00:00,2026-02-27T18:00:00+00:00,9,0.8650317736511856,0.7956009178784182,0.830316345764802,extra_trees_weather,09fed0995d236f6c335b4f87,archived_forecast,2026-02-27 12:00:00+00:00,2026-02-27 18:00:00+00:00,NOAA_GFS_operational_1p00_nearest_3h_linear_uv,2026-02-27 12:00:00+00:00,2026-02-27 18:00:00+00:00,NOAA_GFS_operational_1p00_nearest_3h_linear_uv
2026-02-28 04:00:00+00:00,2026-02-27T18:00:00+00:00,10,0.8650317736511856,0.800835060587561,0.8329334171193733,extra_trees_weather,09fed0995d236f6c335b4f87,archived_forecast,2026-02-27 12:00:00+00:00,2026-02-27 18:00:00+00:00,NOAA_GFS_operational_1p00_nearest_3h_linear_uv,2026-02-27 12:00:00+00:00,2026-02-27 18:00:00+00:00,NOAA_GFS_operational_1p00_nearest_3h_linear_uv
2026-02-28 05:00:00+00:00,2026-02-27T18:00:00+00:00,11,0.8779231624013245,0.8131408939208942,0.8455320281611093,extra_trees_weather,09fed0995d236f6c335b4f87,archived_forecast,2026-02-27 12:00:00+00:00,2026-02-27 18:00:00+00:00,NOAA_GFS_operational_1p00_nearest_3h_linear_uv,2026-02-27 12:00:00+00:00,2026-02-27 18:00:00+00:00,NOAA_GFS_operational_1p00_nearest_3h_linear_uv
2026-02-28 06:00:00+00:00,2026-02-27T18:00:00+00:00,12,0.8899433946690568,0.8332319882894886,0.8615876914792727,extra_trees_weather,09fed0995d236f6c335b4f87,archived_forecast,2026-02-27 12:00:00+00:00,2026-02-27 18:00:00+00:00,NOAA_GFS_operational_1p00_nearest_3h_linear_uv,2026-02-27 12:00:00+00:00,2026-02-27 18:00:00+00:00,NOAA_GFS_operational_1p00_nearest_3h_linear_uv
2026-02-28 07:00:00+00:00,2026-02-27T18:00:00+00:00,13,0.882002811918474,0.8323948670773673,0.8571988394979206,extra_trees_weather,09fed0995d236f6c335b4f87,archived_forecast,2026-02-27 12:00:00+00:00,2026-02-27 18:00:00+00:00,NOAA_GFS_operational_1p00_nearest_3h_linear_uv,2026-02-27 12:00:00+00:00,2026-02-27 18:00:00+00:00,NOAA_GFS_operational_1p00_nearest_3h_linear_uv
2026-02-28 08:00:00+00:00,2026-02-27T18:00:00+00:00,14,0.8831658801002921,0.8316334914159915,0.8573996857581418,extra_trees_weather,09fed0995d236f6c335b4f87,archived_forecast,2026-02-27 12:00:00+00:00,2026-02-27 18:00:00+00:00,NOAA_GFS_operational_1p00_nearest_3h_linear_uv,2026-02-27 12:00:00+00:00,2026-02-27 18:00:00+00:00,NOAA_GFS_operational_1p00_nearest_3h_linear_uv
2026-02-28 09:00:00+00:00,2026-02-27T18:00:00+00:00,15,0.8762345441214562,0.8306031673419174,0.8534188557316869,extra_trees_weather,09fed0995d236f6c335b4f87,archived_forecast,2026-02-27 12:00:00+00:00,2026-02-27 18:00:00+00:00,NOAA_GFS_operational_1p00_nearest_3h_linear_uv,2026-02-27 12:00:00+00:00,2026-02-27 18:00:00+00:00,NOAA_GFS_operational_1p00_nearest_3h_linear_uv
2026-02-28 10:00:00+00:00,2026-02-27T18:00:00+00:00,16,0.8855025599944721,0.8313645430032932,0.8584335514988826,extra_trees_weather,09fed0995d236f6c335b4f87,archived_forecast,2026-02-27 12:00:00+00:00,2026-02-27 18:00:00+00:00,NOAA_GFS_operational_1p00_nearest_3h_linear_uv,2026-02-27 12:00:00+00:00,2026-02-27 18:00:00+00:00,NOAA_GFS_operational_1p00_nearest_3h_linear_uv
2026-02-28 11:00:00+00:00,2026-02-27T18:00:00+00:00,17,0.8945150871894993,0.8353122913197913,0.8649136892546454,extra_trees_weather,09fed0995d236f6c335b4f87,archived_forecast,2026-02-27 12:00:00+00:00,2026-02-27 18:00:00+00:00,NOAA_GFS_operational_1p00_nearest_3h_linear_uv,2026-02-27 12:00:00+00:00,2026-02-27 18:00:00+00:00,NOAA_GFS_operational_1p00_nearest_3h_linear_uv
2026-02-28 12:00:00+00:00,2026-02-27T18:00:00+00:00,18,0.8916703023909645,0.8068979736467237,0.849284138018844,extra_trees_weather,09fed0995d236f6c335b4f87,archived_forecast,2026-02-27 12:00:00+00:00,2026-02-27 18:00:00+00:00,NOAA_GFS_operational_1p00_nearest_3h_linear_uv,2026-02-27 12:00:00+00:00,2026-02-27 18:00:00+00:00,NOAA_GFS_operational_1p00_nearest_3h_linear_uv
2026-02-28 13:00:00+00:00,2026-02-27T18:00:00+00:00,19,0.8729875943351312,0.7077853067765569,0.7903864505558441,extra_trees_weather,09fed0995d236f6c335b4f87,archived_forecast,2026-02-27 12:00:00+00:00,2026-02-27 18:00:00+00:00,NOAA_GFS_operational_1p00_nearest_3h_linear_uv,2026-02-27 12:00:00+00:00,2026-02-27 18:00:00+00:00,NOAA_GFS_operational_1p00_nearest_3h_linear_uv
2026-02-28 14:00:00+00:00,2026-02-27T18:00:00+00:00,20,0.6940826918451916,0.662552463948089,0.6783175778966403,extra_trees_weather,09fed0995d236f6c335b4f87,archived_forecast,2026-02-27 12:00:00+00:00,2026-02-27 18:00:00+00:00,NOAA_GFS_operational_1p00_nearest_3h_linear_uv,2026-02-27 12:00:00+00:00,2026-02-27 18:00:00+00:00,NOAA_GFS_operational_1p00_nearest_3h_linear_uv
2026-02-28 15:00:00+00:00,2026-02-27T18:00:00+00:00,21,0.662743926027676,0.6374319458088209,0.6500879359182485,extra_trees_weather,09fed0995d236f6c335b4f87,archived_forecast,2026-02-27 12:00:00+00:00,2026-02-27 18:00:00+00:00,NOAA_GFS_operational_1p00_nearest_3h_linear_uv,2026-02-27 12:00:00+00:00,2026-02-27 18:00:00+00:00,NOAA_GFS_operational_1p00_nearest_3h_linear_uv
2026-02-28 16:00:00+00:00,2026-02-27T18:00:00+00:00,22,0.6204246536565287,0.5576188242775743,0.5890217389670515,extra_trees_weather,09fed0995d236f6c335b4f87,archived_forecast,2026-02-27 12:00:00+00:00,2026-02-27 18:00:00+00:00,NOAA_GFS_operational_1p00_nearest_3h_linear_uv,2026-02-27 12:00:00+00:00,2026-02-27 18:00:00+00:00,NOAA_GFS_operational_1p00_nearest_3h_linear_uv
2026-02-28 17:00:00+00:00,2026-02-27T18:00:00+00:00,23,0.5638425833412231,0.4940166218503718,0.5289296025957974,extra_trees_weather,09fed0995d236f6c335b4f87,archived_forecast,2026-02-27 12:00:00+00:00,2026-02-27 18:00:00+00:00,NOAA_GFS_operational_1p00_nearest_3h_linear_uv,2026-02-27 12:00:00+00:00,2026-02-27 18:00:00+00:00,NOAA_GFS_operational_1p00_nearest_3h_linear_uv
2026-02-28 18:00:00+00:00,2026-02-27T18:00:00+00:00,24,0.5252651495726494,0.4420099076386574,0.4836375286056534,extra_trees_weather,09fed0995d236f6c335b4f87,archived_forecast,2026-02-27 12:00:00+00:00,2026-02-27 18:00:00+00:00,NOAA_GFS_operational_1p00_nearest_3h_linear_uv,2026-02-27 12:00:00+00:00,2026-02-27 18:00:00+00:00,NOAA_GFS_operational_1p00_nearest_3h_linear_uv
2026-02-28 19:00:00+00:00,2026-02-27T18:00:00+00:00,25,0.4351077715571463,0.4286890891747139,0.4318984303659301,extra_trees_weather,09fed0995d236f6c335b4f87,archived_forecast,2026-02-27 12:00:00+00:00,2026-02-27 18:00:00+00:00,NOAA_GFS_operational_1p00_nearest_3h_linear_uv,2026-02-27 12:00:00+00:00,2026-02-27 18:00:00+00:00,NOAA_GFS_operational_1p00_nearest_3h_linear_uv
2026-02-28 20:00:00+00:00,2026-02-27T18:00:00+00:00,26,0.4084255235042734,0.4066311415898914,0.4075283325470824,extra_trees_weather,09fed0995d236f6c335b4f87,archived_forecast,2026-02-27 12:00:00+00:00,2026-02-27 18:00:00+00:00,NOAA_GFS_operational_1p00_nearest_3h_linear_uv,2026-02-27 12:00:00+00:00,2026-02-27 18:00:00+00:00,NOAA_GFS_operational_1p00_nearest_3h_linear_uv
2026-02-28 21:00:00+00:00,2026-02-27T18:00:00+00:00,27,0.3841559596884595,0.3361181486106483,0.3601370541495539,extra_trees_weather,09fed0995d236f6c335b4f87,archived_forecast,2026-02-27 12:00:00+00:00,2026-02-27 18:00:00+00:00,NOAA_GFS_operational_1p00_nearest_3h_linear_uv,2026-02-27 12:00:00+00:00,2026-02-27 18:00:00+00:00,NOAA_GFS_operational_1p00_nearest_3h_linear_uv
2026-02-28 22:00:00+00:00,2026-02-27T18:00:00+00:00,28,0.3679260798460797,0.3192980622618121,0.3436120710539459,extra_trees_weather,09fed0995d236f6c335b4f87,archived_forecast,2026-02-27 12:00:00+00:00,2026-02-27 18:00:00+00:00,NOAA_GFS_operational_1p00_nearest_3h_linear_uv,2026-02-27 12:00:00+00:00,2026-02-27 18:00:00+00:00,NOAA_GFS_operational_1p00_nearest_3h_linear_uv
2026-02-28 23:00:00+00:00,2026-02-27T18:00:00+00:00,29,0.3751678926860176,0.3314772924991673,0.3533225925925924,extra_trees_weather,09fed0995d236f6c335b4f87,archived_forecast,2026-02-27 12:00:00+00:00,2026-02-27 18:00:00+00:00,NOAA_GFS_operational_1p00_nearest_3h_linear_uv,2026-02-27 12:00:00+00:00,2026-02-27 18:00:00+00:00,NOAA_GFS_operational_1p00_nearest_3h_linear_uv
2026-03-01 00:00:00+00:00,2026-02-27T18:00:00+00:00,30,0.3698511142098642,0.335306771168646,0.3525789426892551,extra_trees_weather,09fed0995d236f6c335b4f87,archived_forecast,2026-02-27 12:00:00+00:00,2026-02-27 18:00:00+00:00,NOAA_GFS_operational_1p00_nearest_3h_linear_uv,2026-02-27 12:00:00+00:00,2026-02-27 18:00:00+00:00,NOAA_GFS_operational_1p00_nearest_3h_linear_uv
2026-03-01 01:00:00+00:00,2026-02-27T18:00:00+00:00,31,0.3193779694148443,0.2728955672799423,0.2961367683473933,extra_trees_weather,09fed0995d236f6c335b4f87,archived_forecast,2026-02-27 12:00:00+00:00,2026-02-27 18:00:00+00:00,NOAA_GFS_operational_1p00_nearest_3h_linear_uv,2026-02-27 12:00:00+00:00,2026-02-27 18:00:00+00:00,NOAA_GFS_operational_1p00_nearest_3h_linear_uv
2026-03-01 02:00:00+00:00,2026-02-27T18:00:00+00:00,32,0.2663023787555036,0.2406911843018093,0.2534967815286565,extra_trees_weather,09fed0995d236f6c335b4f87,archived_forecast,2026-02-27 12:00:00+00:00,2026-02-27 18:00:00+00:00,NOAA_GFS_operational_1p00_nearest_3h_linear_uv,2026-02-27 12:00:00+00:00,2026-02-27 18:00:00+00:00,NOAA_GFS_operational_1p00_nearest_3h_linear_uv
2026-03-01 03:00:00+00:00,2026-02-27T18:00:00+00:00,33,0.2296300820707069,0.1757030259092758,0.2026665539899914,extra_trees_weather,09fed0995d236f6c335b4f87,archived_forecast,2026-02-27 12:00:00+00:00,2026-02-27 18:00:00+00:00,NOAA_GFS_operational_1p00_nearest_3h_linear_uv,2026-02-27 12:00:00+00:00,2026-02-27 18:00:00+00:00,NOAA_GFS_operational_1p00_nearest_3h_linear_uv
2026-03-01 04:00:00+00:00,2026-02-27T18:00:00+00:00,34,0.2435015550421798,0.2080306365393865,0.2257660957907831,extra_trees_weather,09fed0995d236f6c335b4f87,archived_forecast,2026-02-27 12:00:00+00:00,2026-02-27 18:00:00+00:00,NOAA_GFS_operational_1p00_nearest_3h_linear_uv,2026-02-27 12:00:00+00:00,2026-02-27 18:00:00+00:00,NOAA_GFS_operational_1p00_nearest_3h_linear_uv
2026-03-01 05:00:00+00:00,2026-02-27T18:00:00+00:00,35,0.3142791269841269,0.2807088237688237,0.2974939753764753,extra_trees_weather,09fed0995d236f6c335b4f87,archived_forecast,2026-02-27 12:00:00+00:00,2026-02-27 18:00:00+00:00,NOAA_GFS_operational_1p00_nearest_3h_linear_uv,2026-02-27 12:00:00+00:00,2026-02-27 18:00:00+00:00,NOAA_GFS_operational_1p00_nearest_3h_linear_uv
2026-03-01 06:00:00+00:00,2026-02-27T18:00:00+00:00,36,0.4031360933973433,0.3613920809977058,0.3822640871975245,extra_trees_weather,09fed0995d236f6c335b4f87,archived_forecast,2026-02-27 12:00:00+00:00,2026-02-27 18:00:00+00:00,NOAA_GFS_operational_1p00_nearest_3h_linear_uv,2026-02-27 12:00:00+00:00,2026-02-27 18:00:00+00:00,NOAA_GFS_operational_1p00_nearest_3h_linear_uv
2026-03-01 07:00:00+00:00,2026-02-27T18:00:00+00:00,37,0.3641796438746438,0.3352789197145446,0.3497292817945942,extra_trees_weather,09fed0995d236f6c335b4f87,archived_forecast,2026-02-27 12:00:00+00:00,2026-02-27 18:00:00+00:00,NOAA_GFS_operational_1p00_nearest_3h_linear_uv,2026-02-27 12:00:00+00:00,2026-02-27 18:00:00+00:00,NOAA_GFS_operational_1p00_nearest_3h_linear_uv
2026-03-01 08:00:00+00:00,2026-02-27T18:00:00+00:00,38,0.333620986143486,0.322989385891886,0.328305186017686,extra_trees_weather,09fed0995d236f6c335b4f87,archived_forecast,2026-02-27 12:00:00+00:00,2026-02-27 18:00:00+00:00,NOAA_GFS_operational_1p00_nearest_3h_linear_uv,2026-02-27 12:00:00+00:00,2026-02-27 18:00:00+00:00,NOAA_GFS_operational_1p00_nearest_3h_linear_uv
2026-03-01 09:00:00+00:00,2026-02-27T18:00:00+00:00,39,0.2845877679033928,0.2746838628501129,0.2796358153767529,extra_trees_weather,09fed0995d236f6c335b4f87,archived_forecast,2026-02-27 12:00:00+00:00,2026-02-27 18:00:00+00:00,NOAA_GFS_operational_1p00_nearest_3h_linear_uv,2026-02-27 12:00:00+00:00,2026-02-27 18:00:00+00:00,NOAA_GFS_operational_1p00_nearest_3h_linear_uv
2026-03-01 10:00:00+00:00,2026-02-27T18:00:00+00:00,40,0.1442188554269804,0.1294538509869759,0.1368363532069782,extra_trees_weather,09fed0995d236f6c335b4f87,archived_forecast,2026-02-27 12:00:00+00:00,2026-02-27 18:00:00+00:00,NOAA_GFS_operational_1p00_nearest_3h_linear_uv,2026-02-27 12:00:00+00:00,2026-02-27 18:00:00+00:00,NOAA_GFS_operational_1p00_nearest_3h_linear_uv
2026-03-01 11:00:00+00:00,2026-02-27T18:00:00+00:00,41,0.1219889218189217,0.1497378973341473,0.1358634095765345,extra_trees_weather,09fed0995d236f6c335b4f87,archived_forecast,2026-02-27 12:00:00+00:00,2026-02-27 18:00:00+00:00,NOAA_GFS_operational_1p00_nearest_3h_linear_uv,2026-02-27 12:00:00+00:00,2026-02-27 18:00:00+00:00,NOAA_GFS_operational_1p00_nearest_3h_linear_uv
2026-03-01 12:00:00+00:00,2026-02-27T18:00:00+00:00,42,0.1551615527990528,0.1778862566600066,0.1665239047295297,extra_trees_weather,09fed0995d236f6c335b4f87,archived_forecast,2026-02-27 12:00:00+00:00,2026-02-27 18:00:00+00:00,NOAA_GFS_operational_1p00_nearest_3h_linear_uv,2026-02-27 12:00:00+00:00,2026-02-27 18:00:00+00:00,NOAA_GFS_operational_1p00_nearest_3h_linear_uv
2026-03-01 13:00:00+00:00,2026-02-27T18:00:00+00:00,43,0.1705869923594923,0.185616093073593,0.1781015427165427,extra_trees_weather,09fed0995d236f6c335b4f87,archived_forecast,2026-02-27 12:00:00+00:00,2026-02-27 18:00:00+00:00,NOAA_GFS_operational_1p00_nearest_3h_linear_uv,2026-02-27 12:00:00+00:00,2026-02-27 18:00:00+00:00,NOAA_GFS_operational_1p00_nearest_3h_linear_uv
2026-03-01 14:00:00+00:00,2026-02-27T18:00:00+00:00,44,0.248964324980575,0.2154863627576127,0.2322253438690938,extra_trees_weather,09fed0995d236f6c335b4f87,archived_forecast,2026-02-27 12:00:00+00:00,2026-02-27 18:00:00+00:00,NOAA_GFS_operational_1p00_nearest_3h_linear_uv,2026-02-27 12:00:00+00:00,2026-02-27 18:00:00+00:00,NOAA_GFS_operational_1p00_nearest_3h_linear_uv
2026-03-01 15:00:00+00:00,2026-02-27T18:00:00+00:00,45,0.5685568472486118,0.5281641382528142,0.548360492750713,extra_trees_weather,09fed0995d236f6c335b4f87,archived_forecast,2026-02-27 12:00:00+00:00,2026-02-27 18:00:00+00:00,NOAA_GFS_operational_1p00_nearest_3h_linear_uv,2026-02-27 12:00:00+00:00,2026-02-27 18:00:00+00:00,NOAA_GFS_operational_1p00_nearest_3h_linear_uv
2026-03-01 16:00:00+00:00,2026-02-27T18:00:00+00:00,46,0.6127744674075924,0.5645861010585274,0.58868028423306,extra_trees_weather,09fed0995d236f6c335b4f87,archived_forecast,2026-02-27 12:00:00+00:00,2026-02-27 18:00:00+00:00,NOAA_GFS_operational_1p00_nearest_3h_linear_uv,2026-02-27 12:00:00+00:00,2026-02-27 18:00:00+00:00,NOAA_GFS_operational_1p00_nearest_3h_linear_uv
2026-03-01 17:00:00+00:00,2026-02-27T18:00:00+00:00,47,0.6499688939301441,0.6133038441950206,0.6316363690625822,extra_trees_weather,09fed0995d236f6c335b4f87,archived_forecast,2026-02-27 12:00:00+00:00,2026-02-27 18:00:00+00:00,NOAA_GFS_operational_1p00_nearest_3h_linear_uv,2026-02-27 12:00:00+00:00,2026-02-27 18:00:00+00:00,NOAA_GFS_operational_1p00_nearest_3h_linear_uv
2026-03-01 18:00:00+00:00,2026-02-27T18:00:00+00:00,48,0.7296243573556074,0.661538959658261,0.6955816585069343,extra_trees_weather,09fed0995d236f6c335b4f87,archived_forecast,2026-02-27 12:00:00+00:00,2026-02-27 18:00:00+00:00,NOAA_GFS_operational_1p00_nearest_3h_linear_uv,2026-02-27 12:00:00+00:00,2026-02-27 18:00:00+00:00,NOAA_GFS_operational_1p00_nearest_3h_linear_uv
2026-02-28 19:00:00+00:00,2026-02-28T18:00:00+00:00,1,0.361016517209642,0.3371036159904909,0.3490600666000665,extra_trees_weather,638d72d758e42d7cb5b6686d,archived_forecast,2026-02-28 12:00:00+00:00,2026-02-28 18:00:00+00:00,NOAA_GFS_operational_1p00_nearest_3h_linear_uv,2026-02-28 12:00:00+00:00,2026-02-28 18:00:00+00:00,NOAA_GFS_operational_1p00_nearest_3h_linear_uv
2026-02-28 20:00:00+00:00,2026-02-28T18:00:00+00:00,2,0.3000900258075258,0.280266528170903,0.2901782769892144,extra_trees_weather,638d72d758e42d7cb5b6686d,archived_forecast,2026-02-28 12:00:00+00:00,2026-02-28 18:00:00+00:00,NOAA_GFS_operational_1p00_nearest_3h_linear_uv,2026-02-28 12:00:00+00:00,2026-02-28 18:00:00+00:00,NOAA_GFS_operational_1p00_nearest_3h_linear_uv
2026-02-28 21:00:00+00:00,2026-02-28T18:00:00+00:00,3,0.2446333332870833,0.2173081782106781,0.2309707557488807,extra_trees_weather,638d72d758e42d7cb5b6686d,archived_forecast,2026-02-28 12:00:00+00:00,2026-02-28 18:00:00+00:00,NOAA_GFS_operational_1p00_nearest_3h_linear_uv,2026-02-28 12:00:00+00:00,2026-02-28 18:00:00+00:00,NOAA_GFS_operational_1p00_nearest_3h_linear_uv
2026-02-28 22:00:00+00:00,2026-02-28T18:00:00+00:00,4,0.2384709665103415,0.2144950281200281,0.2264829973151848,extra_trees_weather,638d72d758e42d7cb5b6686d,archived_forecast,2026-02-28 12:00:00+00:00,2026-02-28 18:00:00+00:00,NOAA_GFS_operational_1p00_nearest_3h_linear_uv,2026-02-28 12:00:00+00:00,2026-02-28 18:00:00+00:00,NOAA_GFS_operational_1p00_nearest_3h_linear_uv
2026-02-28 23:00:00+00:00,2026-02-28T18:00:00+00:00,5,0.2237958766465016,0.2154751887464387,0.2196355326964702,extra_trees_weather,638d72d758e42d7cb5b6686d,archived_forecast,2026-02-28 12:00:00+00:00,2026-02-28 18:00:00+00:00,NOAA_GFS_operational_1p00_nearest_3h_linear_uv,2026-02-28 12:00:00+00:00,2026-02-28 18:00:00+00:00,NOAA_GFS_operational_1p00_nearest_3h_linear_uv
2026-03-01 00:00:00+00:00,2026-02-28T18:00:00+00:00,6,0.2120625240731491,0.2076431382968883,0.2098528311850187,extra_trees_weather,638d72d758e42d7cb5b6686d,archived_forecast,2026-02-28 12:00:00+00:00,2026-02-28 18:00:00+00:00,NOAA_GFS_operational_1p00_nearest_3h_linear_uv,2026-02-28 12:00:00+00:00,2026-02-28 18:00:00+00:00,NOAA_GFS_operational_1p00_nearest_3h_linear_uv
2026-03-01 01:00:00+00:00,2026-02-28T18:00:00+00:00,7,0.1872180361999112,0.19242456011581,0.1898212981578606,extra_trees_weather,638d72d758e42d7cb5b6686d,archived_forecast,2026-02-28 12:00:00+00:00,2026-02-28 18:00:00+00:00,NOAA_GFS_operational_1p00_nearest_3h_linear_uv,2026-02-28 12:00:00+00:00,2026-02-28 18:00:00+00:00,NOAA_GFS_operational_1p00_nearest_3h_linear_uv
2026-03-01 02:00:00+00:00,2026-02-28T18:00:00+00:00,8,0.1379544699050948,0.1518421852221852,0.14489832756364,extra_trees_weather,638d72d758e42d7cb5b6686d,archived_forecast,2026-02-28 12:00:00+00:00,2026-02-28 18:00:00+00:00,NOAA_GFS_operational_1p00_nearest_3h_linear_uv,2026-02-28 12:00:00+00:00,2026-02-28 18:00:00+00:00,NOAA_GFS_operational_1p00_nearest_3h_linear_uv
2026-03-01 03:00:00+00:00,2026-02-28T18:00:00+00:00,9,0.1228766813048062,0.1383609656547157,0.130618823479761,extra_trees_weather,638d72d758e42d7cb5b6686d,archived_forecast,2026-02-28 12:00:00+00:00,2026-02-28 18:00:00+00:00,NOAA_GFS_operational_1p00_nearest_3h_linear_uv,2026-02-28 12:00:00+00:00,2026-02-28 18:00:00+00:00,NOAA_GFS_operational_1p00_nearest_3h_linear_uv
2026-03-01 04:00:00+00:00,2026-02-28T18:00:00+00:00,10,0.1074011552567802,0.1121078219003219,0.109754488578551,extra_trees_weather,638d72d758e42d7cb5b6686d,archived_forecast,2026-02-28 12:00:00+00:00,2026-02-28 18:00:00+00:00,NOAA_GFS_operational_1p00_nearest_3h_linear_uv,2026-02-28 12:00:00+00:00,2026-02-28 18:00:00+00:00,NOAA_GFS_operational_1p00_nearest_3h_linear_uv
2026-03-01 05:00:00+00:00,2026-02-28T18:00:00+00:00,11,0.1038046286121286,0.1126048368298368,0.1082047327209827,extra_trees_weather,638d72d758e42d7cb5b6686d,archived_forecast,2026-02-28 12:00:00+00:00,2026-02-28 18:00:00+00:00,NOAA_GFS_operational_1p00_nearest_3h_linear_uv,2026-02-28 12:00:00+00:00,2026-02-28 18:00:00+00:00,NOAA_GFS_operational_1p00_nearest_3h_linear_uv
2026-03-01 06:00:00+00:00,2026-02-28T18:00:00+00:00,12,0.1020036527824028,0.1105287927581677,0.1062662227702852,extra_trees_weather,638d72d758e42d7cb5b6686d,archived_forecast,2026-02-28 12:00:00+00:00,2026-02-28 18:00:00+00:00,NOAA_GFS_operational_1p00_nearest_3h_linear_uv,2026-02-28 12:00:00+00:00,2026-02-28 18:00:00+00:00,NOAA_GFS_operational_1p00_nearest_3h_linear_uv
2026-03-01 07:00:00+00:00,2026-02-28T18:00:00+00:00,13,0.1010163367650868,0.1073590589734339,0.1041876978692603,extra_trees_weather,638d72d758e42d7cb5b6686d,archived_forecast,2026-02-28 12:00:00+00:00,2026-02-28 18:00:00+00:00,NOAA_GFS_operational_1p00_nearest_3h_linear_uv,2026-02-28 12:00:00+00:00,2026-02-28 18:00:00+00:00,NOAA_GFS_operational_1p00_nearest_3h_linear_uv
2026-03-01 08:00:00+00:00,2026-02-28T18:00:00+00:00,14,0.1230961672355422,0.1164764748445998,0.119786321040071,extra_trees_weather,638d72d758e42d7cb5b6686d,archived_forecast,2026-02-28 12:00:00+00:00,2026-02-28 18:00:00+00:00,NOAA_GFS_operational_1p00_nearest_3h_linear_uv,2026-02-28 12:00:00+00:00,2026-02-28 18:00:00+00:00,NOAA_GFS_operational_1p00_nearest_3h_linear_uv
2026-03-01 09:00:00+00:00,2026-02-28T18:00:00+00:00,15,0.2173900629694379,0.1791803675722426,0.1982852152708403,extra_trees_weather,638d72d758e42d7cb5b6686d,archived_forecast,2026-02-28 12:00:00+00:00,2026-02-28 18:00:00+00:00,NOAA_GFS_operational_1p00_nearest_3h_linear_uv,2026-02-28 12:00:00+00:00,2026-02-28 18:00:00+00:00,NOAA_GFS_operational_1p00_nearest_3h_linear_uv
2026-03-01 10:00:00+00:00,2026-02-28T18:00:00+00:00,16,0.121176283045658,0.1158266699735449,0.1185014765096015,extra_trees_weather,638d72d758e42d7cb5b6686d,archived_forecast,2026-02-28 12:00:00+00:00,2026-02-28 18:00:00+00:00,NOAA_GFS_operational_1p00_nearest_3h_linear_uv,2026-02-28 12:00:00+00:00,2026-02-28 18:00:00+00:00,NOAA_GFS_operational_1p00_nearest_3h_linear_uv
2026-03-01 11:00:00+00:00,2026-02-28T18:00:00+00:00,17,0.1339709069634069,0.1521666270997521,0.1430687670315795,extra_trees_weather,638d72d758e42d7cb5b6686d,archived_forecast,2026-02-28 12:00:00+00:00,2026-02-28 18:00:00+00:00,NOAA_GFS_operational_1p00_nearest_3h_linear_uv,2026-02-28 12:00:00+00:00,2026-02-28 18:00:00+00:00,NOAA_GFS_operational_1p00_nearest_3h_linear_uv
2026-03-01 12:00:00+00:00,2026-02-28T18:00:00+00:00,18,0.1694573991748991,0.1929931306425056,0.1812252649087023,extra_trees_weather,638d72d758e42d7cb5b6686d,archived_forecast,2026-02-28 12:00:00+00:00,2026-02-28 18:00:00+00:00,NOAA_GFS_operational_1p00_nearest_3h_linear_uv,2026-02-28 12:00:00+00:00,2026-02-28 18:00:00+00:00,NOAA_GFS_operational_1p00_nearest_3h_linear_uv
2026-03-01 13:00:00+00:00,2026-02-28T18:00:00+00:00,19,0.2058944359806859,0.2372455258861508,0.2215699809334183,extra_trees_weather,638d72d758e42d7cb5b6686d,archived_forecast,2026-02-28 12:00:00+00:00,2026-02-28 18:00:00+00:00,NOAA_GFS_operational_1p00_nearest_3h_linear_uv,2026-02-28 12:00:00+00:00,2026-02-28 18:00:00+00:00,NOAA_GFS_operational_1p00_nearest_3h_linear_uv
2026-03-01 14:00:00+00:00,2026-02-28T18:00:00+00:00,20,0.3150786149961149,0.2931640846653346,0.3041213498307248,extra_trees_weather,638d72d758e42d7cb5b6686d,archived_forecast,2026-02-28 12:00:00+00:00,2026-02-28 18:00:00+00:00,NOAA_GFS_operational_1p00_nearest_3h_linear_uv,2026-02-28 12:00:00+00:00,2026-02-28 18:00:00+00:00,NOAA_GFS_operational_1p00_nearest_3h_linear_uv
2026-03-01 15:00:00+00:00,2026-02-28T18:00:00+00:00,21,0.6309613640757391,0.6022871930221193,0.6166242785489292,extra_trees_weather,638d72d758e42d7cb5b6686d,archived_forecast,2026-02-28 12:00:00+00:00,2026-02-28 18:00:00+00:00,NOAA_GFS_operational_1p00_nearest_3h_linear_uv,2026-02-28 12:00:00+00:00,2026-02-28 18:00:00+00:00,NOAA_GFS_operational_1p00_nearest_3h_linear_uv
2026-03-01 16:00:00+00:00,2026-02-28T18:00:00+00:00,22,0.66593201992452,0.6339825690581206,0.6499572944913203,extra_trees_weather,638d72d758e42d7cb5b6686d,archived_forecast,2026-02-28 12:00:00+00:00,2026-02-28 18:00:00+00:00,NOAA_GFS_operational_1p00_nearest_3h_linear_uv,2026-02-28 12:00:00+00:00,2026-02-28 18:00:00+00:00,NOAA_GFS_operational_1p00_nearest_3h_linear_uv
2026-03-01 17:00:00+00:00,2026-02-28T18:00:00+00:00,23,0.6645229115097864,0.6419043792386806,0.6532136453742335,extra_trees_weather,638d72d758e42d7cb5b6686d,archived_forecast,2026-02-28 12:00:00+00:00,2026-02-28 18:00:00+00:00,NOAA_GFS_operational_1p00_nearest_3h_linear_uv,2026-02-28 12:00:00+00:00,2026-02-28 18:00:00+00:00,NOAA_GFS_operational_1p00_nearest_3h_linear_uv
2026-03-01 18:00:00+00:00,2026-02-28T18:00:00+00:00,24,0.7913938761551629,0.709441081541008,0.7504174788480855,extra_trees_weather,638d72d758e42d7cb5b6686d,archived_forecast,2026-02-28 12:00:00+00:00,2026-02-28 18:00:00+00:00,NOAA_GFS_operational_1p00_nearest_3h_linear_uv,2026-02-28 12:00:00+00:00,2026-02-28 18:00:00+00:00,NOAA_GFS_operational_1p00_nearest_3h_linear_uv
2026-03-01 19:00:00+00:00,2026-02-28T18:00:00+00:00,25,0.8302919629063745,0.7738366516190784,0.8020643072627264,extra_trees_weather,638d72d758e42d7cb5b6686d,archived_forecast,2026-02-28 12:00:00+00:00,2026-02-28 18:00:00+00:00,NOAA_GFS_operational_1p00_nearest_3h_linear_uv,2026-02-28 12:00:00+00:00,2026-02-28 18:00:00+00:00,NOAA_GFS_operational_1p00_nearest_3h_linear_uv
2026-03-01 20:00:00+00:00,2026-02-28T18:00:00+00:00,26,0.7944261047979795,0.7695666347840614,0.7819963697910205,extra_trees_weather,638d72d758e42d7cb5b6686d,archived_forecast,2026-02-28 12:00:00+00:00,2026-02-28 18:00:00+00:00,NOAA_GFS_operational_1p00_nearest_3h_linear_uv,2026-02-28 12:00:00+00:00,2026-02-28 18:00:00+00:00,NOAA_GFS_operational_1p00_nearest_3h_linear_uv
2026-03-01 21:00:00+00:00,2026-02-28T18:00:00+00:00,27,0.7691194850288601,0.7469009275746042,0.7580102063017322,extra_trees_weather,638d72d758e42d7cb5b6686d,archived_forecast,2026-02-28 12:00:00+00:00,2026-02-28 18:00:00+00:00,NOAA_GFS_operational_1p00_nearest_3h_linear_uv,2026-02-28 12:00:00+00:00,2026-02-28 18:00:00+00:00,NOAA_GFS_operational_1p00_nearest_3h_linear_uv
2026-03-01 22:00:00+00:00,2026-02-28T18:00:00+00:00,28,0.6827219292281795,0.6784519252806018,0.6805869272543907,extra_trees_weather,638d72d758e42d7cb5b6686d,archived_forecast,2026-02-28 12:00:00+00:00,2026-02-28 18:00:00+00:00,NOAA_GFS_operational_1p00_nearest_3h_linear_uv,2026-02-28 12:00:00+00:00,2026-02-28 18:00:00+00:00,NOAA_GFS_operational_1p00_nearest_3h_linear_uv
2026-03-01 23:00:00+00:00,2026-02-28T18:00:00+00:00,29,0.6570774523162025,0.6699976071450335,0.663537529730618,extra_trees_weather,638d72d758e42d7cb5b6686d,archived_forecast,2026-02-28 12:00:00+00:00,2026-02-28 18:00:00+00:00,NOAA_GFS_operational_1p00_nearest_3h_linear_uv,2026-02-28 12:00:00+00:00,2026-02-28 18:00:00+00:00,NOAA_GFS_operational_1p00_nearest_3h_linear_uv
2026-03-02 00:00:00+00:00,2026-02-28T18:00:00+00:00,30,0.6266342596292596,0.6454786902286167,0.6360564749289381,extra_trees_weather,638d72d758e42d7cb5b6686d,archived_forecast,2026-02-28 12:00:00+00:00,2026-02-28 18:00:00+00:00,NOAA_GFS_operational_1p00_nearest_3h_linear_uv,2026-02-28 12:00:00+00:00,2026-02-28 18:00:00+00:00,NOAA_GFS_operational_1p00_nearest_3h_linear_uv
2026-03-02 01:00:00+00:00,2026-02-28T18:00:00+00:00,31,0.5934206198199948,0.561167586771888,0.5772941032959416,extra_trees_weather,638d72d758e42d7cb5b6686d,archived_forecast,2026-02-28 12:00:00+00:00,2026-02-28 18:00:00+00:00,NOAA_GFS_operational_1p00_nearest_3h_linear_uv,2026-02-28 12:00:00+00:00,2026-02-28 18:00:00+00:00,NOAA_GFS_operational_1p00_nearest_3h_linear_uv
2026-03-02 02:00:00+00:00,2026-02-28T18:00:00+00:00,32,0.539234542980168,0.5321650200793215,0.5356997815297448,extra_trees_weather,638d72d758e42d7cb5b6686d,archived_forecast,2026-02-28 12:00:00+00:00,2026-02-28 18:00:00+00:00,NOAA_GFS_operational_1p00_nearest_3h_linear_uv,2026-02-28 12:00:00+00:00,2026-02-28 18:00:00+00:00,NOAA_GFS_operational_1p00_nearest_3h_linear_uv
2026-03-02 03:00:00+00:00,2026-02-28T18:00:00+00:00,33,0.5278007202288452,0.5333852908270923,0.5305930055279688,extra_trees_weather,638d72d758e42d7cb5b6686d,archived_forecast,2026-02-28 12:00:00+00:00,2026-02-28 18:00:00+00:00,NOAA_GFS_operational_1p00_nearest_3h_linear_uv,2026-02-28 12:00:00+00:00,2026-02-28 18:00:00+00:00,NOAA_GFS_operational_1p00_nearest_3h_linear_uv
2026-03-02 04:00:00+00:00,2026-02-28T18:00:00+00:00,34,0.6028430088892587,0.6184563413043928,0.6106496750968257,extra_trees_weather,638d72d758e42d7cb5b6686d,archived_forecast,2026-02-28 12:00:00+00:00,2026-02-28 18:00:00+00:00,NOAA_GFS_operational_1p00_nearest_3h_linear_uv,2026-02-28 12:00:00+00:00,2026-02-28 18:00:00+00:00,NOAA_GFS_operational_1p00_nearest_3h_linear_uv
2026-03-02 05:00:00+00:00,2026-02-28T18:00:00+00:00,35,0.6086941568616568,0.6480405573429837,0.6283673571023202,extra_trees_weather,638d72d758e42d7cb5b6686d,archived_forecast,2026-02-28 12:00:00+00:00,2026-02-28 18:00:00+00:00,NOAA_GFS_operational_1p00_nearest_3h_linear_uv,2026-02-28 12:00:00+00:00,2026-02-28 18:00:00+00:00,NOAA_GFS_operational_1p00_nearest_3h_linear_uv
2026-03-02 06:00:00+00:00,2026-02-28T18:00:00+00:00,36,0.7658655133836751,0.7355506802756067,0.7507080968296409,extra_trees_weather,638d72d758e42d7cb5b6686d,archived_forecast,2026-02-28 12:00:00+00:00,2026-02-28 18:00:00+00:00,NOAA_GFS_operational_1p00_nearest_3h_linear_uv,2026-02-28 12:00:00+00:00,2026-02-28 18:00:00+00:00,NOAA_GFS_operational_1p00_nearest_3h_linear_uv
2026-03-02 07:00:00+00:00,2026-02-28T18:00:00+00:00,37,0.60555898009398,0.6397788733787998,0.6226689267363898,extra_trees_weather,638d72d758e42d7cb5b6686d,archived_forecast,2026-02-28 12:00:00+00:00,2026-02-28 18:00:00+00:00,NOAA_GFS_operational_1p00_nearest_3h_linear_uv,2026-02-28 12:00:00+00:00,2026-02-28 18:00:00+00:00,NOAA_GFS_operational_1p00_nearest_3h_linear_uv
2026-03-02 08:00:00+00:00,2026-02-28T18:00:00+00:00,38,0.5884652770377771,0.6128973500641515,0.6006813135509643,extra_trees_weather,638d72d758e42d7cb5b6686d,archived_forecast,2026-02-28 12:00:00+00:00,2026-02-28 18:00:00+00:00,NOAA_GFS_operational_1p00_nearest_3h_linear_uv,2026-02-28 12:00:00+00:00,2026-02-28 18:00:00+00:00,NOAA_GFS_operational_1p00_nearest_3h_linear_uv
2026-03-02 09:00:00+00:00,2026-02-28T18:00:00+00:00,39,0.5986029196960448,0.5918104644497658,0.5952066920729053,extra_trees_weather,638d72d758e42d7cb5b6686d,archived_forecast,2026-02-28 12:00:00+00:00,2026-02-28 18:00:00+00:00,NOAA_GFS_operational_1p00_nearest_3h_linear_uv,2026-02-28 12:00:00+00:00,2026-02-28 18:00:00+00:00,NOAA_GFS_operational_1p00_nearest_3h_linear_uv
2026-03-02 10:00:00+00:00,2026-02-28T18:00:00+00:00,40,0.3906345229062875,0.4162016474266472,0.4034180851664674,extra_trees_weather,638d72d758e42d7cb5b6686d,archived_forecast,2026-02-28 12:00:00+00:00,2026-02-28 18:00:00+00:00,NOAA_GFS_operational_1p00_nearest_3h_linear_uv,2026-02-28 12:00:00+00:00,2026-02-28 18:00:00+00:00,NOAA_GFS_operational_1p00_nearest_3h_linear_uv
2026-03-02 11:00:00+00:00,2026-02-28T18:00:00+00:00,41,0.1605902532652532,0.1535857403013652,0.1570879967833092,extra_trees_weather,638d72d758e42d7cb5b6686d,archived_forecast,2026-02-28 12:00:00+00:00,2026-02-28 18:00:00+00:00,NOAA_GFS_operational_1p00_nearest_3h_linear_uv,2026-02-28 12:00:00+00:00,2026-02-28 18:00:00+00:00,NOAA_GFS_operational_1p00_nearest_3h_linear_uv
2026-03-02 12:00:00+00:00,2026-02-28T18:00:00+00:00,42,0.1897559344590593,0.2181258678589928,0.2039409011590261,extra_trees_weather,638d72d758e42d7cb5b6686d,archived_forecast,2026-02-28 12:00:00+00:00,2026-02-28 18:00:00+00:00,NOAA_GFS_operational_1p00_nearest_3h_linear_uv,2026-02-28 12:00:00+00:00,2026-02-28 18:00:00+00:00,NOAA_GFS_operational_1p00_nearest_3h_linear_uv
2026-03-02 13:00:00+00:00,2026-02-28T18:00:00+00:00,43,0.2248994925676175,0.276333311063936,0.2506164018157767,extra_trees_weather,638d72d758e42d7cb5b6686d,archived_forecast,2026-02-28 12:00:00+00:00,2026-02-28 18:00:00+00:00,NOAA_GFS_operational_1p00_nearest_3h_linear_uv,2026-02-28 12:00:00+00:00,2026-02-28 18:00:00+00:00,NOAA_GFS_operational_1p00_nearest_3h_linear_uv
2026-03-02 14:00:00+00:00,2026-02-28T18:00:00+00:00,44,0.2383580067617567,0.2883234989316239,0.2633407528466902,extra_trees_weather,638d72d758e42d7cb5b6686d,archived_forecast,2026-02-28 12:00:00+00:00,2026-02-28 18:00:00+00:00,NOAA_GFS_operational_1p00_nearest_3h_linear_uv,2026-02-28 12:00:00+00:00,2026-02-28 18:00:00+00:00,NOAA_GFS_operational_1p00_nearest_3h_linear_uv
2026-03-02 15:00:00+00:00,2026-02-28T18:00:00+00:00,45,0.2412133174001923,0.278904244066119,0.2600587807331556,extra_trees_weather,638d72d758e42d7cb5b6686d,archived_forecast,2026-02-28 12:00:00+00:00,2026-02-28 18:00:00+00:00,NOAA_GFS_operational_1p00_nearest_3h_linear_uv,2026-02-28 12:00:00+00:00,2026-02-28 18:00:00+00:00,NOAA_GFS_operational_1p00_nearest_3h_linear_uv
2026-03-02 16:00:00+00:00,2026-02-28T18:00:00+00:00,46,0.2300524785399784,0.2685943196155695,0.249323399077774,extra_trees_weather,638d72d758e42d7cb5b6686d,archived_forecast,2026-02-28 12:00:00+00:00,2026-02-28 18:00:00+00:00,NOAA_GFS_operational_1p00_nearest_3h_linear_uv,2026-02-28 12:00:00+00:00,2026-02-28 18:00:00+00:00,NOAA_GFS_operational_1p00_nearest_3h_linear_uv
2026-03-02 17:00:00+00:00,2026-02-28T18:00:00+00:00,47,0.2327824560393309,0.2541825085562585,0.2434824822977947,extra_trees_weather,638d72d758e42d7cb5b6686d,archived_forecast,2026-02-28 12:00:00+00:00,2026-02-28 18:00:00+00:00,NOAA_GFS_operational_1p00_nearest_3h_linear_uv,2026-02-28 12:00:00+00:00,2026-02-28 18:00:00+00:00,NOAA_GFS_operational_1p00_nearest_3h_linear_uv
2026-03-02 18:00:00+00:00,2026-02-28T18:00:00+00:00,48,0.2427188233756984,0.2467281295556295,0.2447234764656639,extra_trees_weather,638d72d758e42d7cb5b6686d,archived_forecast,2026-02-28 12:00:00+00:00,2026-02-28 18:00:00+00:00,NOAA_GFS_operational_1p00_nearest_3h_linear_uv,2026-02-28 12:00:00+00:00,2026-02-28 18:00:00+00:00,NOAA_GFS_operational_1p00_nearest_3h_linear_uv
